date,close,volume
2018-04-17,0.2426,17411823.5715796
2018-04-18,0.262,7922134.2830433
2018-04-19,0.27004,13609907.8997887
2018-04-20,0.30108,20270887.7035135
2018-04-21,0.28668,26539390.1272096
2018-04-22,0.2816,13995484.4068116
2018-04-23,0.28788,9788784.216761
2018-04-24,0.30853,27728564.2693527
2018-04-25,0.2687,34935280.9171051
2018-04-26,0.29326,18704063.4600531
2018-04-27,0.28445,20504315.2829051
2018-04-28,0.35676,56407387.7275342
2018-04-29,0.36254,59607359.481852
2018-04-30,0.34145,32338238.1086064
2018-05-01,0.35504,40859083.9958413
2018-05-02,0.37199,23759298.7286126
2018-05-03,0.36716,32983955.9240044
2018-05-04,0.358,20199051.7838262
2018-05-05,0.36502,17211963.4002311
2018-05-06,0.34654,22202800.2271052
2018-05-07,0.33046,20855267.8506013
2018-05-08,0.32213,14851982.5077905
2018-05-09,0.31884,18957201.2202262
2018-05-10,0.29121,11849062.0616673
2018-05-11,0.25573,37716105.251147
2018-05-12,0.2655,37755754.0938769
2018-05-13,0.27718,21946942.4071435
2018-05-14,0.26655,24211870.7573898
2018-05-15,0.25394,12032089.9021738
2018-05-16,0.25237,12799326.8799419
2018-05-17,0.23919,10013492.9380912
2018-05-18,0.24324,9979718.3284922
2018-05-19,0.24116,7905841.5526442
2018-05-20,0.25556,11840033.9939739
2018-05-21,0.24563,10487356.6986359
2018-05-22,0.22,10824531.9480532
2018-05-23,0.1978,22651868.6389923
2018-05-24,0.2073,15619668.8393567
2018-05-25,0.19788,15042769.6992857
2018-05-26,0.19504,15025229.8826665
2018-05-27,0.19186,13321221.3740613
2018-05-28,0.17249,17761407.2286479
2018-05-29,0.20164,29484111.3453362
2018-05-30,0.20779,35159335.4165567
2018-05-31,0.2233,36816251.2682566
2018-06-01,0.22038,26449032.076962
2018-06-02,0.22648,25188851.9786237
2018-06-03,0.22659,27239878.8446135
2018-06-04,0.21243,25442053.9197218
2018-06-05,0.21839,26603749.0264466
2018-06-06,0.21452,20492327.4321965
2018-06-07,0.21019,18813214.989581
2018-06-08,0.2043,18054928.0713757
2018-06-09,0.2011,15907932.1780128
2018-06-10,0.17346,26299148.2678705
2018-06-11,0.17897,15313409.3880698
2018-06-12,0.16297,15698398.0728785
2018-06-13,0.15791,19368912.2730441
2018-06-14,0.17062,33697548.929012
2018-06-15,0.16097,18948487.000284
2018-06-16,0.16191,12764446.973738
2018-06-17,0.16044,13575832.100952
2018-06-18,0.1637,17174549.76808
2018-06-19,0.167,15231501.320041
2018-06-20,0.16182,16214788.57784
2018-06-21,0.15779,13030421.877281
2018-06-22,0.13843,18900553.6222457
2018-06-23,0.1371,12031629.064868
2018-06-24,0.13093,18339842.4463629
2018-06-25,0.13521,15029140.802906
2018-06-26,0.12519,8332822.367765
2018-06-27,0.12752,11836952.244027
2018-06-28,0.11825,12274562.795043
2018-06-29,0.12534,15077120.150544
2018-06-30,0.13784,22119921.036667
2018-07-01,0.14211,21470960.332265
2018-07-02,0.15448,28182795.046114
2018-07-03,0.14966,28543767.432258
2018-07-04,0.15112,15877090.214936
2018-07-05,0.14736,18668509.69914
2018-07-06,0.14501,13705010.594524
2018-07-07,0.14783,12733744.374121
2018-07-08,0.14481,13605680.522685
2018-07-09,0.13935,10806388.557995
2018-07-10,0.12814,14705036.468821
2018-07-11,0.13144,12938143.576471
2018-07-12,0.1275,10826108.821345
2018-07-13,0.13768,20386084.275198
2018-07-14,0.1365,15709436.490059
2018-07-15,0.14227,15336572.627721
2018-07-16,0.15655,22530513.272254
2018-07-17,0.17136,34486695.684543
2018-07-18,0.18053,76064597.3881134
2018-07-19,0.18191,51344983.977718
2018-07-20,0.16129,43743580.190068
2018-07-21,0.16327,28648235.157121
2018-07-22,0.16916,32449318.578017
2018-07-23,0.16423,33628174.78472
2018-07-24,0.17349,41008030.207792
2018-07-25,0.17275,30296987.580209
2018-07-26,0.164,25320711.344224
2018-07-27,0.1659,27037783.027306
2018-07-28,0.1641,15278409.55939
2018-07-29,0.16268,14038575.980848
2018-07-30,0.15327,18356726.947462
2018-07-31,0.14175,20066629.304089
2018-08-01,0.13984,17478129.620577
2018-08-02,0.13039,17601744.110831
2018-08-03,0.12947,17849122.11939
2018-08-04,0.12639,13088694.258485
2018-08-05,0.13024,12348494.264628
2018-08-06,0.12937,13503375.369292
2018-08-07,0.12365,15089313.738881
2018-08-08,0.11292,19137563.2446832
2018-08-09,0.12213,21251907.063061
2018-08-10,0.11485,19258388.588492
2018-08-11,0.11022,14807890.298088
2018-08-12,0.11153,9497076.504775
2018-08-13,0.10104,12797213.3898887
2018-08-14,0.0935,16208312.7285338
2018-08-15,0.09361,17948100.308979
2018-08-16,0.0946,11758177.218826
2018-08-17,0.11,23758690.35483
2018-08-18,0.09831,22016591.83222
2018-08-19,0.10143,12386039.552917
2018-08-20,0.09174,13220183.10017
2018-08-21,0.09469,12298393.666818
2018-08-22,0.08955,17793823.9242
2018-08-23,0.09232,11585684.675941
2018-08-24,0.09381,11280118.487447
2018-08-25,0.09413,11474799.329166
2018-08-26,0.09306,9831305.251927
2018-08-27,0.10051,16093712.169324
2018-08-28,0.10555,22262997.831306
2018-08-29,0.10535,23388925.134558
2018-08-30,0.10066,19408874.822423
2018-08-31,0.1017,15184451.108338
2018-09-01,0.10699,21017943.908541
2018-09-02,0.10499,16827126.402316
2018-09-03,0.10352,11665701.899327
2018-09-04,0.10521,14732214.847808
2018-09-05,0.08637,22488281.268846
2018-09-06,0.0884,15557382.533819
2018-09-07,0.08287,11494798.96272
2018-09-08,0.07749,10678960.453958
2018-09-09,0.07601,12434244.160078
2018-09-10,0.07343,12854477.936017
2018-09-11,0.0701,12749350.505061
2018-09-12,0.06627,18112357.74507
2018-09-13,0.06951,21681012.732138
2018-09-14,0.06749,15967296.014415
2018-09-15,0.06895,10670168.257453
2018-09-16,0.06988,9662422.851053
2018-09-17,0.06347,13546342.673036
2018-09-18,0.069,15744126.550209
2018-09-19,0.07218,25819092.370935
2018-09-20,0.08089,24953393.728201
2018-09-21,0.08773,47146894.072102
2018-09-22,0.08338,18918465.521353
2018-09-23,0.08986,38081791.604101
2018-09-24,0.08241,27749292.2494
2018-09-25,0.08108,25610886.775499
2018-09-26,0.07913,20418673.889679
2018-09-27,0.08629,28942790.152682
2018-09-28,0.0839,26831854.155373
2018-09-29,0.08446,17474246.038489
2018-09-30,0.08511,16135637.353898
2018-10-01,0.08467,11499178.368819
2018-10-02,0.08224,11104554.956052
2018-10-03,0.08088,11751915.190697
2018-10-04,0.08164,10142882.796121
2018-10-05,0.08339,9644648.122994
2018-10-06,0.08151,9106937.669413
2018-10-07,0.08464,10628605.711198
2018-10-08,0.08698,15702721.363041
2018-10-09,0.08659,11653933.720829
2018-10-10,0.08542,11185503.395545
2018-10-11,0.07079,20154848.278155
2018-10-12,0.0732,12076830.525845
2018-10-13,0.07374,8200029.623978
2018-10-14,0.0717,9291731.952886
2018-10-15,0.07671,23342361.106138
2018-10-16,0.07777,8947700.331467
2018-10-17,0.07994,10372819.689639
2018-10-18,0.07668,10003399.977362
2018-10-19,0.07683,6094608.157118
2018-10-20,0.07768,7585569.132045
2018-10-21,0.07721,7634851.100753
2018-10-22,0.07731,5037407.471273
2018-10-23,0.07597,4197037.584315
2018-10-24,0.07539,3131207.86772
2018-10-25,0.07478,2402661.509562
2018-10-26,0.07471,2235986.19115
2018-10-27,0.07352,1903561.808448
2018-10-28,0.07364,1862439.045812
2018-10-29,0.07019,4218854.640109
2018-10-30,0.07007,2025340.376432
2018-10-31,0.07061,3141750.371698
2018-11-01,0.07127,2150049.557969
2018-11-02,0.07311,2818219.512989
2018-11-03,0.07177,2341982.636601
2018-11-04,0.0773,8593513.733635
2018-11-05,0.07685,4930039.431939
2018-11-06,0.08168,8327429.935832
2018-11-07,0.079,8034071.0963
2018-11-08,0.07684,7324704.974013
2018-11-09,0.07463,4650961.425604
2018-11-10,0.07548,2304643.369849
2018-11-11,0.077,3883177.13059
2018-11-12,0.07687,3797242.371848
2018-11-13,0.07465,3565039.113261
2018-11-14,0.06657,10655305.105329
2018-11-15,0.06435,11956558.538684
2018-11-16,0.06145,5693309.864614
2018-11-17,0.06123,3370869.026902
2018-11-18,0.06234,3604377.945827
2018-11-19,0.0527,11624561.601744
2018-11-20,0.04587,17529273.548563
2018-11-21,0.04839,10017106.021416
2018-11-22,0.04407,4963962.997327
2018-11-23,0.0438,5914728.89704
2018-11-24,0.039,7271683.387218
2018-11-25,0.03832,9470723.115404
2018-11-26,0.03652,9982083.163198
2018-11-27,0.03693,5574331.489133
2018-11-28,0.04222,13155676.555281
2018-11-29,0.04194,10246342.848063
2018-11-30,0.03907,7386293.273886
2018-12-01,0.04138,5104465.058992
2018-12-02,0.04187,6014693.611861
2018-12-03,0.03848,5762925.684639
2018-12-04,0.03752,6244944.50633019
2018-12-05,0.03442,8843714.500642
2018-12-06,0.03072,7014717.543877
2018-12-07,0.02975,7757754.997801
2018-12-08,0.0302,5218134.911625
2018-12-09,0.0311,4483485.809247
2018-12-10,0.02977,3700523.575542
2018-12-11,0.02931,2789231.406918
2018-12-12,0.03029,2687839.43581
2018-12-13,0.02912,2804166.039985
2018-12-14,0.02832,2314959.626711
2018-12-15,0.02807,1672104.934184
2018-12-16,0.029,2345577.983136
2018-12-17,0.03241,6393859.655933
2018-12-18,0.0343,6680061.659498
2018-12-19,0.03368,11214798.407269
2018-12-20,0.03871,11975327.256571
2018-12-21,0.04031,18563347.153046
2018-12-22,0.04156,8148803.733768
2018-12-23,0.04369,10265310.356872
2018-12-24,0.04499,15633425.663102
2018-12-25,0.04107,10861609.814895
2018-12-26,0.0406,7540037.404543
2018-12-27,0.03611,6333417.006085
2018-12-28,0.04111,6785711.928807
2018-12-29,0.04049,9519174.091648
2018-12-30,0.04263,8349087.722336
2018-12-31,0.04054,6101401.90843
2019-01-01,0.04198,4478712.30663
2019-01-02,0.04433,6964798.028115
2019-01-03,0.04205,6573566.387859
2019-01-04,0.04301,4330311.302379
2019-01-05,0.04403,7288135.685872
2019-01-06,0.04822,13182349.327877
2019-01-07,0.04755,12916895.51243
2019-01-08,0.0478,9749279.984393
2019-01-09,0.05144,13323012.390167
2019-01-10,0.04366,21777697.773199
2019-01-11,0.0433,10363742.179854
2019-01-12,0.04288,4728969.068439
2019-01-13,0.03944,6104853.612859
2019-01-14,0.04343,7914002.566906
2019-01-15,0.04201,6532255.444561
2019-01-16,0.04419,8103446.91301
2019-01-17,0.04471,10201705.566388
2019-01-18,0.04372,4075909.92622
2019-01-19,0.04515,4444933.616219
2019-01-20,0.04287,6313327.482187
2019-01-21,0.04251,3647266.716596
2019-01-22,0.04334,5207441.095803
2019-01-23,0.04266,3671751.430895
2019-01-24,0.04284,2454853.032092
2019-01-25,0.0424,1787167.132384
2019-01-26,0.04241,2433014.429656
2019-01-27,0.04087,3853898.553977
2019-01-28,0.03855,7050965.138661
2019-01-29,0.03796,4883413.231672
2019-01-30,0.03953,4400142.641488
2019-01-31,0.03824,3820079.073571
2019-02-01,0.03857,3000967.004191
2019-02-02,0.03929,2037443.572353
2019-02-03,0.03824,2378166.2743
2019-02-04,0.03799,1843376.307246
2019-02-05,0.03805,2084780.627674
2019-02-06,0.03667,3755526.666838
2019-02-07,0.03646,1957982.757412
2019-02-08,0.04072,6856186.501628
2019-02-09,0.04117,4885712.706901
2019-02-10,0.0429,4713961.005388
2019-02-11,0.04169,3614883.047972
2019-02-12,0.04173,3474407.408328
2019-02-13,0.04107,2375313.83409
2019-02-14,0.04037,2197715.271505
2019-02-15,0.04059,2094882.066711
2019-02-16,0.04101,1621235.142121
2019-02-17,0.04157,2698284.995289
2019-02-18,0.04564,10532349.756081
2019-02-19,0.04593,12334394.112939
2019-02-20,0.04748,7626735.208295
2019-02-21,0.04506,6608032.789808
2019-02-22,0.0458,4693010.978072
2019-02-23,0.04846,7675614.636546
2019-02-24,0.04156,14968036.549901
2019-02-25,0.04351,6747609.866928
2019-02-26,0.04296,4405330.346902
2019-02-27,0.04296,4191339.398694
2019-02-28,0.04287,3386040.265479
2019-03-01,0.043,2219271.247148
2019-03-02,0.04242,2356557.195798
2019-03-03,0.04206,1775845.390138
2019-03-04,0.04022,3854510.778614
2019-03-05,0.04292,5051920.532636
2019-03-06,0.04251,3219150.577447
2019-03-07,0.04275,3840271.126545
2019-03-08,0.04243,4231583.827875
2019-03-09,0.04681,10755731.449629
2019-03-10,0.04557,6766392.683101
2019-03-11,0.04732,11158516.32027
2019-03-12,0.04718,7429039.494858
2019-03-13,0.04626,6003251.357251
2019-03-14,0.04765,5865490.365755
2019-03-15,0.04988,10182223.422503
2019-03-16,0.05124,10408140.587951
2019-03-17,0.04983,5935976.742135
2019-03-18,0.04997,5132266.019013
2019-03-19,0.05205,7975860.591487
2019-03-20,0.05355,9743217.304901
2019-03-21,0.05235,15045753.622009
2019-03-22,0.05779,23806748.302597
2019-03-23,0.06349,32558812.783579
2019-03-24,0.06151,25501837.910408
2019-03-25,0.05857,18505173.793043
2019-03-26,0.0617,16198995.713613
2019-03-27,0.06697,24369776.244724
2019-03-28,0.06551,12780052.968513
2019-03-29,0.07112,22985547.010565
2019-03-30,0.0721,15692211.177662
2019-03-31,0.06989,8788334.940227
2019-04-01,0.0721,11499192.675307
2019-04-02,0.08544,38394370.75606
2019-04-03,0.09062,72236432.591799
2019-04-04,0.08716,43209913.495115
2019-04-05,0.09044,19982881.787641
2019-04-06,0.08988,16212131.624552
2019-04-07,0.0898,13007350.89958
2019-04-08,0.08604,22724007.278553
2019-04-09,0.08288,18007532.344461
2019-04-10,0.08947,20092330.955754
2019-04-11,0.08297,26564516.529464
2019-04-12,0.0825,14267905.035463
2019-04-13,0.08284,7315448.156838
2019-04-14,0.08416,8790344.138589
2019-04-15,0.0816,8440750.297367
2019-04-16,0.08271,6460153.80246
2019-04-17,0.08244,6416540.544686
2019-04-18,0.08118,8979173.04855
2019-04-19,0.07884,12576274.840924
2019-04-20,0.07597,10127867.870029
2019-04-21,0.0733,12442357.792701
2019-04-22,0.078,13408517.959686
2019-04-23,0.07351,16246588.396301
2019-04-24,0.07205,15641558.801272
2019-04-25,0.06956,14085496.580527
2019-04-26,0.06989,11278889.98489
2019-04-27,0.0705,5366990.125095
2019-04-28,0.06878,3823864.37616
2019-04-29,0.0651,6009394.369266
2019-04-30,0.0701,5280477.061436
2019-05-01,0.0688,4734643.51027
2019-05-02,0.06856,3882768.700694
2019-05-03,0.06995,10892117.523038
2019-05-04,0.06687,8284663.483763
2019-05-05,0.06603,3593855.736565
2019-05-06,0.06696,6431227.666216
2019-05-07,0.06412,6176099.539408
2019-05-08,0.0647,4396669.59889
2019-05-09,0.06169,5775209.854912
2019-05-10,0.06314,9882638.191481
2019-05-11,0.0739,24538296.532956
2019-05-12,0.07022,20539673.816362
2019-05-13,0.0727,15823770.726147
2019-05-14,0.08448,28240370.902154
2019-05-15,0.0939,20535477.512948
2019-05-16,0.08802,42417304.882348
2019-05-17,0.08275,28751546.036868
2019-05-18,0.07872,13118216.517998
2019-05-19,0.08613,21101089.897756
2019-05-20,0.08439,18050083.143127
2019-05-21,0.08403,10971085.622295
2019-05-22,0.07749,10830609.776519
2019-05-23,0.08034,11313250.178336
2019-05-24,0.08062,10874704.698047
2019-05-25,0.08006,6797303.03727
2019-05-26,0.08514,10220967.637893
2019-05-27,0.09034,19322033.361762
2019-05-28,0.09289,17073253.27387
2019-05-29,0.09082,16875771.331014
2019-05-30,0.08392,30763675.046508
2019-05-31,0.08914,13952824.957185
2019-06-01,0.09047,14227354.766946
2019-06-02,0.0963,27490158.987334
2019-06-03,0.08745,28486908.18083
2019-06-04,0.08247,22298659.805754
2019-06-05,0.08252,8602923.189221
2019-06-06,0.08308,10987279.18531
2019-06-07,0.085,8986812.27141
2019-06-08,0.08356,5334494.345125
2019-06-09,0.07887,6717674.693529
2019-06-10,0.08508,9319554.188605
2019-06-11,0.08742,14285994.646782
2019-06-12,0.09603,28131181.458108
2019-06-13,0.08966,21851980.273622
2019-06-14,0.09008,16558151.295968
2019-06-15,0.09127,10459812.62996
2019-06-16,0.09189,16137992.894939
2019-06-17,0.09334,7855781.797662
2019-06-18,0.08907,9034879.281606
2019-06-19,0.08957,5512804.305066
2019-06-20,0.08731,10458767.28299
2019-06-21,0.08899,12713222.446939
2019-06-22,0.09482,28462098.774995
2019-06-23,0.097,37293300.981829
2019-06-24,0.09789,16810140.131378
2019-06-25,0.09654,13283141.608794
2019-06-26,0.09814,47666035.131168
2019-06-27,0.0864,28296111.534805
2019-06-28,0.08873,16407695.992121
2019-06-29,0.08975,12593349.192414
2019-06-30,0.08226,13538222.101128
2019-07-01,0.0836,10815059.355432
2019-07-02,0.08054,14410619.988851
2019-07-03,0.08231,10312476.300391
2019-07-04,0.07737,7974625.402753
2019-07-05,0.07631,4843441.534781
2019-07-06,0.07745,6308950.509865
2019-07-07,0.0797,4068774.015921
2019-07-08,0.0801,6801931.229754
2019-07-09,0.07783,6131044.466138
2019-07-10,0.07178,9505146.658305
2019-07-11,0.06515,9435761.809795
2019-07-12,0.06937,6918764.321422
2019-07-13,0.06672,5595188.310675
2019-07-14,0.05923,7092570.253172
2019-07-15,0.05902,8922131.621699
2019-07-16,0.05181,8474070.509388
2019-07-17,0.05505,7760317.051364
2019-07-18,0.05843,7258581.114512
2019-07-19,0.0596,4909019.799178
2019-07-20,0.06262,7346240.731451
2019-07-21,0.06107,4183117.851871
2019-07-22,0.05949,3967768.580454
2019-07-23,0.05568,4601208.65432
2019-07-24,0.05876,5531188.548477
2019-07-25,0.05852,4647316.660357
2019-07-26,0.06261,6395938.75177
2019-07-27,0.05988,5504908.367032
2019-07-28,0.05936,3281712.436609
2019-07-29,0.06035,4297632.888629
2019-07-30,0.05975,3039078.413562
2019-07-31,0.06011,5106362.680155
2019-08-01,0.05861,3969778.697336
2019-08-02,0.05731,4301752.221413
2019-08-03,0.05774,1970597.1466
2019-08-04,0.05605,3916608.037884
2019-08-05,0.05642,5444486.759672
2019-08-06,0.0535,5170100.861969
2019-08-07,0.05197,4814313.886702
2019-08-08,0.05213,4923643.938428
2019-08-09,0.04769,4825487.48669
2019-08-10,0.05195,8124476.828209
2019-08-11,0.05472,6784461.489945
2019-08-12,0.05304,3356500.998687
2019-08-13,0.05268,4922054.820012
2019-08-14,0.04716,6278909.355784
2019-08-15,0.04733,2655621.569615
2019-08-16,0.04668,3765358.071915
2019-08-17,0.04739,2897046.099295
2019-08-18,0.05061,3821827.504973
2019-08-19,0.05002,2413941.249944
2019-08-20,0.04917,2905572.263007
2019-08-21,0.04736,2897638.572656
2019-08-22,0.04918,5426880.29504
2019-08-23,0.04964,4102948.891239
2019-08-24,0.05016,4711605.285144
2019-08-25,0.04949,6909324.989552
2019-08-26,0.04964,4571067.814565
2019-08-27,0.04988,2015424.104605
2019-08-28,0.04587,4627816.742556
2019-08-29,0.0445,3964016.389611
2019-08-30,0.04474,2096838.724662
2019-08-31,0.04473,1715267.401714
2019-09-01,0.04425,1483697.610197
2019-09-02,0.04531,3303673.441782
2019-09-03,0.04667,5519286.650514
2019-09-04,0.04543,2655263.843668
2019-09-05,0.0444,2571227.133985
2019-09-06,0.04423,4347753.428625
2019-09-07,0.04597,3777701.476929
2019-09-08,0.04657,4004305.445392
2019-09-09,0.0468,4005016.775004
2019-09-10,0.04646,4838040.544485
2019-09-11,0.04487,3879236.739982
2019-09-12,0.04541,3285192.999597
2019-09-13,0.0457,1696491.486637
2019-09-14,0.04642,3796960.289758
2019-09-15,0.04664,2036857.805207
2019-09-16,0.04702,3355866.258458
2019-09-17,0.04887,8915970.080204
2019-09-18,0.05308,19820259.469369
2019-09-19,0.05231,15901390.643564
2019-09-20,0.05253,9602571.604635
2019-09-21,0.05179,7570194.931436
2019-09-22,0.04892,12243837.45131
2019-09-23,0.04633,10060905.28437
2019-09-24,0.03724,18406912.799469
2019-09-25,0.03912,10026845.6492
2019-09-26,0.03818,9718511.794433
2019-09-27,0.03911,5729458.65441
2019-09-28,0.0386,5216071.432712
2019-09-29,0.03715,4751263.076137
2019-09-30,0.03888,6999924.523109
2019-10-01,0.03824,4272363.701885
2019-10-02,0.03923,3616182.925568
2019-10-03,0.03818,5256177.436758
2019-10-04,0.0393,6666823.028278
2019-10-05,0.03967,4774611.223458
2019-10-06,0.03881,4307245.999594
2019-10-07,0.04136,10303897.144181
2019-10-08,0.0412,6668178.846677
2019-10-09,0.04238,7908104.666432
2019-10-10,0.04161,6339544.061285
2019-10-11,0.04006,8223176.875366
2019-10-12,0.0404,3383923.12352
2019-10-13,0.04127,3507786.452053
2019-10-14,0.04173,5207934.258592
2019-10-15,0.03957,5360931.387741
2019-10-16,0.03839,4759184.120325
2019-10-17,0.03932,3841560.804139
2019-10-18,0.03795,3934443.199923
2019-10-19,0.03897,4172790.41006
2019-10-20,0.03946,3125623.765593
2019-10-21,0.03904,3381320.852754
2019-10-22,0.03859,3909308.774472
2019-10-23,0.03635,5912948.975683
2019-10-24,0.0373,4785867.926124
2019-10-25,0.04115,10407212.589016
2019-10-26,0.0405,15918091.843718
2019-10-27,0.04216,14809568.604547
2019-10-28,0.04217,10747568.942294
2019-10-29,0.04341,6321691.579062
2019-10-30,0.04171,7491460.174257
2019-10-31,0.04126,6060028.972748
2019-11-01,0.04211,4610370.158761
2019-11-02,0.04237,3191791.766729
2019-11-03,0.04168,2596691.696141
2019-11-04,0.0432,4444510.917479
2019-11-05,0.04411,7929108.005689
2019-11-06,0.04475,6534976.446982
2019-11-07,0.04342,5973029.848166
2019-11-08,0.04216,5965289.505675
2019-11-09,0.04241,2476176.692251
2019-11-10,0.04384,4881559.230439
2019-11-11,0.04315,4339530.421254
2019-11-12,0.0437,6557666.536387
2019-11-13,0.04326,3321839.64495
2019-11-14,0.04279,3336966.179199
2019-11-15,0.04388,5907910.936564
2019-11-16,0.04386,4657793.479174
2019-11-17,0.04501,6276159.63592
2019-11-18,0.04315,10438217.661124
2019-11-19,0.04212,7758551.936969
2019-11-20,0.0409,5129591.684995
2019-11-21,0.03837,6517024.002594
2019-11-22,0.03699,12041936.897967
2019-11-23,0.03798,4745188.181126
2019-11-24,0.03498,7813298.35444
2019-11-25,0.03576,10406512.092002
2019-11-26,0.03669,4941574.232082
2019-11-27,0.03898,8118634.113106
2019-11-28,0.03901,5900322.31388
2019-11-29,0.04127,13122550.887107
2019-11-30,0.04032,6461723.286313
2019-12-01,0.03956,5519492.083316
2019-12-02,0.03793,4337872.01894
2019-12-03,0.03775,3125022.991991
2019-12-04,0.03712,6665818.045998
2019-12-05,0.03761,3331068.24088
2019-12-06,0.03825,2500982.073636
2019-12-07,0.03842,2548566.960877
2019-12-08,0.03872,2064981.139976
2019-12-09,0.03723,3452805.954594
2019-12-10,0.03634,3279878.316799
2019-12-11,0.03664,2130283.220693
2019-12-12,0.0365,3097715.955377
2019-12-13,0.03723,2708098.797482
2019-12-14,0.03622,3625588.181979
2019-12-15,0.03649,2122875.403359
2019-12-16,0.03412,4034334.933398
2019-12-17,0.03168,5973584.811167
2019-12-18,0.03437,6278704.497754
2019-12-19,0.03303,4085835.988775
2019-12-20,0.03391,2893537.280142
2019-12-21,0.03303,1623830.411851
2019-12-22,0.03436,2271917.370482
2019-12-23,0.03312,3440121.613321
2019-12-24,0.03388,3955723.31284
2019-12-25,0.03334,1546185.225886
2019-12-26,0.03416,2669877.828999
2019-12-27,0.0329,5499237.339843
2019-12-28,0.03365,2456093.134439
2019-12-29,0.03412,1870899.667666
2019-12-30,0.03344,1766369.759129
2019-12-31,0.03285,1509813.57244
2020-01-01,0.03348,995544.370196
2020-01-02,0.03269,1406391.011711
2020-01-03,0.03417,3470143.171544
2020-01-04,0.03434,1892275.959724
2020-01-05,0.0346,2493890.080589
2020-01-06,0.03732,4738039.458473
2020-01-07,0.037,7824340.078516
2020-01-08,0.03631,8558095.111536
2020-01-09,0.03616,3104192.864347
2020-01-10,0.03693,5771595.172103
2020-01-11,0.03678,3065177.599264
2020-01-12,0.03792,2768369.246181
2020-01-13,0.03682,1787473.382719
2020-01-14,0.04161,17250874.375088
2020-01-15,0.04275,13254733.778384
2020-01-16,0.04168,6885960.640656
2020-01-17,0.0449,15419956.497292
2020-01-18,0.04489,10506985.298487
2020-01-19,0.042,11009321.845219
2020-01-20,0.04378,7241777.814405
2020-01-21,0.04602,12602754.134393
2020-01-22,0.04575,5972832.68638
2020-01-23,0.04318,8600495.133524
2020-01-24,0.04495,9061066.571712
2020-01-25,0.04314,5311562.854639
2020-01-26,0.04477,6411965.07839
2020-01-27,0.04796,14005846.229203
2020-01-28,0.0529,36978142.345989
2020-01-29,0.05329,30490354.530824
2020-01-30,0.05614,24072401.252572
2020-01-31,0.0539,23492961.380158
2020-02-01,0.0561,17473737.385021
2020-02-02,0.0557,30556219.739129
2020-02-03,0.05696,16619591.149678
2020-02-04,0.05601,16217774.951913
2020-02-05,0.05933,19881527.413898
2020-02-06,0.06008,20911419.201638
2020-02-07,0.05987,17757519.095007
2020-02-08,0.06002,14592880.383074
2020-02-09,0.06188,12324462.48734
2020-02-10,0.06029,15673951.064345
2020-02-11,0.06335,16586435.963988
2020-02-12,0.06817,30446638.417037
2020-02-13,0.06867,35865002.865761
2020-02-14,0.07074,20764043.044224
2020-02-15,0.06426,26603503.985139
2020-02-16,0.06146,29377234.991984
2020-02-17,0.06019,26030330.024254
2020-02-18,0.06274,24231134.122955
2020-02-19,0.05737,14743331.576839
2020-02-20,0.05815,17588519.382128
2020-02-21,0.05853,12224694.814872
2020-02-22,0.05825,7990798.277039
2020-02-23,0.06145,11030229.055053
2020-02-24,0.05906,14228848.9028
2020-02-25,0.05603,14445292.640368
2020-02-26,0.04915,31817935.296474
2020-02-27,0.04986,19745310.437699
2020-02-28,0.04885,16606191.459794
2020-02-29,0.0471,10642678.481037
2020-03-01,0.04561,13565023.197618
2020-03-02,0.04923,11777630.002993
2020-03-03,0.04866,10192952.49581
2020-03-04,0.04898,10428839.189611
2020-03-05,0.05096,12171168.728836
2020-03-06,0.05174,8490193.879613
2020-03-07,0.04879,7973700.038051
2020-03-08,0.04291,15301619.011951
2020-03-09,0.04156,18709239.131214
2020-03-10,0.04146,15077818.51347
2020-03-11,0.03969,14709966.917061
2020-03-12,0.02329,35875352.663099
2020-03-13,0.02843,32564268.907937
2020-03-14,0.02582,10399176.168961
2020-03-15,0.02693,9812612.215136
2020-03-16,0.02423,16471734.670284
2020-03-17,0.02575,9993317.414314
2020-03-18,0.02607,7690055.837733
2020-03-19,0.0303,14831629.732842
2020-03-20,0.02946,21015746.214194
2020-03-21,0.02948,10935774.510591
2020-03-22,0.02703,9088075.09007
2020-03-23,0.02925,9916694.590203
2020-03-24,0.03023,8398926.179338
2020-03-25,0.02945,7426715.754034
2020-03-26,0.03086,6298686.579007
2020-03-27,0.02882,7730323.724424
2020-03-28,0.02975,8311103.795673
2020-03-29,0.02806,5488503.940459
2020-03-30,0.02965,6615830.221865
2020-03-31,0.03045,5026845.514167
2020-04-01,0.03097,7427083.53027
2020-04-02,0.03188,9492006.555364
2020-04-03,0.03231,6839650.61875
2020-04-04,0.03244,5954674.176896
2020-04-05,0.0319,3325293.376825
2020-04-06,0.03592,11951449.733767
2020-04-07,0.03525,12146896.558417
2020-04-08,0.03639,7979139.269671
2020-04-09,0.03607,5709476.088875
2020-04-10,0.03321,9977705.851518
2020-04-11,0.03343,5656698.097317
2020-04-12,0.03347,5442438.350147
2020-04-13,0.03311,7681563.93619
2020-04-14,0.03312,4426061.710712
2020-04-15,0.03185,4351906.621593
2020-04-16,0.03446,10720970.284392
2020-04-17,0.03432,4391288.306766
2020-04-18,0.03654,6097623.926339
2020-04-19,0.03549,7452878.170708
2020-04-20,0.03391,9744622.602311
2020-04-21,0.03454,5770834.076626
2020-04-22,0.03664,4674531.604398
2020-04-23,0.04088,20936933.494322
2020-04-24,0.04165,21542646.74547
2020-04-25,0.04222,8769944.902172
2020-04-26,0.04593,18166000.534339
2020-04-27,0.04648,21886652.965662
2020-04-28,0.04679,15230514.505622
2020-04-29,0.05146,25746712.175355
2020-04-30,0.04752,39374796.997922
2020-05-01,0.05091,17520995.017316
2020-05-02,0.0509,12208496.087466
2020-05-03,0.04898,15051912.939009
2020-05-04,0.04942,23411961.915667
2020-05-05,0.04945,13780466.004528
2020-05-06,0.04889,13170289.110976
2020-05-07,0.05123,15081564.397846
2020-05-08,0.05201,17647547.140562
2020-05-09,0.05145,12006746.138936
2020-05-10,0.04755,29626643.563981
2020-05-11,0.04779,25321549.048877
2020-05-12,0.05043,18646755.1915
2020-05-13,0.05147,14145826.904371
2020-05-14,0.05098,14159223.62005
2020-05-15,0.05026,12913175.8069
2020-05-16,0.051,8219908.577421
2020-05-17,0.05129,6835868.307341
2020-05-18,0.05434,19381335.795354
2020-05-19,0.05677,16053173.274067
2020-05-20,0.05689,18387767.226895
2020-05-21,0.05207,22193881.028321
2020-05-22,0.05576,19324550.234095
2020-05-23,0.0549,11318693.487637
2020-05-24,0.05125,13353831.336423
2020-05-25,0.0539,14859502.131391
2020-05-26,0.05355,11567153.079841
2020-05-27,0.05513,14824890.299234
2020-05-28,0.06502,43786850.13931
2020-05-29,0.06469,38189373.782992
2020-05-30,0.07691,74487725.459164
2020-05-31,0.0739,128363158.748671
2020-06-01,0.08093,83834217.600255
2020-06-02,0.07872,63645498.49823
2020-06-03,0.08558,61569756.986245
2020-06-04,0.08882,76700977.096772
2020-06-05,0.08517,41610327.146771
2020-06-06,0.08614,23600346.86245
2020-06-07,0.08657,40359608.328199
2020-06-08,0.08648,18595514.825131
2020-06-09,0.08291,19344027.003142
2020-06-10,0.0836,36521722.172929
2020-06-11,0.07527,41375883.640754
2020-06-12,0.07948,25476804.259014
2020-06-13,0.07906,12618820.768979
2020-06-14,0.07642,10463515.295242
2020-06-15,0.07824,45558107.227536
2020-06-16,0.07925,22894553.818173
2020-06-17,0.08349,38103742.254049
2020-06-18,0.08176,26104085.760414
2020-06-19,0.07987,21884352.9153
2020-06-20,0.07953,12017896.37257
2020-06-21,0.07841,11967825.410861
2020-06-22,0.08355,19258267.182392
2020-06-23,0.08276,14352884.71537
2020-06-24,0.08254,36059189.936199
2020-06-25,0.08167,20858063.254197
2020-06-26,0.08062,15262822.94874
2020-06-27,0.07738,18753839.169293
2020-06-28,0.08028,18248575.428394
2020-06-29,0.08392,26538377.186221
2020-06-30,0.08299,16362429.51071
2020-07-01,0.09681,56678215.985084
2020-07-02,0.09291,69432388.956379
2020-07-03,0.09655,67173609.519036
2020-07-04,0.10005,48478371.467822
2020-07-05,0.09813,38453072.74795
2020-07-06,0.10512,47783980.610853
2020-07-07,0.11764,85913288.313825
2020-07-08,0.12993,204957288.841269
2020-07-09,0.12403,109551339.263616
2020-07-10,0.11846,94252583.899036
2020-07-11,0.12523,56058359.526915
2020-07-12,0.12685,51745214.429524
2020-07-13,0.12427,89791806.234021
2020-07-14,0.13256,73662902.884092
2020-07-15,0.13069,48321002.170055
2020-07-16,0.12602,76191690.708722
2020-07-17,0.12224,33494705.572252
2020-07-18,0.1227,33425718.039014
2020-07-19,0.12402,21174528.340071
2020-07-20,0.11771,30501268.997381
2020-07-21,0.12321,31840419.192397
2020-07-22,0.1238,20426754.270616
2020-07-23,0.12422,29116173.639153
2020-07-24,0.12197,22702498.285806
2020-07-25,0.14362,114672675.127496
2020-07-26,0.14849,143551304.780496
2020-07-27,0.13859,140173714.161824
2020-07-28,0.14904,101485354.075165
2020-07-29,0.13972,77021419.237423
2020-07-30,0.1406,44798051.823315
2020-07-31,0.13878,35768909.728134
2020-08-01,0.1441,60702230.235242
2020-08-02,0.13375,76039339.167855
2020-08-03,0.1373,34915375.263507
2020-08-04,0.14335,57479707.535132
2020-08-05,0.14227,35444876.014357
2020-08-06,0.14444,39977274.773654
2020-08-07,0.13888,47212849.957004
2020-08-08,0.14696,42907276.380048
2020-08-09,0.14512,59240265.412043
2020-08-10,0.14383,48824823.039175
2020-08-11,0.13685,46439453.478455
2020-08-12,0.1367,54316032.051588
2020-08-13,0.13944,50913965.505558
2020-08-14,0.13826,32843527.94519
2020-08-15,0.13837,38549882.37338
2020-08-16,0.13882,28659548.842608
2020-08-17,0.14039,54458449.002239
2020-08-18,0.13691,36812936.670819
2020-08-19,0.12966,45306685.39776
2020-08-20,0.13413,31673635.849254
2020-08-21,0.12315,41793106.181855
2020-08-22,0.12515,29380886.657829
2020-08-23,0.12141,21562870.319441
2020-08-24,0.12361,23856479.040974
2020-08-25,0.11239,60742877.266484
2020-08-26,0.11435,33273716.646915
2020-08-27,0.10725,42988197.774055
2020-08-28,0.10927,27760523.9941
2020-08-29,0.11623,24901197.329607
2020-08-30,0.11747,24252577.320266
2020-08-31,0.12253,55272513.473865
2020-09-01,0.12445,40914995.471801
2020-09-02,0.11489,46730338.615951
2020-09-03,0.09446,65772281.388414
2020-09-04,0.10156,75302723.073042
2020-09-05,0.09,60694659.797697
2020-09-06,0.0926,35885202.827819
2020-09-07,0.0936,34388635.790695
2020-09-08,0.09101,37980714.172887
2020-09-09,0.09331,22278716.606659
2020-09-10,0.09709,30881801.008205
2020-09-11,0.09701,21152779.656514
2020-09-12,0.09771,16563999.228322
2020-09-13,0.09507,23196907.169904
2020-09-14,0.09663,21370868.591398
2020-09-15,0.09313,21865209.111607
2020-09-16,0.09151,24963807.501049
2020-09-17,0.09408,21642750.884003
2020-09-18,0.09093,19929205.051352
2020-09-19,0.09141,13422294.323232
2020-09-20,0.08936,16075687.234506
2020-09-21,0.07983,40449866.625859
2020-09-22,0.08146,25530961.962128
2020-09-23,0.07663,22965531.09275
2020-09-24,0.08254,33237062.24067
2020-09-25,0.09693,70085712.718339
2020-09-26,0.09547,33573722.516384
2020-09-27,0.1013,42041275.230044
2020-09-28,0.1003,46144619.730784
2020-09-29,0.1011,32669322.292041
2020-09-30,0.10136,28279936.374241
2020-10-01,0.09804,33766582.477949
2020-10-02,0.09286,37544476.521148
2020-10-03,0.09328,14831850.146634
2020-10-04,0.09686,16335467.852666
2020-10-05,0.09738,17672527.888232
2020-10-06,0.09289,26400263.391545
2020-10-07,0.09374,14522908.744422
2020-10-08,0.09632,23716055.065303
2020-10-09,0.10129,30460846.220327
2020-10-10,0.10493,54343711.968213
2020-10-11,0.10648,33383274.171217
2020-10-12,0.10945,47008535.802085
2020-10-13,0.10925,44347906.270879
2020-10-14,0.10703,36695051.670094
2020-10-15,0.10666,23512858.84573
2020-10-16,0.10414,23387780.138314
2020-10-17,0.10598,16908353.574631
2020-10-18,0.10735,11693037.943789
2020-10-19,0.10859,24904909.307565
2020-10-20,0.10238,34938984.294362
2020-10-21,0.10589,28160946.822454
2020-10-22,0.11077,27605881.276115
2020-10-23,0.10805,25008437.754495
2020-10-24,0.10797,16100844.559668
2020-10-25,0.10639,12075949.770881
2020-10-26,0.10306,23259876.572696
2020-10-27,0.10256,19148597.636166
2020-10-28,0.09869,27843309.876125
2020-10-29,0.09531,25185522.599479
2020-10-30,0.0933,25752587.650773
2020-10-31,0.093,15510001.578013
2020-11-01,0.09827,13268230.336051
2020-11-02,0.09221,23937317.228683
2020-11-03,0.09357,22310146.75443
2020-11-04,0.0955,24074287.537436
2020-11-05,0.09752,31727134.725027
2020-11-06,0.1091,47427482.921034
2020-11-07,0.10128,68824996.445697
2020-11-08,0.10655,28449684.677416
2020-11-09,0.10561,32470998.376746
2020-11-10,0.1059,32285456.14504
2020-11-11,0.10599,26998072.993597
2020-11-12,0.1046,23422636.263054
2020-11-13,0.10629,25204728.436601
2020-11-14,0.10411,23742897.251615
2020-11-15,0.10046,20647920.497707
2020-11-16,0.10387,22246202.729044
2020-11-17,0.10947,46065393.686785
2020-11-18,0.10658,46348194.860736
2020-11-19,0.1059,25258809.568802
2020-11-20,0.11828,48645520.072866
2020-11-21,0.13334,134223347.7308
2020-11-22,0.14599,265147097.869788
2020-11-23,0.15445,210177734.521799
2020-11-24,0.16721,281406313.970446
2020-11-25,0.15473,177884968.936596
2020-11-26,0.13843,223129884.026215
2020-11-27,0.14178,97878697.613696
2020-11-28,0.16489,171712019.155178
2020-11-29,0.16663,125044829.839457
2020-11-30,0.17204,136237545.662967
2020-12-01,0.15562,166639130.740545
2020-12-02,0.15845,67918215.156586
2020-12-03,0.16398,66943835.328521
2020-12-04,0.14781,73072575.781053
2020-12-05,0.15993,54873141.571896
2020-12-06,0.15873,45667813.043876
2020-12-07,0.15401,33055652.745858
2020-12-08,0.1412,63198666.267354
2020-12-09,0.14796,75432291.639205
2020-12-10,0.14188,40687535.723939
2020-12-11,0.13926,41561549.168474
2020-12-12,0.14438,34221271.35396
2020-12-13,0.15406,49816857.994816
2020-12-14,0.15877,40943801.060385
2020-12-15,0.15381,42449979.300382
2020-12-16,0.16814,79083716.819301
2020-12-17,0.16336,129542865.737322
2020-12-18,0.16502,66380846.142119
2020-12-19,0.16433,57248498.404413
2020-12-20,0.16201,55276607.608786
2020-12-21,0.15278,67151902.256249
2020-12-22,0.15646,73764999.875586
2020-12-23,0.13635,118904127.931822
2020-12-24,0.15304,104882009.455825
2020-12-25,0.15761,93288393.378391
2020-12-26,0.15839,87540978.45993
2020-12-27,0.15467,126512838.100096
2020-12-28,0.17627,147754102.867983
2020-12-29,0.19067,273970430.802808
2020-12-30,0.18389,122388423.333235
2020-12-31,0.18134,80709170.33697
2021-01-01,0.17509,82720467.010267
2021-01-02,0.17742,117077280.526554
2021-01-03,0.20615,230834619.4761728
2021-01-04,0.22528,315299480.4914457
2021-01-05,0.25873,349709110.7622226
2021-01-06,0.33309,611715688.0606145
2021-01-07,0.29928,453119832.6300348
2021-01-08,0.30389,380368302.980941
2021-01-09,0.33062,259644112.080644
2021-01-10,0.30153,285668888.341356
2021-01-11,0.2757,406838307.396773
2021-01-12,0.28888,303626067.858419
2021-01-13,0.3123,208192713.90953
2021-01-14,0.31201,204581244.1367
2021-01-15,0.30188,264651790.304994
2021-01-16,0.35071,416047249.2075495
2021-01-17,0.38081,529806343.1903753
2021-01-18,0.37123,239548962.448159
2021-01-19,0.3672,226285256.536489
2021-01-20,0.37532,232444042.012948
2021-01-21,0.30785,273840594.174471
2021-01-22,0.34867,290516408.419131
2021-01-23,0.34583,145267535.31274
2021-01-24,0.35345,161447140.086898
2021-01-25,0.34308,144604820.562655
2021-01-26,0.3433,120457217.743562
2021-01-27,0.31144,135320113.262216
2021-01-28,0.34409,163965629.110074
2021-01-29,0.34752,235094446.385988
2021-01-30,0.364,181305666.293532
2021-01-31,0.34475,141712986.454822
2021-02-01,0.40876,315517729.2364468
2021-02-02,0.42498,635347397.5646352
2021-02-03,0.44189,233609024.225337
2021-02-04,0.43934,231296073.096734
2021-02-05,0.53917,647988571.3729905
2021-02-06,0.63444,735618983.1258681
2021-02-07,0.66109,1031252551.2483164
2021-02-08,0.67638,687200350.054749
2021-02-09,0.70562,405545405.296007
2021-02-10,0.93966,1404210349.2985792
2021-02-11,0.92796,903411072.7533122
2021-02-12,0.92426,593210760.200747
2021-02-13,0.91299,527921465.849355
2021-02-14,0.84364,464156537.89327
2021-02-15,0.86143,773675700.779529
2021-02-16,0.87,460384874.040459
2021-02-17,0.89206,397664271.258751
2021-02-18,0.91442,536478522.566534
2021-02-19,0.92581,503644913.654661
2021-02-20,1.11568,1605889356.9768093
2021-02-21,1.09894,708941857.790058
2021-02-22,1.09703,1356545593.491317
2021-02-23,0.96197,1563316092.760008
2021-02-24,1.04902,959472420.871605
2021-02-25,1.07691,1053858750.542469
2021-02-26,1.24303,2078674172.965505
2021-02-27,1.31402,2726382795.3645725
2021-02-28,1.31203,2000892510.566343
2021-03-01,1.29627,1262620102.616691
2021-03-02,1.2228,923673564.291133
2021-03-03,1.21311,563382389.440149
2021-03-04,1.11239,859720613.297925
2021-03-05,1.15908,934727653.731029
2021-03-06,1.129,442918849.669389
2021-03-07,1.13042,365845333.635412
2021-03-08,1.11848,450421643.827803
2021-03-09,1.1972,718499784.323591
2021-03-10,1.13261,446671691.449935
2021-03-11,1.1243,338688320.679779
2021-03-12,1.03207,453536801.751492
2021-03-13,1.1,707355593.966
2021-03-14,1.05243,328663726.916662
2021-03-15,1.03103,415080286.214873
2021-03-16,1.24924,1458646287.627065
2021-03-17,1.377,1409057696.603295
2021-03-18,1.22925,1975037678.43161
2021-03-19,1.29474,1032218858.172991
2021-03-20,1.20046,505497684.765714
2021-03-21,1.18561,367461613.305998
2021-03-22,1.1015,444196527.44626
2021-03-23,1.11639,421114122.163967
2021-03-24,1.06902,396335857.035275
2021-03-25,1.0956,583470178.633326
2021-03-26,1.2142,808936818.203217
2021-03-27,1.17678,322586528.664919
2021-03-28,1.18983,237375345.954581
2021-03-29,1.20239,316725719.73974
2021-03-30,1.21189,312766027.238293
2021-03-31,1.19191,360032787.858607
2021-04-01,1.18377,253654449.282147
2021-04-02,1.18998,379078109.523662
2021-04-03,1.16238,379294245.014183
2021-04-04,1.18206,240843734.867574
2021-04-05,1.2118,379800451.568576
2021-04-06,1.252,913715698.979972
2021-04-07,1.17359,493054710.480349
2021-04-08,1.21926,258822131.024978
2021-04-09,1.20201,189628515.591865
2021-04-10,1.21747,355203232.326933
2021-04-11,1.26355,563044444.403651
2021-04-12,1.31431,730491709.395321
2021-04-13,1.41246,827121787.857676
2021-04-14,1.45092,1535013338.694213
2021-04-15,1.4782,603652219.001693
2021-04-16,1.40989,797336703.01528
2021-04-17,1.36802,456752579.9214
2021-04-18,1.27693,984038054.809239
2021-04-19,1.1945,594173873.637402
2021-04-20,1.26689,564969805.947589
2021-04-21,1.20358,504722890.008973
2021-04-22,1.144,628558727.834622
2021-04-23,1.15866,1054521883.392403
2021-04-24,1.10287,494679064.790401
2021-04-25,1.0913,333834052.8768905
2021-04-26,1.2375,568714660.970525
2021-04-27,1.3063,504918084.184202
2021-04-28,1.3379,505426307.532775
2021-04-29,1.3063,777246168.058427
2021-04-30,1.3532,413990419.810156
2021-05-01,1.3516,279891124.595575
2021-05-02,1.3267,290399347.536045
2021-05-03,1.3622,367143914.773384
2021-05-04,1.2698,549879320.534174
2021-05-05,1.4798,809182895.296619
2021-05-06,1.6491,2120775489.369731
2021-05-07,1.653,1301803083.5122
2021-05-08,1.6211,633842537.10449
2021-05-09,1.7663,1536088014.649721
2021-05-10,1.6423,1220328155.185192
2021-05-11,1.7632,888681876.913921
2021-05-12,1.5694,1034165276.431951
2021-05-13,1.9296,2830787027.328203
2021-05-14,2.0069,1330783387.916312
2021-05-15,2.1744,3028162677.857561
2021-05-16,2.3002,2680581605.663523
2021-05-17,2.0307,2387549270.075037
2021-05-18,2.0036,1258577627.76608
2021-05-19,1.4663,3616451442.958993
2021-05-20,1.8006,2253383023.851363
2021-05-21,1.5493,1851576033.778438
2021-05-22,1.4629,1195051726.840747
2021-05-23,1.3139,1839005520.816469
2021-05-24,1.55,1503761177.410839
2021-05-25,1.5532,1239076344.28471
2021-05-26,1.7791,1472382792.514478
2021-05-27,1.6552,998105646.132127
2021-05-28,1.5133,1262486208.239076
2021-05-29,1.4029,831031429.597334
2021-05-30,1.5751,1205767972.908711
2021-05-31,1.7373,975900758.702139
2021-06-01,1.7363,912156549.518218
2021-06-02,1.7534,763167515.813421
2021-06-03,1.8453,758107289.094903
2021-06-04,1.7077,1016313544.257178
2021-06-05,1.6551,627802619.935866
2021-06-06,1.6771,321777694.702927
2021-06-07,1.5659,568701714.627111
2021-06-08,1.5819,926353837.475304
2021-06-09,1.6279,738213512.45641
2021-06-10,1.5328,488331366.508162
2021-06-11,1.4371,482059658.00754
2021-06-12,1.4789,517749782.787853
2021-06-13,1.5566,490536333.040584
2021-06-14,1.5769,435453250.96621
2021-06-15,1.5552,340383009.234608
2021-06-16,1.4851,309694677.494059
2021-06-17,1.4826,247086065.757767
2021-06-18,1.4163,316537834.823891
2021-06-19,1.3839,206002750.664394
2021-06-20,1.4263,373024182.419864
2021-06-21,1.174,661793161.740104
2021-06-22,1.1567,1030804095.181762
2021-06-23,1.2512,607806302.675244
2021-06-24,1.3604,568197037.840652
2021-06-25,1.2521,722838979.191731
2021-06-26,1.2521,380549653.1848
2021-06-27,1.338,310315583.603679
2021-06-28,1.326,292756074.248376
2021-06-29,1.373,394907812.3152
2021-06-30,1.3853,354446349.120819
2021-07-01,1.3313,262447755.020643
2021-07-02,1.3946,315348818.276434
2021-07-03,1.4045,277572501.536617
2021-07-04,1.4615,267332413.152222
2021-07-05,1.4039,297312194.319899
2021-07-06,1.4157,246828693.185177
2021-07-07,1.404,178159850.134744
2021-07-08,1.327,239803654.940297
2021-07-09,1.3504,213730318.843104
2021-07-10,1.3356,124946490.527551
2021-07-11,1.3485,96252011.616564
2021-07-12,1.3126,149660876.224631
2021-07-13,1.265,160715456.020041
2021-07-14,1.2635,205613918.958764
2021-07-15,1.2258,165010923.472387
2021-07-16,1.1708,190852629.775681
2021-07-17,1.1721,145637408.242852
2021-07-18,1.1813,129455682.08151
2021-07-19,1.1225,158333071.389083
2021-07-20,1.0539,300482457.343934
2021-07-21,1.1711,329529795.803851
2021-07-22,1.1856,187077128.52968
2021-07-23,1.2077,154913279.789284
2021-07-24,1.2327,173727524.714364
2021-07-25,1.2284,131208367.065119
2021-07-26,1.2551,547924739.597529
2021-07-27,1.2799,293884771.121409
2021-07-28,1.2875,258967798.015617
2021-07-29,1.2856,167250046.586504
2021-07-30,1.3108,233481881.179908
2021-07-31,1.3193,160008038.697923
2021-08-01,1.3142,271363427.546652
2021-08-02,1.3083,164663710.84494
2021-08-03,1.3696,333462860.830757
2021-08-04,1.3765,248779803.387754
2021-08-05,1.3859,220584468.752681
2021-08-06,1.4025,230083804.205757
2021-08-07,1.4727,355799070.318375
2021-08-08,1.4255,292240465.61758
2021-08-09,1.4745,296965727.222494
2021-08-10,1.678,560730912.241496
2021-08-11,1.7934,878006229.53126
2021-08-12,1.8324,765468929.632602
2021-08-13,2.1386,1180013820.791816
2021-08-14,2.1878,1294631283.086597
2021-08-15,2.1667,791689644.590496
2021-08-16,2.0714,669432796.13384
2021-08-17,1.9239,738363154.523839
2021-08-18,2.1043,991453525.739994
2021-08-19,2.4411,1478673056.643454
2021-08-20,2.4557,1539336837.064158
2021-08-21,2.4341,729237701.54031
2021-08-22,2.7049,1252373737.424931
2021-08-23,2.9152,1861034952.864701
2021-08-24,2.7187,1781493179.487511
2021-08-25,2.739,1251116676.437283
2021-08-26,2.528,1058054371.192216
2021-08-27,2.946,1294046444.848583
2021-08-28,2.847,691271713.3924
2021-08-29,2.851,781366522.6182
2021-08-30,2.734,675601350.1165
2021-08-31,2.767,702518501.4174
2021-09-01,2.869,555373015.9566
2021-09-02,2.96,1191195523.414318
2021-09-03,2.966,604944629.8191
2021-09-04,2.83,555689396.8811
2021-09-05,2.91,487746887.4513
2021-09-06,2.833,535309232.2576
2021-09-07,2.514,2422642316.301103
2021-09-08,2.47,1316692953.3196
2021-09-09,2.518,1044096246.8552
2021-09-10,2.383,781123869.9065
2021-09-11,2.638,1487971497.541206
2021-09-12,2.581,1224176461.6157
2021-09-13,2.402,916543680.7134
2021-09-14,2.396,511446201.3893
2021-09-15,2.505,683490051.6662
2021-09-16,2.417,481379433.6815
2021-09-17,2.35,309192082.2922
2021-09-18,2.371,274828761.8635
2021-09-19,2.283,296891018.1193
2021-09-20,2.079,971662079.450456
2021-09-21,1.986,938941126.417352
2021-09-22,2.257,561770727.6582
2021-09-23,2.327,427121740.3968
2021-09-24,2.277,852034401.1571
2021-09-25,2.3,772544525.927087
2021-09-26,2.207,517051791.3359
2021-09-27,2.13,333393824.4919
2021-09-28,2.037,319192127.4044
2021-09-29,2.066,282604347.7372
2021-09-30,2.115,262127906.9008
2021-10-01,2.256,433361124.2501
2021-10-02,2.247,333039551.0777
2021-10-03,2.251,310612221.979
2021-10-04,2.191,327691885.0989
2021-10-05,2.233,292154180.8159
2021-10-06,2.209,423382653.0689
2021-10-07,2.278,579456296.8876
2021-10-08,2.237,314113673.5826
2021-10-09,2.268,246084345.8739
2021-10-10,2.189,246493612.8857
2021-10-11,2.171,273897541.4536
2021-10-12,2.118,319037519.8449
2021-10-13,2.19,283797635.9337
2021-10-14,2.172,238397065.887
2021-10-15,2.218,451807548.914
2021-10-16,2.179,227685264.7149
2021-10-17,2.158,236546953.2921
2021-10-18,2.128,207296556.4666
2021-10-19,2.11,200312951.0622
2021-10-20,2.19,293600383.7237
2021-10-21,2.137,590422379.4161
2021-10-22,2.156,283280913.8665
2021-10-23,2.166,159697494.6746
2021-10-24,2.12,206668183.8929
2021-10-25,2.144,227310466.3076
2021-10-26,2.137,309937222.2048
2021-10-27,1.912,788261687.386518
2021-10-28,1.987,502808459.4974
2021-10-29,2.015,310763415.4138
2021-10-30,1.955,242877472.3581
2021-10-31,1.964,287446094.5292
2021-11-01,1.949,282445748.1469
2021-11-02,1.971,244630385.5552
2021-11-03,2.063,693664558.662
2021-11-04,1.983,350982479.1555
2021-11-05,1.982,215028149.963
2021-11-06,2.005,209552637.9636
2021-11-07,2.021,165586014.5952
2021-11-08,2.125,394147647.6991
2021-11-09,2.27,1315444500.7649
2021-11-10,2.097,1041156930.5891
2021-11-11,2.079,317911390.6419
2021-11-12,2.045,327425649.6031
2021-11-13,2.05,169168009.5198
2021-11-14,2.04,121939414.6215
2021-11-15,2.017,190858022.3605
2021-11-16,1.874,511833926.733929
2021-11-17,1.876,384528006.4253
2021-11-18,1.786,402087606.185937
2021-11-19,1.863,264482742.1073
2021-11-20,1.922,243387633.5938
2021-11-21,1.835,163849100.3596
2021-11-22,1.776,259359138.2456
2021-11-23,1.751,257575557.4962
2021-11-24,1.666,481392566.845622
2021-11-25,1.675,364294545.6357
2021-11-26,1.533,527707771.803841
2021-11-27,1.543,168004728.6763
2021-11-28,1.594,343379596.042891
2021-11-29,1.601,245164685.076
2021-11-30,1.554,293671151.1843
2021-12-01,1.548,248792675.8981
2021-12-02,1.719,740760247.4082
2021-12-03,1.556,447174235.09
2021-12-04,1.42,831776860.445718
2021-12-05,1.378,367704497.1549
2021-12-06,1.42,449825835.1286
2021-12-07,1.378,328780032.0144
2021-12-08,1.396,259126348.0926
2021-12-09,1.289,234779220.648
2021-12-10,1.211,247506337.1061
2021-12-11,1.354,227800859.7492
2021-12-12,1.346,202797177.2411
2021-12-13,1.223,233475572.5924
2021-12-14,1.266,217012813.0833
2021-12-15,1.311,215469290.4439
2021-12-16,1.24,152038613.1565
2021-12-17,1.218,169578075.701886
2021-12-18,1.242,100498679.7541
2021-12-19,1.243,158128089.4293
2021-12-20,1.237,151201012.0223
2021-12-21,1.28,155011267.2872
2021-12-22,1.327,214216796.0149
2021-12-23,1.475,302005401.1816
2021-12-24,1.392,182041800.8263
2021-12-25,1.452,125105131.845
2021-12-26,1.455,149590055.6023
2021-12-27,1.516,279187128.0304
2021-12-28,1.4,341026716.3522
2021-12-29,1.332,209084760.1348
2021-12-30,1.359,179821991.0688
2021-12-31,1.308,161322991.5909
2022-01-01,1.38,92211737.9666
2022-01-02,1.377,110645055.5902
2022-01-03,1.319,117269967.5736
2022-01-04,1.309,124982226.7397
2022-01-05,1.23,203778648.559
2022-01-06,1.28,216590054.1071
2022-01-07,1.21,256808689.2376
2022-01-08,1.181,201840755.440639
2022-01-09,1.17,134353467.7772
2022-01-10,1.123,212884357.749318
2022-01-11,1.187,133792540.3938
2022-01-12,1.312,182190437.0444
2022-01-13,1.233,230246441.4797
2022-01-14,1.292,181243812.4815
2022-01-15,1.291,103117575.3177
2022-01-16,1.41,342364572.2918
2022-01-17,1.603,823631436.9341
2022-01-18,1.458,689115056.2762
2022-01-19,1.337,466337970.5622
2022-01-20,1.259,352149336.0505
2022-01-21,1.12,489294165.1309
2022-01-22,1.071,587006937.36549
2022-01-23,1.124,283676579.4982
2022-01-24,1.065,447077366.5655
2022-01-25,1.043,226342639.2071
2022-01-26,1.077,366773055.236
2022-01-27,1.042,192138287.9321
2022-01-28,1.048,142445944.6639
2022-01-29,1.059,94893530.2124
2022-01-30,1.035,76033766.3812
2022-01-31,1.051,104454406.4958
2022-02-01,1.096,132239499.0162
2022-02-02,1.027,134518230.4735
2022-02-03,1.061,102202422.3626
2022-02-04,1.138,146202131.6345
2022-02-05,1.125,174120235.9621
2022-02-06,1.143,120397073.3413
2022-02-07,1.199,316342987.6477
2022-02-08,1.176,325233753.4543
2022-02-09,1.195,163081276.5901
2022-02-10,1.15,217359334.4566
2022-02-11,1.079,149139853.8464
2022-02-12,1.059,158161972.9925
2022-02-13,1.042,104644114.8535
2022-02-14,1.049,144076429.1332
2022-02-15,1.107,167359595.1925
2022-02-16,1.082,109865510.988
2022-02-17,1.02,120519433.2696
2022-02-18,0.995,135340040.6369
2022-02-19,0.996,91691271.9142
2022-02-20,0.931,148159415.5595
2022-02-21,0.856,262678267.439046
2022-02-22,0.888,226538695.654874
2022-02-23,0.866,217317574.2134
2022-02-24,0.853,450115675.741591
2022-02-25,0.898,182133681.2225
2022-02-26,0.887,128478270.2374
2022-02-27,0.856,141268322.6367
2022-02-28,0.962,206628176.2753
2022-03-01,0.963,227552504.5608
2022-03-02,0.939,142500770.6719
2022-03-03,0.903,104789950.5144
2022-03-04,0.844,127682736.9868
2022-03-05,0.864,67279606.7473
2022-03-06,0.823,64450087.9814
2022-03-07,0.793,108036356.9915
2022-03-08,0.802,99745823.8482
2022-03-09,0.849,96603126.3741
2022-03-10,0.807,93120654.8534
2022-03-11,0.788,80994331.7712
2022-03-12,0.789,40094234.3481
2022-03-13,0.786,70913375.733
2022-03-14,0.802,83119494.6767
2022-03-15,0.8,76242142.1216
2022-03-16,0.838,130862784.2482
2022-03-17,0.835,89780881.3519
2022-03-18,0.851,69473720.7252
2022-03-19,0.903,101043393.8596
2022-03-20,0.879,82605912.6887
2022-03-21,0.917,104344596.3265
2022-03-22,0.975,164577626.0288
2022-03-23,1.108,376836453.7238
2022-03-24,1.131,445651286.5284
2022-03-25,1.096,324802638.2671
2022-03-26,1.152,161024339.18
2022-03-27,1.184,154469498.2835
2022-03-28,1.17,313807434.4856
2022-03-29,1.191,217154215.415
2022-03-30,1.189,173764772.7865
2022-03-31,1.141,209017789.907
2022-04-01,1.165,218746166.9028
2022-04-02,1.155,125668411.1632
2022-04-03,1.186,92317779.5635
2022-04-04,1.212,304882047.6727
2022-04-05,1.171,130155835.1592
2022-04-06,1.052,229948472.4843
2022-04-07,1.089,106736899.8868
2022-04-08,1.024,93952128.1717
2022-04-09,1.045,51363885.971
2022-04-10,1.027,54357960.7317
2022-04-11,0.92,154099625.6197
2022-04-12,0.955,109425977.488
2022-04-13,0.974,79890065.9798
2022-04-14,0.933,80111053.2067
2022-04-15,0.956,40346404.5214
2022-04-16,0.951,34998947.7004
2022-04-17,0.914,40310611.7353
2022-04-18,0.937,107348406.1814
2022-04-19,0.952,70879191.9439
2022-04-20,0.937,89151003.9477
2022-04-21,0.91,98683813.6459
2022-04-22,0.906,74969570.3452
2022-04-23,0.886,30978218.3297
2022-04-24,0.886,43699800.4742
2022-04-25,0.8974,148027393.73861
2022-04-26,0.8259,151087067.46235
2022-04-27,0.8401,124685106.18968
2022-04-28,0.8432,113478674.58921
2022-04-29,0.8048,113905864.56138
2022-04-30,0.7556,115290631.74037
2022-05-01,0.7895,106582681.5401
2022-05-02,0.7809,100687424.37431
2022-05-03,0.7711,75410127.88362
2022-05-04,0.8985,213655126.17362
2022-05-05,0.7884,304513975.74832
2022-05-06,0.7832,191381224.54187
2022-05-07,0.7604,97951871.70325
2022-05-08,0.7403,130209850.910652
2022-05-09,0.6019,315923785.342392
2022-05-10,0.6286,283217801.10111
2022-05-11,0.5187,361445760.601075
2022-05-12,0.4733,375840228.055986
2022-05-13,0.529,253922648.53897
2022-05-14,0.5372,132311337.3741
2022-05-15,0.5981,108585670.20941
2022-05-16,0.5569,159793334.64289
2022-05-17,0.5778,102370872.2906
2022-05-18,0.5059,109204097.70007
2022-05-19,0.5334,107511001.865
2022-05-20,0.5162,91285754.18405
2022-05-21,0.5286,45014383.53085
2022-05-22,0.5416,56137371.78749
2022-05-23,0.5134,101951558.22317
2022-05-24,0.5219,87550942.7627
2022-05-25,0.5146,69046651.59821
2022-05-26,0.4789,119303698.33202
2022-05-27,0.4566,123982040.01051
2022-05-28,0.4646,48699017.69142
2022-05-29,0.482,41608754.06332
2022-05-30,0.5698,137534136.01408
2022-05-31,0.6268,419357527.62486
2022-06-01,0.5516,207077770.67488
2022-06-02,0.5871,175597999.00685
2022-06-03,0.56,116992848.81495
2022-06-04,0.5665,60846034.84104
2022-06-05,0.5674,54027559.10099
2022-06-06,0.6091,210111671.92015
2022-06-07,0.6141,205352604.40458
2022-06-08,0.6408,253883949.48087
2022-06-09,0.6323,123401495.81414
2022-06-10,0.5744,162542356.57568
2022-06-11,0.554,172700700.1128
2022-06-12,0.4904,206803633.39901
2022-06-13,0.4644,352962846.74877
2022-06-14,0.4831,294811430.56791
2022-06-15,0.5348,303575079.58861
2022-06-16,0.4762,180247004.87872
2022-06-17,0.4872,108323356.32765
2022-06-18,0.4549,174806284.46655
2022-06-19,0.4848,140851798.29959
2022-06-20,0.4915,150592838.51178
2022-06-21,0.4813,133582879.8169
2022-06-22,0.4594,95339778.91015
2022-06-23,0.48,75878540.6978
2022-06-24,0.4981,119934896.12403
2022-06-25,0.4984,70381037.05771
2022-06-26,0.4899,107772457.29959
2022-06-27,0.4856,77606254.36506
2022-06-28,0.4694,78948406.06234
2022-06-29,0.4662,77773512.88053
2022-06-30,0.4599,95075676.72616
2022-07-01,0.4487,83081567.6807
2022-07-02,0.4559,49191448.48722
2022-07-03,0.4561,41041921.16475
2022-07-04,0.4695,90547253.01091
2022-07-05,0.4571,78479359.61598
2022-07-06,0.4623,63728969.98517
2022-07-07,0.4776,66929708.46981
2022-07-08,0.4661,80808813.22228
2022-07-09,0.478,48163760.13868
2022-07-10,0.4624,53751291.74261
2022-07-11,0.4347,72500824.71716
2022-07-12,0.4171,60188310.95787
2022-07-13,0.4383,111631781.47776
2022-07-14,0.4416,89817605.08748
2022-07-15,0.4421,82956659.08532
2022-07-16,0.4578,66098071.70082
2022-07-17,0.4478,69559410.06062
2022-07-18,0.4904,184055804.57396
2022-07-19,0.5152,192345105.51031
2022-07-20,0.491,202518393.71977
2022-07-21,0.4993,127916182.75465
2022-07-22,0.4828,99432126.04535
2022-07-23,0.517,98131475.97387
2022-07-24,0.512,121580637.36585
2022-07-25,0.4752,98894494.41509
2022-07-26,0.4677,98785176.07476
2022-07-27,0.5111,140072070.82494
2022-07-28,0.513,155541635.45628
2022-07-29,0.5218,168837048.55654
2022-07-30,0.5263,144247588.63467
2022-07-31,0.5161,92491106.76508
2022-08-01,0.5124,81478272.91282
2022-08-02,0.4963,91142608.34405
2022-08-03,0.5005,63277801.14024
2022-08-04,0.4997,51580016.92275
2022-08-05,0.5174,57290535.29879
2022-08-06,0.5112,40367066.54263
2022-08-07,0.5276,58035923.63015
2022-08-08,0.5371,86914353.50489
2022-08-09,0.5129,74616854.75601
2022-08-10,0.5374,88680355.87196
2022-08-11,0.5303,83894273.25094
2022-08-12,0.5402,56798284.45327
2022-08-13,0.5593,107428365.93251
2022-08-14,0.5695,136834261.4816
2022-08-15,0.5499,106781679.52693
2022-08-16,0.557,81971962.43651
2022-08-17,0.5384,129841944.08433
2022-08-18,0.5119,70289325.27204
2022-08-19,0.45,155307737.89319
2022-08-20,0.4508,95611356.93429
2022-08-21,0.4626,77737680.83962
2022-08-22,0.4615,85333908.79942
2022-08-23,0.4658,56977430.74636
2022-08-24,0.4578,47594285.66466
2022-08-25,0.4645,55717466.58755
2022-08-26,0.4316,173588167.68118
2022-08-27,0.4499,82887367.56263
2022-08-28,0.4293,58095473.22378
2022-08-29,0.4504,63485522.36355
2022-08-30,0.4531,68971751.04596
2022-08-31,0.4462,52745269.16891
2022-09-01,0.4575,57008792.40598
2022-09-02,0.4543,48875892.80117
2022-09-03,0.4803,86357210.97233
2022-09-04,0.5035,99202273.65332
2022-09-05,0.4984,69731932.30549
2022-09-06,0.4625,114451828.27769
2022-09-07,0.4787,64906839.20856
2022-09-08,0.479,53876187.84744
2022-09-09,0.5022,88451502.7363
2022-09-10,0.5121,99626007.79046
2022-09-11,0.5098,66100249.60976
2022-09-12,0.5012,85772065.7669
2022-09-13,0.4635,112412238.59918
2022-09-14,0.4809,66491294.4924
2022-09-15,0.4662,62202501.32577
2022-09-16,0.4746,47695896.31466
2022-09-17,0.4859,48108806.27672
2022-09-18,0.4477,60081473.98981
2022-09-19,0.4527,80666453.53299
2022-09-20,0.4422,47790848.64453
2022-09-21,0.4389,127818721.37836
2022-09-22,0.4584,70261926.87895
2022-09-23,0.4618,96724525.74195
2022-09-24,0.4511,56445824.83188
2022-09-25,0.4464,50602220.32025
2022-09-26,0.4473,55919382.66375
2022-09-27,0.4411,67019502.9612
2022-09-28,0.4361,54812532.98835
2022-09-29,0.4381,52239546.20642
2022-09-30,0.4347,52581142.20206
2022-10-01,0.43,26665782.65754
2022-10-02,0.4194,33983983.25115
2022-10-03,0.4276,41492690.08411
2022-10-04,0.4355,38559189.5385
2022-10-05,0.4309,37012701.03207
2022-10-06,0.4288,37708789.54476
2022-10-07,0.424,36466183.75028
2022-10-08,0.4219,24194790.76935
2022-10-09,0.423,21434773.50635
2022-10-10,0.4012,44710373.664072
2022-10-11,0.3908,62076335.426205
2022-10-12,0.3814,39030321.52969
2022-10-13,0.3768,99007956.02859
2022-10-14,0.3667,51320624.20952
2022-10-15,0.3641,23042598.66514
2022-10-16,0.3703,22511636.86224
2022-10-17,0.3723,24553623.2531
2022-10-18,0.3624,34914456.16932
2022-10-19,0.3497,32868771.34509
2022-10-20,0.3402,38777486.86413
2022-10-21,0.3492,43236898.514784
2022-10-22,0.3513,25145674.28437
2022-10-23,0.3621,30126571.95587
2022-10-24,0.3573,33254095.74412
2022-10-25,0.4,125674457.88564
2022-10-26,0.403,79697606.0452
2022-10-27,0.3884,68868223.54686
2022-10-28,0.4044,54818936.08623
2022-10-29,0.42,84004083.80894
2022-10-30,0.4056,48145501.28376
2022-10-31,0.4055,49795540.26494
2022-11-01,0.4011,36132384.3077
2022-11-02,0.3856,66511031.36371
2022-11-03,0.3895,35806496.7473
2022-11-04,0.4216,96007453.6155
2022-11-05,0.4264,70942285.9697
2022-11-06,0.4021,47162331.74329
2022-11-07,0.4041,56358873.26129
2022-11-08,0.3722,145571726.14185
2022-11-09,0.3175,139680206.32556
2022-11-10,0.3687,127859718.47873
2022-11-11,0.3556,68232522.26415
2022-11-12,0.3397,40857174.32607
2022-11-13,0.3298,49125239.85673
2022-11-14,0.3323,59145613.82235
2022-11-15,0.3373,35089708.27033
2022-11-16,0.332,34283678.93925
2022-11-17,0.325,24578226.32022
2022-11-18,0.326,26509239.61893
2022-11-19,0.328,16051787.43165
2022-11-20,0.312,28100507.99389
2022-11-21,0.3046,49635263.832341
2022-11-22,0.3126,36734548.01708
2022-11-23,0.3185,41071372.01836
2022-11-24,0.3163,24485083.30959
2022-11-25,0.3146,25530440.73286
2022-11-26,0.3138,21086337.98002
2022-11-27,0.3126,16108318.83643
2022-11-28,0.3066,36327273.86126
2022-11-29,0.3092,19488880.01456
2022-11-30,0.3187,32673410.81614
2022-12-01,0.3145,22092331.38627
2022-12-02,0.3191,19680755.30877
2022-12-03,0.3196,28444511.3298
2022-12-04,0.3221,18651173.88099
2022-12-05,0.3193,22271877.70034
2022-12-06,0.3183,17402842.34351
2022-12-07,0.3102,25000761.50357
2022-12-08,0.3145,17135098.53621
2022-12-09,0.3118,15725182.9416
2022-12-10,0.3126,7211506.52281
2022-12-11,0.3074,11960293.98154
2022-12-12,0.3069,18189907.8813
2022-12-13,0.3142,38715909.18072
2022-12-14,0.3079,28377028.14808
2022-12-15,0.3003,26642862.92079
2022-12-16,0.2632,61106298.135023
2022-12-17,0.2672,43257420.03598
2022-12-18,0.2659,24138629.78028
2022-12-19,0.2529,28451460.05123
2022-12-20,0.2587,20468913.647
2022-12-21,0.2534,23527156.52491
2022-12-22,0.2566,19714944.87172
2022-12-23,0.2594,19200654.61869
2022-12-24,0.2592,8287131.30108
2022-12-25,0.2591,12008927.16992
2022-12-26,0.2652,16140480.49747
2022-12-27,0.2603,15564607.25909
2022-12-28,0.2482,29202569.65785
2022-12-29,0.244,29131442.01201
2022-12-30,0.2458,18898369.31772
2022-12-31,0.2458,16567527.42419
2023-01-01,0.2499,12195300.86294
2023-01-02,0.2538,19077666.03478
2023-01-03,0.2529,18118088.32028
2023-01-04,0.2678,39307216.21345
2023-01-05,0.2692,21875835.63976
2023-01-06,0.2786,46709200.59142
2023-01-07,0.2768,20043246.99803
2023-01-08,0.2974,56211406.76293
2023-01-09,0.3168,130535883.67986
2023-01-10,0.3222,58443335.34537
2023-01-11,0.323,45390642.8338
2023-01-12,0.3293,80984073.16599
2023-01-13,0.3456,50290558.79069
2023-01-14,0.3525,102311533.60626
2023-01-15,0.3507,46120700.65588
2023-01-16,0.3504,55154485.19975
2023-01-17,0.3455,35648563.00154
2023-01-18,0.3264,57705260.14865
2023-01-19,0.3379,26780825.48138
2023-01-20,0.3652,45603264.59433
2023-01-21,0.3687,84320415.92165
2023-01-22,0.3764,77558380.58987
2023-01-23,0.375,63438244.67728
2023-01-24,0.3587,41728216.60846
2023-01-25,0.3732,45186532.4045
2023-01-26,0.3796,57639690.96446
2023-01-27,0.3898,42795611.93104
2023-01-28,0.3819,46208585.48443
2023-01-29,0.3975,40157767.99062
2023-01-30,0.3725,51134971.00427
2023-01-31,0.3902,59967794.67052
2023-02-01,0.397,62784020.14042
2023-02-02,0.3981,72380820.23897
2023-02-03,0.4038,45021086.33001
2023-02-04,0.3994,28001934.44779
2023-02-05,0.3923,40964679.72236
2023-02-06,0.3823,43173103.61455
2023-02-07,0.3989,41771566.35595
2023-02-08,0.3942,36786726.66031
2023-02-09,0.3622,57086936.96953
2023-02-10,0.3581,37588836.43568
2023-02-11,0.3684,20214834.50522
2023-02-12,0.3641,21128707.77172
2023-02-13,0.3593,40573133.72658
2023-02-14,0.3867,58628401.20211
2023-02-15,0.419,59778979.44605
2023-02-16,0.3874,70700360.39255
2023-02-17,0.4033,49269938.14967
2023-02-18,0.406,36365358.17068
2023-02-19,0.3995,39725311.70805
2023-02-20,0.4038,47218475.77844
2023-02-21,0.3925,47413672.78624
2023-02-22,0.3888,47282477.88503
2023-02-23,0.3824,31463531.76665
2023-02-24,0.3658,50738363.87517
2023-02-25,0.362,33675461.15039
2023-02-26,0.3691,22631805.59683
2023-02-27,0.3647,25990074.91173
2023-02-28,0.3517,27548861.71386
2023-03-01,0.3601,24311805.19254
2023-03-02,0.3504,28749147.23269
2023-03-03,0.3431,54562645.84593
2023-03-04,0.3366,19063925.6113
2023-03-05,0.337,18030471.34132
2023-03-06,0.3305,24278531.6439
2023-03-07,0.3306,32593724.15893
2023-03-08,0.3175,35628787.90035
2023-03-09,0.3101,59701621.64674
2023-03-10,0.3149,56788935.68243
2023-03-11,0.3051,54030316.31632
2023-03-12,0.3298,46331508.9057
2023-03-13,0.3433,98641344.22879
2023-03-14,0.3429,85285424.82887
2023-03-15,0.3241,87303478.96434
2023-03-16,0.3249,48063578.85104
2023-03-17,0.3494,57685328.9871
2023-03-18,0.3371,55729702.22952
2023-03-19,0.3448,32148684.11285
2023-03-20,0.3321,42174811.85456
2023-03-21,0.3696,103396919.87244
2023-03-22,0.3596,127050524.38391
2023-03-23,0.3715,68780307.09313
2023-03-24,0.3596,40641700.92164
2023-03-25,0.3514,29770936.38946
2023-03-26,0.3557,32651502.3325
2023-03-27,0.3455,44183728.29139
2023-03-28,0.3681,47519006.39241
2023-03-29,0.3811,72629635.26596
2023-03-30,0.3761,55535091.32403
2023-03-31,0.3989,99047877.23995
2023-04-01,0.3919,50718103.40614
2023-04-02,0.3815,39260959.47896
2023-04-03,0.3872,91409070.42097
2023-04-04,0.3894,47532378.54298
2023-04-05,0.3923,36615220.47484
2023-04-06,0.3829,34923643.02087
2023-04-07,0.3835,19101844.7887
2023-04-08,0.3853,23773386.8612
2023-04-09,0.3894,20096179.80782
2023-04-10,0.3971,29784630.92321
2023-04-11,0.4014,58079381.92254
2023-04-12,0.4047,55419429.51489
2023-04-13,0.4251,71977775.03818
2023-04-14,0.4381,102313257.17576
2023-04-15,0.4522,80246325.39692
2023-04-16,0.4513,52630950.62351
2023-04-17,0.4341,63560561.58769
2023-04-18,0.4435,43791494.37854
2023-04-19,0.4163,81355681.62214
2023-04-20,0.4007,65800195.92131
2023-04-21,0.3824,62797906.51197
2023-04-22,0.3956,33930441.89649
2023-04-23,0.3886,31840004.05741
2023-04-24,0.3835,40438674.06987
2023-04-25,0.3945,37317902.8385
2023-04-26,0.4014,76023106.67434
2023-04-27,0.4101,63156409.78502
2023-04-28,0.4043,30952182.57486
2023-04-29,0.4024,17087613.33945
2023-04-30,0.3956,30508534.10836
2023-05-01,0.3868,38438942.31612
2023-05-02,0.3916,24069912.67256
2023-05-03,0.394,39437481.48619
2023-05-04,0.3873,22301265.01623
2023-05-05,0.3942,30381794.08577
2023-05-06,0.3787,32711487.15858
2023-05-07,0.376,20673687.1866
2023-05-08,0.3653,50541987.25608
2023-05-09,0.3633,28441383.41467
2023-05-10,0.3693,55186058.0013
2023-05-11,0.3598,35250818.4295
2023-05-12,0.3705,39703102.6803
2023-05-13,0.3646,17018722.71367
2023-05-14,0.3711,15434291.06836
2023-05-15,0.3669,25610899.8413
2023-05-16,0.3682,24234881.14487
2023-05-17,0.3755,35176313.03457
2023-05-18,0.3714,30126679.91448
2023-05-19,0.3681,14305210.34059
2023-05-20,0.3662,16072961.96302
2023-05-21,0.3602,14203580.5863
2023-05-22,0.3679,22915553.39773
2023-05-23,0.3704,17721617.62122
2023-05-24,0.3638,21005340.19084
2023-05-25,0.3581,17962959.88396
2023-05-26,0.3626,20503821.27027
2023-05-27,0.3667,10968225.92438
2023-05-28,0.3828,30072567.44679
2023-05-29,0.3786,25360137.20475
2023-05-30,0.3779,26559946.77883
2023-05-31,0.3744,22479759.36421
2023-06-01,0.3644,34050283.35706
2023-06-02,0.3782,26820487.62263
2023-06-03,0.3759,10428014.32457
2023-06-04,0.3773,15769199.16194
2023-06-05,0.3514,40532828.32009
2023-06-06,0.3531,31691122.73033
2023-06-07,0.3223,50060807.19639
2023-06-08,0.3228,34039413.97058
2023-06-09,0.2951,75999927.86638
2023-06-10,0.2747,192537302.38177
2023-06-11,0.272,70331340.19641
2023-06-12,0.2748,61566190.94342
2023-06-13,0.2752,43627397.62707
2023-06-14,0.2633,35866653.03164
2023-06-15,0.262,36528253.75659
2023-06-16,0.2632,23341640.15084
2023-06-17,0.2667,23620613.88045
2023-06-18,0.261,17290956.13935
2023-06-19,0.2634,18466634.06561
2023-06-20,0.2705,28605791.65665
2023-06-21,0.2862,53238621.97959
2023-06-22,0.2899,49597813.28265
2023-06-23,0.2966,34652338.72698
2023-06-24,0.2892,25791929.48114
2023-06-25,0.2921,30533826.25091
2023-06-26,0.2805,26288181.15263
2023-06-27,0.2867,23876779.93604
2023-06-28,0.2669,38471888.15646
2023-06-29,0.2752,24102790.64145
2023-06-30,0.2869,77751808.25011
2023-07-01,0.2924,25425789.21707
2023-07-02,0.2916,21651819.41963
2023-07-03,0.2967,21066347.63616
2023-07-04,0.2924,31743268.716
2023-07-05,0.2839,30561805.54921
2023-07-06,0.2784,41146491.15079
2023-07-07,0.2844,28250332.02905
2023-07-08,0.2907,30472901.3593
2023-07-09,0.2844,27283599.76481
2023-07-10,0.2878,34884995.97289
2023-07-11,0.2927,28634878.95706
2023-07-12,0.289,22726562.86204
2023-07-13,0.3567,167895016.68953
2023-07-14,0.3277,120197260.40208
2023-07-15,0.326,28894128.01503
2023-07-16,0.3146,42621410.41761
2023-07-17,0.3118,37965689.88861
2023-07-18,0.3095,46421051.72501
2023-07-19,0.3226,68393901.29389
2023-07-20,0.3161,54084127.66415
2023-07-21,0.3127,22086143.59977
2023-07-22,0.31,18200727.56504
2023-07-23,0.3171,15886649.82967
2023-07-24,0.3053,30785579.46855
2023-07-25,0.3037,18854918.04305
2023-07-26,0.3069,27638974.26358
2023-07-27,0.3077,18072667.66891
2023-07-28,0.3099,14456071.43943
2023-07-29,0.313,18101421.20426
2023-07-30,0.3156,19019254.36134
2023-07-31,0.307,21885769.39341
2023-08-01,0.3103,26655041.30302
2023-08-02,0.2993,20742161.57887
2023-08-03,0.2922,29426966.77953
2023-08-04,0.2935,15083646.64083
2023-08-05,0.2938,8746362.08286
2023-08-06,0.2923,8260365.71452
2023-08-07,0.291,20072390.04189
2023-08-08,0.2974,28978430.92161
2023-08-09,0.3013,16649440.99493
2023-08-10,0.2965,15025466.70147
2023-08-11,0.2933,8969703.58131
2023-08-12,0.2919,10487794.15738
2023-08-13,0.2894,14453458.69079
2023-08-14,0.2906,11594996.20963
2023-08-15,0.282,19331728.14098
2023-08-16,0.2747,30705536.51952
2023-08-17,0.2553,48128960.08094
2023-08-18,0.264,33280864.96392
2023-08-19,0.2688,14691828.62499
2023-08-20,0.2703,10668305.24928
2023-08-21,0.2628,15921416.69831
2023-08-22,0.2588,20885981.10527
2023-08-23,0.2681,18433534.24605
2023-08-24,0.2659,13251878.37823
2023-08-25,0.2612,29857229.91269
2023-08-26,0.261,12265243.03002
2023-08-27,0.2634,13079888.87617
2023-08-28,0.2676,14456703.8704
2023-08-29,0.2726,40096614.7816
2023-08-30,0.2654,27084077.46294
2023-08-31,0.2554,24018199.28843
2023-09-01,0.2551,16013531.75064
2023-09-02,0.2562,5596043.26218
2023-09-03,0.2559,8425678.41382
2023-09-04,0.2561,10432481.96371
2023-09-05,0.2578,10497858.92966
2023-09-06,0.2577,14806129.79332
2023-09-07,0.2579,16414029.98472
2023-09-08,0.2544,13963617.69582
2023-09-09,0.2533,4609124.98235
2023-09-10,0.249,20482461.46399
2023-09-11,0.2421,18098504.68666
2023-09-12,0.2455,13842656.21427
2023-09-13,0.2487,10407448.26797
2023-09-14,0.2513,12314791.29239
2023-09-15,0.2505,17149210.20891
2023-09-16,0.2503,8720799.46446
2023-09-17,0.2471,10457169.10623
2023-09-18,0.2516,18069147.73772
2023-09-19,0.2548,13501381.8277
2023-09-20,0.2517,13452748.54193
2023-09-21,0.2449,14500250.88454
2023-09-22,0.2449,18094000.44369
2023-09-23,0.2461,6290454.80152
2023-09-24,0.2427,6758618.41213
2023-09-25,0.2459,9575587.39552
2023-09-26,0.2455,6961328.44214
2023-09-27,0.2446,9594038.75778
2023-09-28,0.2489,12293501.96632
2023-09-29,0.2494,22192737.02842
2023-09-30,0.254,10454836.12506
2023-10-01,0.2659,20563304.53711
2023-10-02,0.2591,24190910.38458
2023-10-03,0.261,15284375.8134
2023-10-04,0.2589,16318546.84632
2023-10-05,0.2602,12901773.38456
2023-10-06,0.2646,11506617.84096
2023-10-07,0.2587,13517018.6328
2023-10-08,0.2563,6852075.52164
2023-10-09,0.2513,19027305.90922
2023-10-10,0.249,16077434.4915
2023-10-11,0.2481,19437708.60217
2023-10-12,0.246,8577259.5433
2023-10-13,0.2458,8767684.43884
2023-10-14,0.247,4819071.22241
2023-10-15,0.2473,5754167.47415
2023-10-16,0.2513,22544236.00118
2023-10-17,0.2463,11130766.6538
2023-10-18,0.243,8739210.47599
2023-10-19,0.2469,11567426.0038
2023-10-20,0.2512,17244263.60553
2023-10-21,0.2586,19151225.93565
2023-10-22,0.2639,15331212.63791
2023-10-23,0.2807,37265646.16111
2023-10-24,0.2792,48362853.90133
2023-10-25,0.2808,28401732.32853
2023-10-26,0.2872,36497978.93554
2023-10-27,0.2893,16908770.4292
2023-10-28,0.2909,12659989.33204
2023-10-29,0.2954,13386457.5176
2023-10-30,0.3031,26501988.39817
2023-10-31,0.293,34276010.96131
2023-11-01,0.3071,42526447.21252
2023-11-02,0.323,63495342.42994
2023-11-03,0.3292,42962238.33213
2023-11-04,0.3278,20667223.7131
2023-11-05,0.3419,44191001.23457
2023-11-06,0.3624,64189613.6777
2023-11-07,0.3512,71696678.81331
2023-11-08,0.3577,40448414.89914
2023-11-09,0.3684,101472915.16402
2023-11-10,0.3859,71607868.4358
2023-11-11,0.3844,75793640.55903
2023-11-12,0.3834,50376128.91699
2023-11-13,0.3568,64114557.64853
2023-11-14,0.3579,58129604.08352
2023-11-15,0.3788,47114589.61189
2023-11-16,0.3706,118437307.09425
2023-11-17,0.3671,52290392.26441
2023-11-18,0.3772,40864280.0991
2023-11-19,0.384,38387971.2018
2023-11-20,0.3804,51637254.31026
2023-11-21,0.3566,63056688.07199
2023-11-22,0.3805,34925607.49804
2023-11-23,0.3873,26044261.13508
2023-11-24,0.3862,42555097.07189
2023-11-25,0.3941,20428192.81009
2023-11-26,0.3873,25032105.93793
2023-11-27,0.3777,26862849.37163
2023-11-28,0.3858,30056629.96875
2023-11-29,0.3816,26203000.01848
2023-11-30,0.3759,22527228.97066
2023-12-01,0.3844,21463527.29523
2023-12-02,0.3976,26791837.0559
2023-12-03,0.3949,36255492.70863
2023-12-04,0.4068,71595207.90761
2023-12-05,0.4257,63266846.14246
2023-12-06,0.4429,118328355.02696
2023-12-07,0.4555,80570510.54735
2023-12-08,0.5454,268831873.28653
2023-12-09,0.5791,430440055.48947
2023-12-10,0.5948,182506293.96298
2023-12-11,0.5507,221900781.0572
2023-12-12,0.5784,202207307.7595
2023-12-13,0.6675,301799580.12334
2023-12-14,0.6433,223926364.89631
2023-12-15,0.6004,150971686.86327
2023-12-16,0.6078,93165781.45232
2023-12-17,0.5804,79541096.25177
2023-12-18,0.6021,116740137.23098
2023-12-19,0.5761,117888095.70645
2023-12-20,0.5894,117695306.98198
2023-12-21,0.6351,137818976.62745
2023-12-22,0.6226,134495989.9824
2023-12-23,0.613,76532802.30518
2023-12-24,0.5919,132896667.88659
2023-12-25,0.6242,100302708.50801
2023-12-26,0.6087,133916166.27744
2023-12-27,0.6334,141756656.88542
2023-12-28,0.6158,205948966.08632
2023-12-29,0.6083,118972507.00499
2023-12-30,0.6011,58088553.25719
2023-12-31,0.594,62557065.99101
2024-01-01,0.6232,55163198.2366
2024-01-02,0.605,99671678.54985
2024-01-03,0.5569,180080645.78333
2024-01-04,0.5699,84628917.81523
2024-01-05,0.5414,82878327.58854
2024-01-06,0.5227,63178197.73018
2024-01-07,0.4945,57355040.12286
2024-01-08,0.5412,109191956.78818
2024-01-09,0.5124,87075585.39227
2024-01-10,0.566,147678943.05708
2024-01-11,0.582,168543959.7409
2024-01-12,0.5476,89554868.03155
2024-01-13,0.5491,40447633.69633
2024-01-14,0.5251,40104982.32028
2024-01-15,0.5276,33857934.40594
2024-01-16,0.5356,39963766.34803
2024-01-17,0.5282,33924300.19584
2024-01-18,0.5026,47592756.46996
2024-01-19,0.5044,59010509.91132
2024-01-20,0.516,40632766.22908
2024-01-21,0.5032,27764888.18302
2024-01-22,0.4786,70535229.77878
2024-01-23,0.4773,83443177.99097
2024-01-24,0.4765,44405418.70118
2024-01-25,0.4666,40365278.61438
2024-01-26,0.4849,51202950.46393
2024-01-27,0.4862,26779010.27083
2024-01-28,0.4903,47903382.57825
2024-01-29,0.526,61295529.36775
2024-01-30,0.5136,69271481.81451
2024-01-31,0.4976,67426075.94246
2024-02-01,0.5078,48388348.96066
2024-02-02,0.5146,56083296.80921
2024-02-03,0.5124,32663474.09962
2024-02-04,0.4934,29137672.01298
2024-02-05,0.4944,36805487.29626
2024-02-06,0.4983,36781097.42187
2024-02-07,0.5022,87655793.92742
2024-02-08,0.5304,119878204.23867
2024-02-09,0.5407,83350883.61305
2024-02-10,0.5515,62768583.48458
2024-02-11,0.5414,88219309.37024
2024-02-12,0.5592,85767253.83112
2024-02-13,0.5449,70581345.68177
2024-02-14,0.5768,93248246.64277
2024-02-15,0.6087,138021428.81097
2024-02-16,0.5986,89138636.20172
2024-02-17,0.6096,75629199.2902
2024-02-18,0.6193,129630329.87613
2024-02-19,0.6308,106363808.99321
2024-02-20,0.6216,145535294.50559
2024-02-21,0.5988,79111985.4864
2024-02-22,0.5858,76796750.73101
2024-02-23,0.5824,68523670.67224
2024-02-24,0.5969,55999344.71503
2024-02-25,0.5914,46063972.93495
2024-02-26,0.6191,101497957.76159
2024-02-27,0.6239,121024668.33202
2024-02-28,0.6287,224352078.67888
2024-02-29,0.6547,336026658.63483
2024-03-01,0.7195,155568698.98737
2024-03-02,0.7416,220785937.47027
2024-03-03,0.7279,148787481.4176
2024-03-04,0.7701,312249736.49484
2024-03-05,0.6923,444118823.40343
2024-03-06,0.7349,211606993.91742
2024-03-07,0.7427,153740023.25405
2024-03-08,0.7228,157626461.32917
2024-03-09,0.7416,86293851.49507
2024-03-10,0.7166,90608271.57443
2024-03-11,0.7754,239339603.29899
2024-03-12,0.7481,169055148.52602
2024-03-13,0.7638,127304073.46347
2024-03-14,0.7509,319128649.69798
2024-03-15,0.7274,244411931.19361
2024-03-16,0.6591,176134706.22267
2024-03-17,0.6814,125863821.79279
2024-03-18,0.6603,129682515.77206
2024-03-19,0.5864,215596512.75783
2024-03-20,0.6396,171283154.80489
2024-03-21,0.6318,102745180.04122
2024-03-22,0.6147,85878223.96651
2024-03-23,0.6232,49964577.28514
2024-03-24,0.6468,51336486.07365
2024-03-25,0.6567,84465595.6049
2024-03-26,0.665,85530264.10631
2024-03-27,0.6478,92144249.56748
2024-03-28,0.6511,60325706.77258
2024-03-29,0.6643,84561913.5293
2024-03-30,0.6436,58519808.99561
2024-03-31,0.6501,39725727.27124
2024-04-01,0.6212,97840424.3933
2024-04-02,0.5807,114586025.02603
2024-04-03,0.5693,67981028.73763
2024-04-04,0.5831,77831077.95661
2024-04-05,0.5741,60988361.32152
2024-04-06,0.5836,29118920.52321
2024-04-07,0.5892,42279445.40078
2024-04-08,0.6137,68122017.02044
2024-04-09,0.5912,85268160.43877
2024-04-10,0.5862,84358284.19816
2024-04-11,0.5858,47367800.70575
2024-04-12,0.5027,227864370.22858
2024-04-13,0.4449,218903488.08946
2024-04-14,0.4673,165123724.08509
2024-04-15,0.461,126454142.74097
2024-04-16,0.4583,78289241.86448
2024-04-17,0.444,83021245.84132
2024-04-18,0.458,59534843.67902
2024-04-19,0.4682,96883822.44349
2024-04-20,0.5072,86698491.79806
2024-04-21,0.4993,48677850.99213
2024-04-22,0.5167,56031727.16984
2024-04-23,0.5,58678250.1222
2024-04-24,0.4746,78451653.77002
2024-04-25,0.4705,43331093.08899
2024-04-26,0.4631,38940003.64821
2024-04-27,0.4675,43867958.8198
2024-04-28,0.4603,30366549.69675
2024-04-29,0.4571,34730463.8156
2024-04-30,0.4412,55421261.73619
2024-05-01,0.4501,71594071.35311
2024-05-02,0.4578,42319196.15291
2024-05-03,0.4673,44648666.51899
2024-05-04,0.4633,28911999.06133
2024-05-05,0.458,30200843.52235
2024-05-06,0.4541,46633151.99921
2024-05-07,0.4414,38897002.23939
2024-05-08,0.4518,70427745.46414
2024-05-09,0.4635,38976821.72827
2024-05-10,0.4479,39254568.16762
2024-05-11,0.439,19673649.14965
2024-05-12,0.4377,14799676.88344
2024-05-13,0.4368,47798241.21495
2024-05-14,0.4285,33421457.93351
2024-05-15,0.4524,38900798.88876
2024-05-16,0.4597,42887894.81811
2024-05-17,0.4824,51853600.50721
2024-05-18,0.482,22115170.35277
2024-05-19,0.4672,25021027.31112
2024-05-20,0.502,72927561.98379
2024-05-21,0.4946,70600411.63098
2024-05-22,0.4835,48799465.95233
2024-05-23,0.4656,76890034.58776
2024-05-24,0.4601,36431003.00483
2024-05-25,0.4623,24372294.37358
2024-05-26,0.4581,22013464.63972
2024-05-27,0.4683,35937546.3479
2024-05-28,0.4576,47495451.41246
2024-05-29,0.4512,39578860.67207
2024-05-30,0.4465,39881480.79571
2024-05-31,0.447,28238493.71925
2024-06-01,0.4499,13977185.0322
2024-06-02,0.4465,26619426.84866
2024-06-03,0.4573,34105898.49354
2024-06-04,0.4615,28258769.33311
2024-06-05,0.4613,29077104.10827
2024-06-06,0.4582,27722021.31209
2024-06-07,0.4492,111346027.05326
2024-06-08,0.4368,39192998.45152
2024-06-09,0.4442,18562590.53947
2024-06-10,0.4406,38532499.99611
2024-06-11,0.422,59143143.9403
2024-06-12,0.4378,52806119.42584
2024-06-13,0.421,47432274.55429
2024-06-14,0.412,48157446.53826
2024-06-15,0.414,19445156.27337
2024-06-16,0.4168,15610828.19778
2024-06-17,0.4013,50346641.98037
2024-06-18,0.3837,81092479.77981
2024-06-19,0.3844,32891373.61538
2024-06-20,0.3844,31716076.7925
2024-06-21,0.376,29454853.69614
2024-06-22,0.3846,29378377.4882
2024-06-23,0.38,21862474.68652
2024-06-24,0.3777,44493268.7168
2024-06-25,0.3918,27318559.34504
2024-06-26,0.385,31297977.65222
2024-06-27,0.3913,32248792.68248
2024-06-28,0.3858,36021266.51871
2024-06-29,0.3841,27826176.77712
2024-06-30,0.3924,20134850.80757
2024-07-01,0.4032,28441048.94516
2024-07-02,0.4184,27865669.60142
2024-07-03,0.4069,40480878.15308
2024-07-04,0.3623,57688891.88565
2024-07-05,0.3501,109391384.36938
2024-07-06,0.3707,32628222.94485
2024-07-07,0.3466,26842781.18791
2024-07-08,0.3691,64249693.71403
2024-07-09,0.3754,26606567.69477
2024-07-10,0.3885,24263713.42823
2024-07-11,0.3959,34583952.74703
2024-07-12,0.4165,40899016.90779
2024-07-13,0.4416,42155177.36898
2024-07-14,0.4317,43896806.92703
2024-07-15,0.4449,54944419.76773
2024-07-16,0.4381,55759694.72726
2024-07-17,0.4359,46949426.48429
2024-07-18,0.4234,34984535.29723
2024-07-19,0.439,34412546.25986
2024-07-20,0.4373,23557735.17184
2024-07-21,0.4469,36934905.13471
2024-07-22,0.4262,34378311.77136
2024-07-23,0.41,35884223.7945
2024-07-24,0.4063,40178257.66473
2024-07-25,0.3948,37930903.42011
2024-07-26,0.4172,24312011.24585
2024-07-27,0.4176,72168104.72741
2024-07-28,0.4073,33147595.68855
2024-07-29,0.4031,34850252.14824
2024-07-30,0.4015,26757483.31088
2024-07-31,0.3882,25551374.49652
2024-08-01,0.3925,35586142.99418
2024-08-02,0.3636,45823735.50172
2024-08-03,0.3646,31546579.69966
2024-08-04,0.3442,34078114.86182
2024-08-05,0.3119,180464778.47691
2024-08-06,0.331,41158436.51991
2024-08-07,0.3241,35497401.23938
2024-08-08,0.3516,36508170.22061
2024-08-09,0.3483,26216485.81025
2024-08-10,0.3457,11423301.86095
2024-08-11,0.3276,19779040.65426
2024-08-12,0.339,25517844.71399
2024-08-13,0.34,15826195.52254
2024-08-14,0.3352,17697898.64046
2024-08-15,0.3248,24373093.19421
2024-08-16,0.3301,29555233.79355
2024-08-17,0.3373,12515048.67529
2024-08-18,0.3342,10580021.80612
2024-08-19,0.3367,19788254.56697
2024-08-20,0.3434,23143570.43896
2024-08-21,0.3689,43563016.46901
2024-08-22,0.3763,27734780.14039
2024-08-23,0.3912,39686362.78498
2024-08-24,0.3935,27123357.61733
2024-08-25,0.3849,24732018.3711
2024-08-26,0.3661,32118143.22696
2024-08-27,0.3503,34428530.95745
2024-08-28,0.3502,31959995.68488
2024-08-29,0.3578,28871272.77741
2024-08-30,0.3469,36065503.48475
2024-08-31,0.345,9401221.31354
2024-09-01,0.3311,21576847.55713
2024-09-02,0.3362,23346486.10924
2024-09-03,0.3185,24655499.10051
2024-09-04,0.3231,38272165.26498
2024-09-05,0.3251,38329928.95744
2024-09-06,0.3148,42088731.58756
2024-09-07,0.3253,14403332.42672
2024-09-08,0.339,23957127.56624
2024-09-09,0.3435,27714662.69312
2024-09-10,0.3431,17461709.76715
2024-09-11,0.3532,26214315.0098
2024-09-12,0.3564,29602545.02477
2024-09-13,0.3606,22055527.65031
2024-09-14,0.3539,14578837.84586
2024-09-15,0.3385,23456694.8499
2024-09-16,0.3303,21961646.14068
2024-09-17,0.3338,19759440.14434
2024-09-18,0.3441,23468594.36136
2024-09-19,0.351,31095073.69584
2024-09-20,0.3522,22773273.44332
2024-09-21,0.3584,14571366.98161
2024-09-22,0.3517,18648055.27942
2024-09-23,0.3637,28798880.72153
2024-09-24,0.3878,41883298.55876
2024-09-25,0.3809,31049646.40542
2024-09-26,0.4014,37848155.72926
2024-09-27,0.4017,35328672.38515
2024-09-28,0.4006,22364857.09757
2024-09-29,0.3975,16912239.39035
2024-09-30,0.3733,31118145.05097
2024-10-01,0.352,50119679.14483
2024-10-02,0.3432,37630588.0905
2024-10-03,0.3453,27184787.35797
2024-10-04,0.3517,21665466.49471
2024-10-05,0.351,13835732.6224
2024-10-06,0.3575,13194400.03006
2024-10-07,0.3512,27267471.37073
2024-10-08,0.3448,19179500.95234
2024-10-09,0.3396,23713824.97256
2024-10-10,0.3396,17220252.45534
2024-10-11,0.3517,17000480.45195
2024-10-12,0.3532,11833834.80273
2024-10-13,0.3486,17755450.82405
2024-10-14,0.3643,32476509.76385
2024-10-15,0.3591,48007256.90598
2024-10-16,0.3521,25829124.39564
2024-10-17,0.3432,38422451.35969
2024-10-18,0.3507,19618163.29776
2024-10-19,0.3513,14502635.43403
2024-10-20,0.3649,21035718.7234
2024-10-21,0.3609,35445304.471
2024-10-22,0.3645,33294159.15781
2024-10-23,0.3497,34433375.59756
2024-10-24,0.3465,32590939.37675
2024-10-25,0.3261,53089548.39904
2024-10-26,0.3337,27698932.47855
2024-10-27,0.3399,12498092.3129
2024-10-28,0.3437,30227598.12858
2024-10-29,0.3561,32802725.83112
2024-10-30,0.355,33779307.35949
2024-10-31,0.3418,32123418.77382
2024-11-01,0.3575,45832676.18841
2024-11-02,0.3482,28166467.62657
2024-11-03,0.3341,34906511.46879
2024-11-04,0.3263,29142616.18191
2024-11-05,0.3336,26701621.2812
2024-11-06,0.363,74999653.61998
2024-11-07,0.4065,81824519.64195
2024-11-08,0.4447,207549647.20959
2024-11-09,0.4967,101394490.11451
2024-11-10,0.5901,677072194.48253
2024-11-11,0.6132,355765330.02167
2024-11-12,0.5709,413181220.0952
2024-11-13,0.5783,339450439.45163
2024-11-14,0.5792,199769598.40681
2024-11-15,0.7071,569033307.29551
2024-11-16,0.7416,848836232.19545
2024-11-17,0.7026,343209116.65849
2024-11-18,0.7325,330666463.31476
2024-11-19,0.7387,220052984.09587
2024-11-20,0.8003,589176003.92552
2024-11-21,0.8218,385320898.48423
2024-11-22,1.0175,951601355.4573
2024-11-23,1.0658,999895519.19869
2024-11-24,1.0226,589527198.16959
2024-11-25,0.9435,510126715.76066
2024-11-26,0.9603,446012171.51782
2024-11-27,1.0116,381685157.39903
2024-11-28,1.0321,255775297.24479
2024-11-29,1.0755,372030464.58834
2024-11-30,1.079,404695449.93611
2024-12-01,1.1496,408454755.18449
2024-12-02,1.2022,1004619832.02816
2024-12-03,1.1914,996076336.2746
2024-12-04,1.1871,459038776.08453
2024-12-05,1.1597,493326782.85723
2024-12-06,1.2278,370336806.48191
2024-12-07,1.2103,200216501.79526
2024-12-08,1.1936,305471310.07778
2024-12-09,1.0034,656856497.65303
2024-12-10,1.0215,620337470.36458
2024-12-11,1.0868,381253713.21657
2024-12-12,1.1231,384694616.50235
2024-12-13,1.1213,198879696.07751
2024-12-14,1.061,151054575.98239
2024-12-15,1.0996,150364364.2568
2024-12-16,1.0775,240019551.40804
2024-12-17,1.0522,272307044.6217
2024-12-18,0.9681,381153020.99213
2024-12-19,0.8806,412799537.41702
2024-12-20,0.9501,505957923.75982
2024-12-21,0.9052,271285306.1944
2024-12-22,0.8834,209338752.62592
2024-12-23,0.9264,220346228.35005
2024-12-24,0.9358,152125524.91007
2024-12-25,0.9176,87484993.18814
2024-12-26,0.8611,115033223.24511
2024-12-27,0.8771,119074484.61098
2024-12-28,0.8895,69514216.91419
2024-12-29,0.859,93448345.93245
2024-12-30,0.8615,145131815.83974
2024-12-31,0.8451,92144216.53289
2025-01-01,0.9222,153287717.95969
2025-01-02,0.9612,186027073.22985
2025-01-03,1.0894,412185601.55579
2025-01-04,1.0707,182111468.11348
2025-01-05,1.0911,186330382.64185
2025-01-06,1.0934,197695924.05306
2025-01-07,0.9892,392107377.97835
2025-01-08,0.9468,355425471.97831
2025-01-09,0.9045,219018673.38349
2025-01-10,0.9303,195036479.13336
2025-01-11,0.9955,141064184.34762
2025-01-12,0.9677,196621401.95457
2025-01-13,0.9444,266802657.96545
2025-01-14,0.9972,182641785.74172
2025-01-15,1.0755,400280349.15709
2025-01-16,1.0892,416688678.5374
2025-01-17,1.133,311178355.46964
2025-01-18,1.1045,277183564.57415
2025-01-19,0.993,591660749.09068
2025-01-20,1.0094,479018113.56034
2025-01-21,1.0058,299682154.44694
2025-01-22,0.9827,147500242.17866
2025-01-23,0.9867,188553394.45486
2025-01-24,0.9712,123307322.88768
2025-01-25,0.9766,55530554.54648
2025-01-26,0.953,71946568.23196
2025-01-27,0.9345,233275349.50049
2025-01-28,0.9169,117808064.83354
2025-01-29,0.9399,126108234.87981
2025-01-30,0.9595,83800863.79312
2025-01-31,0.9429,109123278.84919
2025-02-01,0.8948,81763836.86661
2025-02-02,0.8052,281001946.2775
2025-02-03,0.812,923046921.96711
2025-02-04,0.7439,254723883.69626
2025-02-05,0.7325,131046286.55324
2025-02-06,0.7052,136652192.35838
2025-02-07,0.7072,149143599.07408
2025-02-08,0.7005,74135811.71145
2025-02-09,0.6814,99924644.60889
2025-02-10,0.7121,117792945.62019
2025-02-11,0.7781,284354724.20044
2025-02-12,0.7997,210062134.21233
2025-02-13,0.8107,117486749.75232
2025-02-14,0.7998,117214064.41319
2025-02-15,0.7811,57679701.87928
2025-02-16,0.7714,48598755.97143
2025-02-17,0.8089,155718387.55634
2025-02-18,0.7541,133260460.33976
2025-02-19,0.7738,90022856.37791
2025-02-20,0.8036,97238355.65307
2025-02-21,0.7621,138674282.64158
2025-02-22,0.7734,54011115.74636
2025-02-23,0.7697,52472981.66961
2025-02-24,0.6816,135106086.4304
2025-02-25,0.6832,208447374.60304
2025-02-26,0.6474,125658919.32353
2025-02-27,0.6451,78277715.32011
2025-02-28,0.6328,157733442.35881
2025-03-01,0.6593,65804740.21261
2025-03-02,1.135,1411488435.46581
2025-03-03,0.8578,1367524113.78779
2025-03-04,0.9409,934759235.9205
2025-03-05,0.9741,660407721.26487
2025-03-06,0.9065,398596834.42932
2025-03-07,0.8181,673088216.47782
2025-03-08,0.8052,159605847.88112
2025-03-09,0.7215,260339574.1213
2025-03-10,0.6712,323089305.81462
2025-03-11,0.7241,296781875.96069
2025-03-12,0.736,200223311.07232
2025-03-13,0.703,189638937.81745
2025-03-14,0.7373,145727761.99987
2025-03-15,0.7468,100365735.53095
2025-03-16,0.7049,118795815.53379
2025-03-17,0.7175,89824162.17278
2025-03-18,0.7017,86693445.56522
2025-03-19,0.7436,148107888.31596
2025-03-20,0.718,119745737.81105
2025-03-21,0.705,70699720.90876
2025-03-22,0.7014,40980448.4051
2025-03-23,0.7107,59185865.93141
2025-03-24,0.732,120039658.61984
2025-03-25,0.7448,143354609.53041
2025-03-26,0.7287,125009779.06008
2025-03-27,0.7381,57646931.93526
2025-03-28,0.7062,99880337.63729
2025-03-29,0.6732,70728077.73035
2025-03-30,0.6612,49517938.52411
2025-03-31,0.6618,82455100.44599
2025-04-01,0.677,72012531.61113
2025-04-02,0.64,113932397.93491
2025-04-03,0.6508,72816786.96394
2025-04-04,0.6603,82513900.40815
2025-04-05,0.6547,28674560.89888
2025-04-06,0.5737,100114842.79883
2025-04-07,0.5864,233993860.9905
2025-04-08,0.5583,140376776.13991
2025-04-09,0.6315,193514203.94054
2025-04-10,0.6094,97760667.94915
2025-04-11,0.6239,95660548.13439
2025-04-12,0.6595,74989055.19792
2025-04-13,0.6383,67661471.89077
2025-04-14,0.6353,75576835.20768
2025-04-15,0.6091,90697492.06722
2025-04-16,0.6105,77158540.10763
2025-04-17,0.6167,43465213.99385
2025-04-18,0.6275,34564811.69458
2025-04-19,0.6282,26778635.77132
2025-04-20,0.6202,31191890.7986
2025-04-21,0.6242,72235526.83227
2025-04-22,0.6794,93428819.18997
2025-04-23,0.6977,111432322.64062
2025-04-24,0.7219,122204212.89687
2025-04-25,0.7135,108219560.19004
2025-04-26,0.707,70618731.0
2025-04-27,0.7032,57661597.92464
2025-04-28,0.7056,104331236.54364
2025-04-29,0.6958,102458146.58677
2025-04-30,0.6816,66716855.23126
2025-05-01,0.705,60296755.56027
2025-05-02,0.6981,70400459.7687
2025-05-03,0.6995,89479007.5903
2025-05-04,0.6762,78686408.91985
2025-05-05,0.6622,77361579.75511
2025-05-06,0.6789,53668986.40121
2025-05-07,0.6715,60284800.34541
2025-05-08,0.7693,173217598.07426
2025-05-09,0.7774,175253924.61107
2025-05-10,0.8406,143415300.86881
2025-05-11,0.8053,105878826.27742
2025-05-12,0.817,206245031.15204
2025-05-13,0.8299,137987596.82162
2025-05-14,0.7986,111521590.00532
2025-05-15,0.7624,140156778.88252
2025-05-16,0.7588,69187209.20108
2025-05-17,0.7427,95638132.27526
2025-05-18,0.7596,102747560.9634
2025-05-19,0.7425,88983797.97391
2025-05-20,0.746,69700821.83684
2025-05-21,0.7693,115308417.52499
2025-05-22,0.8093,108182115.74625
2025-05-23,0.7471,180963601.32664
2025-05-24,0.7467,55409984.26145
2025-05-25,0.7598,59879509.00708
2025-05-26,0.7604,60805682.4477
2025-05-27,0.7583,69594192.20101
2025-05-28,0.7476,56486669.53706
2025-05-29,0.7221,77679528.53274
2025-05-30,0.6889,122584628.3786
2025-05-31,0.6858,75021022.71933
2025-06-01,0.6855,61880474.21462
2025-06-02,0.6896,49395407.56271
2025-06-03,0.6837,52218021.48704
2025-06-04,0.6654,48905399.91903
2025-06-05,0.6256,94703950.38161
2025-06-06,0.6554,64764034.87276
2025-06-07,0.6645,34951078.82232
2025-06-08,0.6703,48769745.91142
2025-06-09,0.7049,67351121.01181
2025-06-10,0.7167,103406010.20756
2025-06-11,0.698,81320676.73412
2025-06-12,0.6613,67245294.60862
2025-06-13,0.642,114227561.42233
2025-06-14,0.6247,36385016.6694
2025-06-15,0.6334,28093026.33676
2025-06-16,0.6303,64255041.15464
2025-06-17,0.609,68473477.3862
2025-06-18,0.6039,72821096.55738
2025-06-19,0.602,41632721.26293
2025-06-20,0.5774,82324466.0219
2025-06-21,0.5561,80131680.49216
2025-06-22,0.5419,136603457.16723
2025-06-23,0.5823,119108968.50695
2025-06-24,0.5875,86538716.27419
2025-06-25,0.5671,61350103.14402
2025-06-26,0.5543,57309204.39403
2025-06-27,0.5587,44656696.47917
2025-06-28,0.5654,33873566.67376
2025-06-29,0.5773,58496308.09829
2025-06-30,0.5722,64727221.53763
2025-07-01,0.542,67859772.75825
2025-07-02,0.584,107307595.68072
2025-07-03,0.5992,67774049.97046
2025-07-04,0.5724,49123867.65846
2025-07-05,0.5755,20554975.26339
2025-07-06,0.5858,31717884.86786
2025-07-07,0.5805,46433077.37291
2025-07-08,0.5884,42273682.95172
2025-07-09,0.6227,90250880.5708
2025-07-10,0.6775,101200924.34153
2025-07-11,0.7094,306272613.87385
2025-07-12,0.7089,120239651.43366
2025-07-13,0.7367,158390538.75648
2025-07-14,0.7352,177328824.70904
2025-07-15,0.7466,141051229.02586
2025-07-16,0.7644,147055462.63542
2025-07-17,0.8216,287022804.90998
2025-07-18,0.8158,333173065.39475
2025-07-19,0.8298,91600048.2994
2025-07-20,0.858,192998386.404
2025-07-21,0.8891,303749095.31385
2025-07-22,0.9034,246619451.7309
2025-07-23,0.816,233096990.7672
2025-07-24,0.806,242542914.00891
2025-07-25,0.8158,147497050.36198
2025-07-26,0.8198,86277163.12952
2025-07-27,0.832,95312357.07786
2025-07-28,0.7932,144410850.28553
2025-07-29,0.7828,99482838.62699
2025-07-30,0.7634,137883255.39806
2025-07-31,0.7392,104006783.12023
2025-08-01,0.7141,151021709.41869
2025-08-02,0.6975,90901900.6619
2025-08-03,0.727,72206730.37647
2025-08-04,0.7549,81345099.99729
2025-08-05,0.7258,85668441.33607
2025-08-06,0.7413,58786104.01552
2025-08-07,0.7874,110474718.85162
2025-08-08,0.7911,126435892.71956
2025-08-09,0.8029,102771262.68502
2025-08-10,0.8014,109344083.59081
2025-08-11,0.7728,159056611.52759
2025-08-12,0.8411,218538079.46197
2025-08-13,0.9042,254250688.42425
2025-08-14,0.9258,855583262.06558
2025-08-15,0.9453,391712140.52648
2025-08-16,0.9211,264574214.43787
2025-08-17,0.9609,225561030.03836
2025-08-18,0.9236,252068831.48216
2025-08-19,0.8464,325420035.48239
2025-08-20,0.8808,234971153.3683
2025-08-21,0.8519,128195308.43577
2025-08-22,0.9314,333139583.00386
2025-08-23,0.9143,149462344.27772
2025-08-24,0.909,234691051.8173
2025-08-25,0.8371,260403708.36823
2025-08-26,0.8663,136290096.98298
2025-08-27,0.8509,136010978.38542
2025-08-28,0.8576,113746185.28428
2025-08-29,0.8266,167327202.38261
2025-08-30,0.8224,67161034.42052
2025-08-31,0.8113,57846590.66976
2025-09-01,0.8014,163843430.84751
2025-09-02,0.8349,115753665.51326
2025-09-03,0.8366,71282605.57118
2025-09-04,0.8093,69554723.97477
2025-09-05,0.8307,107860850.50161
2025-09-06,0.8184,38379685.7848
2025-09-07,0.8351,53796954.73464
2025-09-08,0.8651,113935806.97612
2025-09-09,0.8652,163689793.94283
2025-09-10,0.8854,96089954.08914
2025-09-11,0.8939,104284436.24838
2025-09-12,0.9169,131918270.09136
2025-09-13,0.9294,194032275.92095
2025-09-14,0.8879,96200259.31928
2025-09-15,0.8632,134923420.94271
2025-09-16,0.8803,79972991.52211
2025-09-17,0.9138,136309028.5734
2025-09-18,0.9244,150424356.85432
2025-09-19,0.8904,118813292.35069
2025-09-20,0.8931,47179296.81544
2025-09-21,0.884,57347753.93067
2025-09-22,0.8256,217134354.18643
2025-09-23,0.806,76275482.1838
2025-09-24,0.8127,77901958.22156
2025-09-25,0.7637,166051432.2349
2025-09-26,0.7919,79479283.54222
2025-09-27,0.7809,30053867.05413
2025-09-28,0.8086,47827749.59335
2025-09-29,0.8061,67503838.68653
2025-09-30,0.8072,70666660.29203
2025-10-01,0.8508,109961676.29891
2025-10-02,0.8706,115025341.1496
2025-10-03,0.8655,115850123.01259
2025-10-04,0.8395,60644278.02963
2025-10-05,0.8371,128077109.02901
2025-10-06,0.8715,147791024.21619
2025-10-07,0.8198,144193977.98588
2025-10-08,0.8387,90506719.9396
2025-10-09,0.8152,101900553.35673
2025-10-10,0.6353,502238104.0074
2025-10-11,0.6316,271812426.57164
2025-10-12,0.7,140770994.4996
2025-10-13,0.7284,173815405.54666
2025-10-14,0.6989,200675930.38782
2025-10-15,0.6684,109763444.61667
2025-10-16,0.6453,132024592.40807
2025-10-17,0.6245,166365589.68063
2025-10-18,0.6343,37556030.39037
2025-10-19,0.6528,70799713.30671
2025-10-20,0.6625,95958784.82134
2025-10-21,0.6428,101610812.65437
2025-10-22,0.6238,98127241.52799
2025-10-23,0.6428,59800155.24974
2025-10-24,0.656,64664283.95758
2025-10-25,0.6542,26591183.82143
2025-10-26,0.6812,61960619.84128
2025-10-27,0.667,64538722.15919
2025-10-28,0.6459,76822085.04456
2025-10-29,0.6401,89836489.08435
2025-10-30,0.6016,101095505.94278
2025-10-31,0.6091,60697462.42945
2025-11-01,0.6128,27299676.49931
2025-11-02,0.6106,32610059.85726
2025-11-03,0.5528,133847447.78696
2025-11-04,0.5208,177769616.49424
2025-11-05,0.5453,87942350.89913
2025-11-06,0.5318,64815300.20636
2025-11-07,0.5763,107724772.1113
2025-11-08,0.5688,56981850.50436
2025-11-09,0.579,51879622.94747
2025-11-10,0.5928,60628055.60985
2025-11-11,0.5564,66863636.88326
2025-11-12,0.5458,55475904.45091
2025-11-13,0.5298,81336851.18705
2025-11-14,0.4984,97907303.59882
2025-11-15,0.5036,55371383.93685
2025-11-16,0.4845,85018166.77662
2025-11-17,0.4663,107563305.43848
2025-11-18,0.4752,91652075.41192
2025-11-19,0.464,86652223.29824
2025-11-20,0.4324,81826852.96095
2025-11-21,0.4091,185912266.43607
2025-11-22,0.4046,39712161.91988
2025-11-23,0.4085,46465257.97333
2025-11-24,0.4276,65336412.93517
2025-11-25,0.4218,48670459.49867
2025-11-26,0.4356,40121492.49807
2025-11-27,0.4331,30200861.39638
2025-11-28,0.4199,43828458.8797
2025-11-29,0.4147,21406099.99181
2025-11-30,0.4143,26057004.22007
2025-12-01,0.3856,80956509.14423
2025-12-02,0.4335,66544223.08554
2025-12-03,0.4499,57344139.56575
2025-12-04,0.4394,46255836.39788
2025-12-05,0.4157,41594651.26241
2025-12-06,0.4138,19691263.17865
2025-12-07,0.4173,43755633.52433
2025-12-08,0.4328,45585924.22889
2025-12-09,0.4697,117283518.80639
2025-12-10,0.4536,87551529.51621
2025-12-11,0.4255,107775527.04225
2025-12-12,0.4091,60464300.84455
2025-12-13,0.4105,17857623.1228
2025-12-14,0.3963,37541097.1925
2025-12-15,0.3882,45655042.07721
2025-12-16,0.3859,36239180.18219
2025-12-17,0.3673,51213804.74811
2025-12-18,0.3514,55911338.2644
2025-12-19,0.3767,40789742.80056
2025-12-20,0.373,16946228.22879
2025-12-21,0.3662,29280328.22649
2025-12-22,0.3711,42797818.70844
2025-12-23,0.3628,31778362.97387
2025-12-24,0.3566,28812615.20651
2025-12-25,0.3434,41418735.01194
2025-12-26,0.3496,41524629.46699
2025-12-27,0.37,26734479.57726
2025-12-28,0.3688,33215523.52886
2025-12-29,0.3532,56572640.59189
2025-12-30,0.3514,33773625.96686
2025-12-31,0.3335,45198439.72295
2026-01-01,0.3565,36328065.70213
2026-01-02,0.3949,80026927.89557
2026-01-03,0.3893,38452049.61005
2026-01-04,0.4007,48147166.6272
2026-01-05,0.4211,74162130.51837
2026-01-06,0.4194,79338906.48635
2026-01-07,0.4022,39416821.25545
2026-01-08,0.3956,44635268.47263
2026-01-09,0.3914,33428359.10616
2026-01-10,0.3886,14551909.16602
2026-01-11,0.391,27911247.1941
2026-01-12,0.3862,50942999.6978
2026-01-13,0.4218,65773536.25976
2026-01-14,0.4143,62241050.78292
2026-01-15,0.3936,55311927.05379
2026-01-16,0.3955,40729493.44843
2026-01-17,0.3973,20118845.07665
2026-01-18,0.3758,30888163.12092
2026-01-19,0.3703,94346695.33093
2026-01-20,0.3507,63271449.76132
2026-01-21,0.3659,52897515.83138
2026-01-22,0.3594,25984126.1871
2026-01-23,0.3602,27205342.05167
2026-01-24,0.3583,9468072.10283
2026-01-25,0.3391,38853463.85416
2026-01-26,0.3521,32458609.93124
2026-01-27,0.3608,34602118.26546
2026-01-28,0.3583,32410292.50836
2026-01-29,0.3347,49106629.98523
2026-01-30,0.3208,56684800.60491
2026-01-31,0.2936,128757676.99628
2026-02-01,0.2858,53455792.84016
2026-02-02,0.2991,63397417.95689
2026-02-03,0.2917,52808126.33912
2026-02-04,0.2864,49974506.09058
2026-02-05,0.2455,123374101.43579
2026-02-06,0.2762,175492233.94696
2026-02-07,0.2721,129007350.78406
2026-02-08,0.2701,72518376.13008
2026-02-09,0.2699,44932324.1002
2026-02-10,0.262,24794881.55077
2026-02-11,0.2559,26922683.16674
2026-02-12,0.2643,29219864.76877
2026-02-13,0.2728,27149145.02958
2026-02-14,0.295,32140690.62393
2026-02-15,0.2818,42050238.15687
2026-02-16,0.2858,21779878.37474
2026-02-17,0.2811,21286807.38688
2026-02-18,0.2735,22571945.29274
2026-02-19,0.2729,21015364.27077
2026-02-20,0.2849,34607130.85032
2026-02-21,0.28,14264598.88868
2026-02-22,0.2717,13766694.99293
2026-02-23,0.2623,33006861.48863
2026-02-24,0.2587,23990212.67803
2026-02-25,0.2971,95595035.31716
2026-02-26,0.287,47797731.25193
2026-02-27,0.2776,30293488.05388
2026-02-28,0.281,52314209.28271
2026-03-01,0.2735,42276970.44483
2026-03-02,0.2771,41348243.24509
2026-03-03,0.2625,53951432.03094
2026-03-04,0.2763,80915336.24492
2026-03-05,0.2692,40072042.3494
2026-03-06,0.259,34570521.91555
2026-03-07,0.2544,25147767.18594
2026-03-08,0.2493,28391519.88758
2026-03-09,0.2552,35531883.65464
2026-03-10,0.2621,50414896.33042
2026-03-11,0.2626,38930034.37941
2026-03-12,0.2636,22528195.96777
2026-03-13,0.2656,52543871.14738
2026-03-14,0.2634,25566277.93749
2026-03-15,0.2702,23111937.53068
2026-03-16,0.2904,95486339.9969
2026-03-17,0.2891,45171744.89401
2026-03-18,0.2742,41745478.2481
2026-03-19,0.2675,28627882.83129
2026-03-20,0.2661,22765066.72367
2026-03-21,0.2574,17883463.47436
2026-03-22,0.2506,28810390.46473
2026-03-23,0.2616,51803393.62377
2026-03-24,0.2664,28008283.18635
2026-03-25,0.2705,32697043.36782
2026-03-26,0.2547,38134318.66442
2026-03-27,0.2461,36281277.19824
2026-03-28,0.246,18181739.31338
2026-03-29,0.2398,30168575.58422
2026-03-30,0.2434,27776404.51894
2026-03-31,0.2418,34386626.21701
2026-04-01,0.2484,36406433.6172
2026-04-02,0.2394,47037345.62
2026-04-03,0.2463,26314442.54575
2026-04-04,0.2479,12379576.28895
2026-04-05,0.2508,16771223.64544
2026-04-06,0.2461,37718352.65911
2026-04-07,0.2627,42358249.36785
2026-04-08,0.2508,34863041.0079
2026-04-09,0.2541,22595172.74648
2026-04-10,0.2542,26138582.13987
2026-04-11,0.2495,33643016.01794
2026-04-12,0.2361,43787691.4139
2026-04-13,0.2486,36689671.48348
2026-04-14,0.2396,35702586.45374
2026-04-15,0.246,31280502.44348
2026-04-16,0.2591,56173290.45442
2026-04-17,0.2586,55099500.45575
2026-04-18,0.2491,26416855.13595
2026-04-19,0.2424,33320608.47681
2026-04-20,0.2479,25383587.08709
2026-04-21,0.2499,26117154.85634
2026-04-22,0.2484,32186005.69402
2026-04-23,0.2499,31272230.53755
2026-04-24,0.2503,17317945.20565
2026-04-25,0.2503,19439555.82703
2026-04-26,0.2522,15306073.52209
2026-04-27,0.2482,26349529.51026
2026-04-28,0.2468,14935477.31789
2026-04-29,0.2446,38798973.14491
2026-04-30,0.2463,16596854.21829
2026-05-01,0.2482,18390886.74118
2026-05-02,0.2501,11392181.23149
2026-05-03,0.2495,14631128.51882
2026-05-04,0.2499,32955251.25413
2026-05-05,0.262,40289062.05362
2026-05-06,0.267,46262000.91108
2026-05-07,0.2627,28845355.85108
2026-05-08,0.2734,26173114.67888
2026-05-09,0.2708,16450414.44939
2026-05-10,0.2824,39221589.03608
2026-05-11,0.2804,27085785.76461
2026-05-12,0.2711,26520151.8714
2026-05-13,0.2648,29696300.82243
2026-05-14,0.2706,32429426.19011
2026-05-15,0.2616,27023130.0046
2026-05-16,0.2551,19236741.34085
2026-05-17,0.2521,20986971.2118
2026-05-18,0.2516,28404331.62796
2026-05-19,0.2482,19480179.39253
2026-05-20,0.2492,20758631.18765
2026-05-21,0.2507,26779008.68841
2026-05-22,0.2424,33443171.4687
2026-05-23,0.246,33631943.12836
2026-05-24,0.2423,15171887.63028
2026-05-25,0.2437,17743429.48174
2026-05-26,0.2401,26558603.4942
2026-05-27,0.2372,25159925.92948
2026-05-28,0.2349,32099121.80892
2026-05-29,0.2329,19668962.72257
2026-05-30,0.236,19300534.53655
2026-05-31,0.2357,14869060.55588
2026-06-01,0.2311,28697211.31123
2026-06-02,0.213,52140064.88887
2026-06-03,0.2004,51505297.25672
2026-06-04,0.1798,72484612.35035
2026-06-05,0.1567,91932735.70121
2026-06-06,0.1573,51625373.86275
2026-06-07,0.1653,40792493.80422
2026-06-08,0.1704,33372593.27963
2026-06-09,0.1653,27216701.75941
2026-06-10,0.1607,30164452.14981
2026-06-11,0.1707,30935714.40659
2026-06-12,0.1697,28945288.64254
2026-06-13,0.1718,18235497.04109
2026-06-14,0.183,26282861.44033
2026-06-15,0.1786,46902402.7329
2026-06-16,0.1724,26630869.78098
2026-06-17,0.1669,36845962.53743
2026-06-18,0.1637,20366010.99543
2026-06-19,0.1621,14023378.71935
2026-06-20,0.1633,11729294.87636
2026-06-21,0.1566,13618201.37624
2026-06-22,0.1585,16145841.56231
2026-06-23,0.1515,29238630.25172
2026-06-24,0.1477,41623089.73737
2026-06-25,0.1438,25263700.89684
2026-06-26,0.1484,26074727.00335
2026-06-27,0.1453,13221996.17783
2026-06-28,0.1438,8856081.71012
2026-06-29,0.1458,15230118.5816
2026-06-30,0.1444,15279767.28399
2026-07-01,0.1539,39041786.52245
2026-07-02,0.1615,26177799.91168
2026-07-03,0.1798,52165289.65943
2026-07-04,0.1922,60759023.73887
2026-07-05,0.1895,36152159.98975
2026-07-06,0.1842,29155555.8555
2026-07-07,0.1746,21257399.02123
2026-07-08,0.1671,20952855.78562
2026-07-09,0.1666,20003720.44007
2026-07-10,0.1667,22147651.53614
2026-07-11,0.1658,15706804.89611
2026-07-12,0.1621,12171861.22589
2026-07-13,0.1576,14389598.17441
2026-07-14,0.1656,19649721.53628
2026-07-15,0.1651,18301365.05878
2026-07-16,0.1609,13285688.42056
2026-07-17,0.1667,24194545.34792
2026-07-18,0.1667,13949054.59006
2026-07-19,0.1663,7038794.83462
2026-07-20,0.1698,23051142.34108
2026-07-21,0.1737,23599717.74466
2026-07-22,0.1745,15659282.62002
2026-07-23,0.1685,11071163.3761
2026-07-24,0.164,9904438.90002
2026-07-25,0.1648,5970340.14449
2026-07-26,0.166,5688693.82696
2026-07-27,0.1556,16175040.94881
2026-07-28,0.162,19071573.33075
2026-07-29,0.1621,21479626.556
2026-07-30,0.1697,25024237.8134
2026-07-31,0.1682,16869723.72404
2026-08-01,0.1744,17103337.52573
2026-08-02,0.1895,45448922.17457
2026-08-03,0.1937,41797422.19279
2026-08-04,0.193,30241638.70582
2026-08-05,0.1911,24843765.76681
2026-08-06,0.2012,53732718.78098
2026-08-07,0.2008,25401641.35259
2026-08-08,0.1995,9875273.81247
2026-08-09,0.1945,11923926.62495
2026-08-10,0.191,13440139.06934
2026-08-11,0.1871,16092578.05177
2026-08-12,0.1826,12286188.78566
2026-08-13,0.1825,11035020.08937
2026-08-14,0.1802,10556322.63366
2026-08-15,0.1765,5948808.8804
2026-08-16,0.1749,9643923.25821
2026-08-17,0.1743,11224999.70205
2026-08-18,0.1746,9818013.37307
2026-08-19,0.1871,31973332.29192
2026-08-20,0.199,45278106.4633
2026-08-21,0.2291,75889892.32447
2026-08-22,0.226,95429505.51089
2026-08-23,0.227,41422036.52918
2026-08-24,0.2215,38590328.78706
2026-08-25,0.2091,34017876.45964
2026-08-26,0.2124,22311753.48628
2026-08-27,0.2138,25975849.33065
2026-08-28,0.2031,26854619.25902
2026-08-29,0.2018,9371144.99831
2026-08-30,0.1927,22210594.61245
2026-08-31,0.1978,19099939.95079
2026-09-01,0.1967,20058805.02229
2026-09-02,0.2012,19141652.5255
2026-09-03,0.2211,48919130.28569
2026-09-04,0.2113,47898172.79377
2026-09-05,0.2183,33079660.02913
2026-09-06,0.2234,28536344.79935
2026-09-07,0.2205,38349129.93995
2026-09-08,0.2195,47689010.5383
2026-09-09,0.2119,39952359.81099
2026-09-10,0.2047,28369608.80774
2026-09-11,0.2064,48030560.64517
2026-09-12,0.2074,13294853.51208
2026-09-13,0.2035,15195737.8382
2026-09-14,0.2086,30261031.28724
2026-09-15,0.1954,35355909.36819
2026-09-16,0.1965,26268466.38066
2026-09-17,0.2026,23220138.46131
2026-09-18,0.2244,53036096.73449
2026-09-19,0.2278,43136440.25216
2026-09-20,0.2279,33594024.6406
2026-09-21,0.2451,67810332.56395
2026-09-22,0.2543,75672412.58103
2026-09-23,0.2384,60468039.9036
2026-09-24,0.2477,41843522.36475
2026-09-25,0.2588,57092332.74667
2026-09-26,0.254,42377244.74393
2026-09-27,0.2551,28652083.37617
2026-09-28,0.2473,56126026.63776
2026-09-29,0.2445,42122114.97634
2026-09-30,0.2466,35362507.3654
2026-10-01,0.2464,35642723.99314
