date,close,volume
2017-11-06,1.571,192128.335549
2017-11-07,1.8,224771.730969
2017-11-08,1.9889,661188.791512
2017-11-09,1.99,585812.825704
2017-11-10,1.7133,885876.8652
2017-11-11,1.655,452345.770169
2017-11-12,1.49,704902.989639
2017-11-13,1.68,273596.323188
2017-11-14,1.5911,285855.4757
2017-11-15,1.5532,460183.52253
2017-11-16,1.5599,315953.88804
2017-11-17,1.5041,640592.380726
2017-11-18,1.6699,270253.427936
2017-11-19,1.6,294879.465206
2017-11-20,1.64,257135.103704
2017-11-21,1.5874,653820.950625
2017-11-22,1.6158,311505.227801
2017-11-23,1.57,289488.771316
2017-11-24,1.7292,1080205.326803
2017-11-25,1.87,856432.449549
2017-11-26,1.8388,359756.024918
2017-11-27,1.9532,877871.738231
2017-11-28,1.9249,677548.274444
2017-11-29,1.7565,1734093.398532
2017-11-30,1.95,1410818.441963
2017-12-01,2.0527,650183.351446
2017-12-02,2.0797,495787.768605
2017-12-03,2.2617,764734.634109
2017-12-04,2.55,945326.372868
2017-12-05,2.612,1125838.346443
2017-12-06,2.5134,970951.895214
2017-12-07,2.6625,1406348.826139
2017-12-08,2.79,1643051.586987
2017-12-09,2.65,1195662.19831
2017-12-10,2.4619,1346922.162266
2017-12-11,2.687,1008639.185552
2017-12-12,2.5547,1418968.928439
2017-12-13,2.719,1805890.315819
2017-12-14,3.1519,2897004.542185
2017-12-15,4.12,3307473.578784
2017-12-16,4.6378,3319650.86142
2017-12-17,5.999,8931149.054843
2017-12-18,6.0,7898873.16033
2017-12-19,5.6999,10454908.076245
2017-12-20,5.1502,7254130.949526
2017-12-21,5.1596,5040755.016606
2017-12-22,4.2912,6727001.091803
2017-12-23,4.4,4432830.069613
2017-12-24,5.181,4706891.053183
2017-12-25,6.4631,8940235.580009
2017-12-26,9.254,25800543.063661
2017-12-27,10.0731,27989687.572451
2017-12-28,9.25,22221179.907645
2017-12-29,8.7094,12573057.266305
2017-12-30,7.5947,12799185.75526
2017-12-31,8.53,10608475.154
2018-01-01,8.45,5400587.859207
2018-01-02,8.715,10811231.71794
2018-01-03,9.304,8256005.928083
2018-01-04,9.143,8720171.270568
2018-01-05,14.8908,34978202.423947
2018-01-06,22.6,57138637.819288
2018-01-07,18.594,31345967.063744
2018-01-08,17.9971,36185866.152152
2018-01-09,17.399,23915578.639132
2018-01-10,17.5,18789438.19822
2018-01-11,21.2024,66194432.305624
2018-01-12,22.1999,65523685.059818
2018-01-13,22.0246,23892359.656603
2018-01-14,20.4541,27604526.761593
2018-01-15,19.3396,48015494.101221
2018-01-16,13.1996,139644539.595996
2018-01-17,14.1998,122414802.672386
2018-01-18,14.1397,97652794.246735
2018-01-19,14.9447,43859906.146541
2018-01-20,16.1712,41482318.428964
2018-01-21,14.1334,47611231.712227
2018-01-22,12.91,37462952.575597
2018-01-23,13.1022,30111386.35554
2018-01-24,13.8,26281710.580195
2018-01-25,13.1905,19412612.638806
2018-01-26,13.1344,22953959.42558
2018-01-27,13.3994,13146032.477264
2018-01-28,13.7739,18904156.176433
2018-01-29,12.815,11323433.168136
2018-01-30,11.4749,15867521.227454
2018-01-31,11.3131,10484378.715139
2018-02-01,9.5138,21324215.619029
2018-02-02,9.7484,36505514.477761
2018-02-03,9.7252,22613977.150025
2018-02-04,8.3511,17956277.488154
2018-02-05,6.7315,22662358.507084
2018-02-06,8.263,43465082.516216
2018-02-07,8.0647,36944818.075555
2018-02-08,8.2791,759169.472181
2018-02-09,9.86,22679154.338403
2018-02-10,9.2448,32153679.13439
2018-02-11,8.674,26487879.882144
2018-02-12,9.3389,17582215.104663
2018-02-13,9.016,12322372.961558
2018-02-14,10.4096,24867818.305358
2018-02-15,10.8661,45428000.507594
2018-02-16,11.25,21239028.809381
2018-02-17,11.66,26288227.895486
2018-02-18,10.6631,24076691.296683
2018-02-19,11.0601,14693133.116507
2018-02-20,9.8888,25120547.905454
2018-02-21,9.3799,21918750.268079
2018-02-22,8.86,16364492.720244
2018-02-23,9.693,14877321.473729
2018-02-24,9.0873,12541275.414407
2018-02-25,9.35,8166986.474999
2018-02-26,9.9199,12220016.044725
2018-02-27,10.56,25366239.499568
2018-02-28,10.4536,17222788.462377
2018-03-01,10.4768,12865720.182066
2018-03-02,10.2348,7352923.498799
2018-03-03,10.2399,6565327.501765
2018-03-04,10.4139,5999839.606848
2018-03-05,10.0847,4817003.637165
2018-03-06,9.3899,9004310.681736
2018-03-07,9.0405,26852891.548299
2018-03-08,8.2703,15950752.244674
2018-03-09,8.2807,14901604.200198
2018-03-10,7.65,17878163.37168
2018-03-11,8.268,21201501.075759
2018-03-12,8.034,20891213.106571
2018-03-13,10.2188,69292853.792193
2018-03-14,8.9243,50429708.105629
2018-03-15,9.1047,38290247.370829
2018-03-16,9.0645,36778757.583016
2018-03-17,8.9231,35664698.273175
2018-03-18,8.9648,33053790.205281
2018-03-19,9.035,34486023.701827
2018-03-20,9.1618,35159668.439161
2018-03-21,9.9777,47849842.97735
2018-03-22,10.0806,47848987.776693
2018-03-23,11.7397,58744458.384913
2018-03-24,13.2398,109966022.967657
2018-03-25,12.95,82161202.42043
2018-03-26,12.05,65134074.948887
2018-03-27,11.5404,47085538.256193
2018-03-28,11.6888,37792501.912111
2018-03-29,10.1877,39276255.097276
2018-03-30,10.3955,38548819.307562
2018-03-31,11.051,45663753.203284
2018-04-01,11.0767,44633665.77944
2018-04-02,12.5996,53481043.8005
2018-04-03,13.305,68261762.427423
2018-04-04,12.21,64097901.423755
2018-04-05,12.4888,53212219.531211
2018-04-06,12.2599,38651401.407442
2018-04-07,12.5,40619324.091952
2018-04-08,12.1311,37945714.872477
2018-04-09,11.8888,36295327.01358
2018-04-10,12.0904,41694196.558433
2018-04-11,12.33,40544573.621479
2018-04-12,13.0087,60784049.312556
2018-04-13,13.52,70417293.134669
2018-04-14,13.2888,47242696.623243
2018-04-15,13.0989,50966457.161287
2018-04-16,12.2342,33604249.542756
2018-04-17,11.777,29830190.391654
2018-04-18,12.2999,32476880.961602
2018-04-19,12.361,29469321.849412
2018-04-20,12.5858,33661511.198102
2018-04-21,13.3302,59501254.836204
2018-04-22,12.8888,33398981.918383
2018-04-23,13.645,60098620.413938
2018-04-24,15.0895,69952675.332401
2018-04-25,13.3999,73903160.466492
2018-04-26,14.63,59387951.330058
2018-04-27,14.2396,41808566.925412
2018-04-28,15.2011,56833811.863934
2018-04-29,15.0489,42480975.988898
2018-04-30,14.3291,30209221.620393
2018-05-01,14.1711,27657821.700012
2018-05-02,14.439,29709562.929623
2018-05-03,14.6999,36292488.943135
2018-05-04,14.3622,27098755.546115
2018-05-05,14.4468,27029269.399087
2018-05-06,14.012,30025181.617622
2018-05-07,13.71,22175899.267109
2018-05-08,13.4981,19482429.030432
2018-05-09,14.6417,36481965.563171
2018-05-10,13.7957,23814558.641313
2018-05-11,12.9884,20738478.5111
2018-05-12,12.9319,16197273.119535
2018-05-13,13.1515,24594243.795183
2018-05-14,12.8388,19732255.177098
2018-05-15,12.5389,16663163.294407
2018-05-16,12.2901,13060083.293062
2018-05-17,12.3777,21540904.479208
2018-05-18,15.1363,81466417.283873
2018-05-19,14.33,50229062.774402
2018-05-20,14.1666,33610874.334164
2018-05-21,14.6996,36338921.301102
2018-05-22,13.888,33956032.257857
2018-05-23,12.4998,28603983.614628
2018-05-24,13.0288,20037253.753531
2018-05-25,13.0129,17063650.325735
2018-05-26,12.7888,15801577.021713
2018-05-27,12.6046,13519380.343815
2018-05-28,11.9179,11420576.011776
2018-05-29,12.6073,18092196.277756
2018-05-30,12.6199,16280445.891984
2018-05-31,14.2,37070312.437441
2018-06-01,14.2888,32653012.969116
2018-06-02,14.6732,34189301.515419
2018-06-03,14.6995,32934034.525405
2018-06-04,14.2636,22251821.258586
2018-06-05,15.6156,38768714.54468
2018-06-06,17.275,63980353.44343
2018-06-07,16.2791,54757849.326377
2018-06-08,16.2292,41055574.700562
2018-06-09,16.0188,38368117.183825
2018-06-10,14.18,37827121.595709
2018-06-11,15.47,36064581.538948
2018-06-12,15.2263,53983333.335137
2018-06-13,14.5888,46815488.328284
2018-06-14,14.867,39482057.010549
2018-06-15,14.9895,38907490.481165
2018-06-16,15.7602,38045736.412739
2018-06-17,16.5987,53502585.078729
2018-06-18,16.8111,47861779.314918
2018-06-19,16.7556,34963195.214421
2018-06-20,16.0773,31306144.775948
2018-06-21,17.0727,59369253.233247
2018-06-22,15.56,54171930.631343
2018-06-23,15.6398,33027599.351465
2018-06-24,14.4174,55238298.522296
2018-06-25,14.92,33067739.395258
2018-06-26,14.0525,20048435.454461
2018-06-27,14.0737,21486064.57909
2018-06-28,14.206,34330807.123393
2018-06-29,14.5399,25496746.955655
2018-06-30,14.6851,31764133.058728
2018-07-01,14.37,17467526.242541
2018-07-02,14.5968,27317959.54243
2018-07-03,14.1639,25735997.901144
2018-07-04,14.0212,15117011.747177
2018-07-05,13.76,16099476.98922
2018-07-06,13.4366,12814481.554086
2018-07-07,14.16,34914778.132254
2018-07-08,14.01,25039486.304264
2018-07-09,13.5348,14806707.805538
2018-07-10,12.77,16501887.034692
2018-07-11,12.697,21058226.248708
2018-07-12,12.1318,12910599.589208
2018-07-13,12.1803,13548020.403462
2018-07-14,12.0595,8467281.467104
2018-07-15,12.321,11950242.437808
2018-07-16,13.3471,21925857.290281
2018-07-17,13.7398,32570276.184119
2018-07-18,12.8574,33794147.781903
2018-07-19,12.955,21603602.169188
2018-07-20,12.0798,18560112.926735
2018-07-21,12.1959,11713318.544765
2018-07-22,12.1885,8743603.549702
2018-07-23,12.0348,10248756.149165
2018-07-24,12.1469,17678964.466903
2018-07-25,13.0048,30990115.091859
2018-07-26,13.3283,27045752.072738
2018-07-27,13.9919,25531858.178457
2018-07-28,14.669,31740491.99232
2018-07-29,13.9569,22996010.777869
2018-07-30,13.1666,16318839.012266
2018-07-31,13.8369,25968909.870792
2018-08-01,13.6666,19484025.286529
2018-08-02,14.15,16667767.04466
2018-08-03,14.1251,23922598.174896
2018-08-04,13.8663,23504937.17289
2018-08-05,13.64,16025447.519181
2018-08-06,13.6998,19146597.274273
2018-08-07,13.1488,15401942.953135
2018-08-08,12.1489,18318248.31766
2018-08-09,12.7654,17358341.580138
2018-08-10,12.1472,16351283.756291
2018-08-11,11.6972,11161621.548098
2018-08-12,11.7999,9652628.11456
2018-08-13,10.2576,14186384.039565
2018-08-14,9.3999,16293912.252131
2018-08-15,9.5049,20575226.457214
2018-08-16,9.7888,9841969.122055
2018-08-17,10.88,13760725.793228
2018-08-18,9.8807,11487200.211686
2018-08-19,10.1388,9034520.161367
2018-08-20,9.6377,6634719.518377
2018-08-21,9.7399,4485427.987941
2018-08-22,9.5888,9165730.019634
2018-08-23,9.7587,6249555.55177
2018-08-24,10.2038,7724105.843198
2018-08-25,10.1058,6865462.078839
2018-08-26,10.2158,7498417.685594
2018-08-27,11.1888,16342711.984367
2018-08-28,11.5188,17325480.930577
2018-08-29,11.1888,12816786.614576
2018-08-30,10.7899,8050603.708558
2018-08-31,10.9899,8904059.692226
2018-09-01,11.48,11858401.659005
2018-09-02,11.3684,8001144.011192
2018-09-03,11.3294,7241099.573479
2018-09-04,11.4217,7161798.610399
2018-09-05,9.9664,12709076.726525
2018-09-06,10.2888,8508375.033756
2018-09-07,9.9401,5437853.871892
2018-09-08,9.5224,5765529.187651
2018-09-09,9.5399,5481832.397168
2018-09-10,9.508,3907007.985042
2018-09-11,9.3688,7292638.319121
2018-09-12,9.2081,6586263.738557
2018-09-13,9.5911,9707635.052138
2018-09-14,9.9268,10431829.296773
2018-09-15,10.0999,11217374.3255
2018-09-16,9.9399,7871452.191645
2018-09-17,9.3626,8384256.232622
2018-09-18,9.5599,8479042.454459
2018-09-19,9.6399,9381890.359499
2018-09-20,10.0388,10930645.339467
2018-09-21,10.48,14609742.49519
2018-09-22,10.2911,8803410.615031
2018-09-23,10.2907,8854976.308623
2018-09-24,10.0588,7260639.486216
2018-09-25,9.8745,6467310.146931
2018-09-26,9.712,6476644.422157
2018-09-27,10.0599,10874757.190832
2018-09-28,9.9911,10300532.419842
2018-09-29,10.0118,10290818.873204
2018-09-30,10.0172,10044300.565752
2018-10-01,9.9811,9447959.535416
2018-10-02,10.3711,16879602.915368
2018-10-03,10.3136,15575635.988752
2018-10-04,10.2982,14416384.719748
2018-10-05,10.6756,17155400.876299
2018-10-06,10.4289,12837946.637706
2018-10-07,10.5852,13442716.807221
2018-10-08,10.5911,13139669.295376
2018-10-09,10.4113,11129170.348366
2018-10-10,10.3614,10626150.958079
2018-10-11,9.3599,9920124.528386
2018-10-12,9.5551,9969773.604426
2018-10-13,9.681,10217008.316968
2018-10-14,9.5895,9343646.069239
2018-10-15,10.5655,24403410.278389
2018-10-16,10.2771,13174396.94833
2018-10-17,10.2338,14349325.147916
2018-10-18,9.922,12731504.183011
2018-10-19,9.9001,10965218.636772
2018-10-20,9.9365,11606230.136935
2018-10-21,9.9311,11904852.888886
2018-10-22,9.8932,10252902.783188
2018-10-23,9.9298,12076606.918577
2018-10-24,9.8837,10327342.770892
2018-10-25,9.8056,9866549.40137
2018-10-26,9.8296,10042937.842636
2018-10-27,9.7331,8349812.958829
2018-10-28,9.7207,8136588.44204
2018-10-29,9.445,7525106.643176
2018-10-30,9.4521,6803212.351281
2018-10-31,9.4807,6671089.908958
2018-11-01,9.6192,7528202.69593
2018-11-02,9.6421,8194490.466364
2018-11-03,9.5889,7781309.311534
2018-11-04,9.819,9056755.741708
2018-11-05,9.7333,8131267.116155
2018-11-06,9.881,8677224.600936
2018-11-07,9.897,8556329.625219
2018-11-08,9.686,7826431.10844
2018-11-09,9.6141,7091790.464076
2018-11-10,9.5898,7533998.386684
2018-11-11,9.5611,7180788.710182
2018-11-12,9.4862,6843645.615956
2018-11-13,9.3936,6227393.415766
2018-11-14,8.6811,5964449.985309
2018-11-15,8.3793,6802948.925313
2018-11-16,8.01,7292373.45122
2018-11-17,7.8494,5865731.485472
2018-11-18,8.0832,4838054.114957
2018-11-19,6.6844,7512579.853245
2018-11-20,5.92,9912905.068409
2018-11-21,6.2894,5084237.945527
2018-11-22,5.77,3840547.082434
2018-11-23,5.6611,3357369.283447
2018-11-24,5.193,4844925.914768
2018-11-25,5.2873,4998073.759825
2018-11-26,5.0631,4333954.593448
2018-11-27,4.984,3434036.230959
2018-11-28,5.3499,6061490.260849
2018-11-29,5.3805,5461031.121114
2018-11-30,5.115,3662427.823626
2018-12-01,5.2899,4874052.81019
2018-12-02,5.2888,4534872.243938
2018-12-03,5.1266,3451158.980001
2018-12-04,5.902,12882498.12217415
2018-12-05,6.0727,25915024.891642
2018-12-06,4.9023,16605405.771891
2018-12-07,4.516,10282558.541603
2018-12-08,4.6361,5751093.241387
2018-12-09,4.7693,7177505.612086
2018-12-10,4.6276,4361795.739574
2018-12-11,4.8973,5766708.758249
2018-12-12,4.9815,5925304.975092
2018-12-13,4.6384,4804678.850471
2018-12-14,4.5211,4370044.405834
2018-12-15,4.5531,4387901.297965
2018-12-16,4.616,4963613.541897
2018-12-17,5.065,7344673.590916
2018-12-18,5.5308,9864772.820849
2018-12-19,5.3633,9964231.850427
2018-12-20,5.6766,12060645.667534
2018-12-21,5.4766,8888728.773336
2018-12-22,5.8398,10028050.954402
2018-12-23,5.959,11203811.278916
2018-12-24,6.0979,12800612.446236
2018-12-25,5.45,7946748.599596
2018-12-26,5.6029,7510239.890038
2018-12-27,5.1791,6200387.822491
2018-12-28,5.8811,8318661.357344
2018-12-29,5.66,7206376.833483
2018-12-30,5.8939,8065674.631955
2018-12-31,6.1111,14438039.454585
2019-01-01,5.991,8379611.862422
2019-01-02,6.051,12667352.240985
2019-01-03,5.7979,8984033.715786
2019-01-04,5.9692,9772290.645118
2019-01-05,5.9625,9826475.877965
2019-01-06,6.2688,15355552.564777
2019-01-07,6.2009,10428760.417152
2019-01-08,6.5128,25730037.887084
2019-01-09,6.5511,27575766.440919
2019-01-10,5.8449,20367712.107099
2019-01-11,5.9595,15157433.652937
2019-01-12,5.8594,10235285.058373
2019-01-13,5.4688,8108312.422364
2019-01-14,6.0583,13521000.249423
2019-01-15,5.8111,8031293.154063
2019-01-16,6.0911,12960434.729842
2019-01-17,6.3266,14193314.652338
2019-01-18,6.4867,15985247.059954
2019-01-19,6.5199,14687340.306653
2019-01-20,6.4008,11481466.262429
2019-01-21,6.4724,11908754.858074
2019-01-22,6.4736,11938849.639233
2019-01-23,6.4969,12474449.059306
2019-01-24,6.4588,9750589.965848
2019-01-25,6.6899,17021668.779197
2019-01-26,6.9463,18598393.817596
2019-01-27,7.0396,19399583.767419
2019-01-28,6.1648,32288204.501957
2019-01-29,6.1661,18169111.04114
2019-01-30,6.1388,13687184.380913
2019-01-31,6.22,13878555.849304
2019-02-01,6.5229,19039053.024294
2019-02-02,6.8655,21783128.783937
2019-02-03,6.7887,21095885.790271
2019-02-04,7.1069,23064420.680175
2019-02-05,7.8665,30555459.709009
2019-02-06,8.1303,46487023.094392
2019-02-07,7.81,35149002.628069
2019-02-08,8.5972,40860967.438254
2019-02-09,8.9051,47410868.663698
2019-02-10,9.1697,52514889.989487
2019-02-11,9.5288,57201203.615301
2019-02-12,9.2765,46161674.265266
2019-02-13,8.9103,36165479.576568
2019-02-14,8.7655,24547147.485664
2019-02-15,9.2911,30588883.272504
2019-02-16,9.1087,22869550.901954
2019-02-17,9.22,22259140.520036
2019-02-18,9.6127,26459587.703255
2019-02-19,10.4728,49969717.014679
2019-02-20,10.9211,47273284.241928
2019-02-21,10.4661,31977282.892985
2019-02-22,10.7576,32510212.911946
2019-02-23,10.7265,30567202.596206
2019-02-24,9.9476,49351275.843466
2019-02-25,9.6967,52442588.585831
2019-02-26,9.4168,29619413.056984
2019-02-27,9.8467,34336397.563894
2019-02-28,10.2779,37396909.411865
2019-03-01,11.3111,44152799.747361
2019-03-02,11.7566,43818057.90284
2019-03-03,11.4511,32727760.247279
2019-03-04,11.4006,30560700.450351
2019-03-05,13.6229,107482964.630679
2019-03-06,14.5294,84008255.221381
2019-03-07,15.1,101414485.34027
2019-03-08,14.2931,90848655.629742
2019-03-09,14.4651,58062140.975948
2019-03-10,14.3711,50093088.214938
2019-03-11,14.4143,54303593.05517
2019-03-12,15.3333,60747159.402645
2019-03-13,15.0244,49667294.365356
2019-03-14,14.8901,45702098.682484
2019-03-15,14.9432,44970630.556925
2019-03-16,15.9589,51027787.313053
2019-03-17,15.5693,48737968.350018
2019-03-18,15.5388,38403832.139068
2019-03-19,15.4953,65955552.676115
2019-03-20,15.1288,35958975.368582
2019-03-21,14.3511,44410580.384387
2019-03-22,15.1502,40069206.590268
2019-03-23,15.1397,39846679.02577
2019-03-24,17.1096,86478446.288151
2019-03-25,16.7631,46472992.15214
2019-03-26,16.1998,44086712.960827
2019-03-27,16.6,53588345.695308
2019-03-28,16.6665,49575583.531128
2019-03-29,16.4753,45408014.592112
2019-03-30,16.9666,46116769.387966
2019-03-31,17.5376,55170337.210131
2019-04-01,17.8888,52669428.49396
2019-04-02,19.7155,62702520.871521
2019-04-03,18.5489,67883042.73247
2019-04-04,18.992,55680460.143077
2019-04-05,19.3657,51825140.403764
2019-04-06,19.0745,48185036.221402
2019-04-07,18.9523,44296486.486205
2019-04-08,17.9777,39222061.198727
2019-04-09,18.2984,49902259.792581
2019-04-10,18.24,46664596.972989
2019-04-11,17.5555,31411384.587709
2019-04-12,18.3333,41384885.795214
2019-04-13,18.6111,40484642.365226
2019-04-14,19.3866,46779479.130832
2019-04-15,19.2666,42952596.269131
2019-04-16,19.6408,43185852.935218
2019-04-17,19.4888,39131247.103883
2019-04-18,21.8888,76859035.465239
2019-04-19,24.3188,97541476.101794
2019-04-20,24.8888,87320188.459109
2019-04-21,23.9999,77726576.261717
2019-04-22,23.8,72180137.003328
2019-04-23,22.546,67622172.827015
2019-04-24,22.9703,65293459.483933
2019-04-25,22.4863,70932653.981115
2019-04-26,23.0555,75393015.340524
2019-04-27,22.4324,67575656.858512
2019-04-28,23.0226,69067258.092041
2019-04-29,21.6788,52801462.600293
2019-04-30,22.0391,47987092.830938
2019-05-01,21.8788,45032827.826184
2019-05-02,23.6166,56078160.970131
2019-05-03,23.6999,52406113.705314
2019-05-04,22.8888,43768914.432769
2019-05-05,22.9777,40919944.41562
2019-05-06,22.1895,39058125.114883
2019-05-07,20.6602,39553390.823722
2019-05-08,20.6673,56630740.961407
2019-05-09,18.8388,46078618.722513
2019-05-10,19.6166,46735449.139546
2019-05-11,20.8059,76700019.096599
2019-05-12,20.8934,67290647.825955
2019-05-13,23.521,103765929.624047
2019-05-14,23.6553,90350011.235486
2019-05-15,26.8116,89988096.508272
2019-05-16,26.2888,111245092.085173
2019-05-17,25.7795,85241258.720158
2019-05-18,28.8171,117061502.700204
2019-05-19,29.1122,128407708.555722
2019-05-20,29.2666,113614310.06848
2019-05-21,32.3907,142363584.104499
2019-05-22,30.8067,120261451.277312
2019-05-23,31.3934,118471724.038178
2019-05-24,33.9435,151952803.938095
2019-05-25,35.0168,145566744.317926
2019-05-26,33.0919,128916811.252235
2019-05-27,33.511,133654922.107582
2019-05-28,33.1068,119670239.566606
2019-05-29,33.6066,120001783.751027
2019-05-30,31.6666,126876540.417591
2019-05-31,32.8862,115554980.720829
2019-06-01,33.3521,121097580.112398
2019-06-02,33.1527,103747453.965599
2019-06-03,30.7564,91110572.214634
2019-06-04,29.2596,86633070.762771
2019-06-05,30.8886,100254437.446963
2019-06-06,31.0888,93171819.547252
2019-06-07,31.3098,86846573.483075
2019-06-08,31.7333,102578237.631836
2019-06-09,30.095,78394265.188248
2019-06-10,32.0271,110951522.18198
2019-06-11,31.8889,85664531.890585
2019-06-12,34.8888,132964576.477528
2019-06-13,35.251,124473100.803833
2019-06-14,32.3803,155335662.973994
2019-06-15,32.6743,111236912.672053
2019-06-16,32.1888,92267118.531988
2019-06-17,33.8286,111126704.950995
2019-06-18,34.4333,117185468.552221
2019-06-19,35.1888,128944461.188922
2019-06-20,36.8381,148921693.382015
2019-06-21,38.6766,132474202.280369
2019-06-22,38.0001,127886269.877689
2019-06-23,37.2836,105568888.139564
2019-06-24,37.43,97880605.032437
2019-06-25,36.0941,73475213.884473
2019-06-26,36.1189,104421493.25295
2019-06-27,34.3999,90261314.116032
2019-06-28,34.6289,72480649.347767
2019-06-29,35.5,89965850.178675
2019-06-30,32.114,68980176.056065
2019-07-01,33.2777,59978059.714603
2019-07-02,31.9777,64614411.404146
2019-07-03,32.522,62401163.88605
2019-07-04,33.0888,73059705.981886
2019-07-05,32.5566,49493357.62846
2019-07-06,32.5888,36787236.233517
2019-07-07,32.9344,40138364.74588
2019-07-08,33.3888,50120168.026188
2019-07-09,32.4811,40580964.493523
2019-07-10,31.222,50336933.774289
2019-07-11,29.4181,51888253.772537
2019-07-12,31.8888,92727533.518807
2019-07-13,31.4888,54900941.107261
2019-07-14,28.5447,63226752.496464
2019-07-15,28.647,82002809.577465
2019-07-16,25.0601,101064665.887974
2019-07-17,27.6287,147720494.152811
2019-07-18,28.9555,177911960.91754
2019-07-19,29.0096,114112685.63285
2019-07-20,31.0932,88042949.924159
2019-07-21,30.4388,65868802.471167
2019-07-22,30.885,107658019.226164
2019-07-23,29.4929,78469834.352827
2019-07-24,28.8261,66828198.0025
2019-07-25,28.9227,63955662.875226
2019-07-26,28.9,55347406.158949
2019-07-27,27.7498,42173965.385162
2019-07-28,27.7555,36632413.946094
2019-07-29,26.9525,31235892.639757
2019-07-30,26.9867,30567351.594229
2019-07-31,27.75,53152605.016515
2019-08-01,28.7088,63463934.668592
2019-08-02,28.14,42227852.885649
2019-08-03,27.7333,33690382.733378
2019-08-04,27.3834,26551453.131199
2019-08-05,28.0114,32628425.260744
2019-08-06,27.6523,39508990.263112
2019-08-07,29.6694,68765790.237669
2019-08-08,31.1074,94639778.874098
2019-08-09,29.8188,45078019.27592
2019-08-10,29.6661,38717630.393221
2019-08-11,30.2439,46825511.824394
2019-08-12,30.1856,46079844.296357
2019-08-13,29.4512,34760986.587742
2019-08-14,27.0256,33752933.178612
2019-08-15,28.1058,34386746.373249
2019-08-16,27.5111,26500903.438649
2019-08-17,27.5038,26558675.5917
2019-08-18,27.8977,33539025.536486
2019-08-19,28.7931,51656890.096015
2019-08-20,28.0286,34687351.836226
2019-08-21,26.925,27313407.97666
2019-08-22,26.9731,29220877.384032
2019-08-23,26.94,29324244.243574
2019-08-24,26.2814,24273248.703565
2019-08-25,26.0888,24359396.937403
2019-08-26,26.1257,48016163.513068
2019-08-27,25.6051,30349809.83959
2019-08-28,23.3565,36075539.477588
2019-08-29,21.7777,35791217.562903
2019-08-30,22.1448,35445343.439309
2019-08-31,21.0604,29884844.2307
2019-09-01,21.4248,30594684.587737
2019-09-02,22.7449,38336404.471924
2019-09-03,22.3511,30580553.825677
2019-09-04,21.6764,23824077.234691
2019-09-05,22.6388,50719410.369646
2019-09-06,21.9906,45355178.520163
2019-09-07,22.3996,37565112.057803
2019-09-08,22.4111,29406308.223162
2019-09-09,22.0978,22456914.766773
2019-09-10,21.7679,18338404.279821
2019-09-11,20.7334,22673967.121227
2019-09-12,20.82,34805282.187497
2019-09-13,20.788,29787769.89961
2019-09-14,20.9555,27263497.63634
2019-09-15,20.2901,23790454.124341
2019-09-16,20.2422,21079184.735522
2019-09-17,21.0473,38220802.175078
2019-09-18,22.2018,73079000.707166
2019-09-19,21.5376,34092268.787752
2019-09-20,21.2695,29624978.351648
2019-09-21,20.9666,23814050.328141
2019-09-22,20.3602,19879295.326771
2019-09-23,19.3228,21729010.529241
2019-09-24,15.8249,47158109.125613
2019-09-25,16.0321,28771070.640093
2019-09-26,15.2212,28122910.946176
2019-09-27,15.6666,21891944.291329
2019-09-28,15.7346,17173984.819289
2019-09-29,15.1999,14817026.088668
2019-09-30,15.8349,17240225.008517
2019-10-01,15.8563,18823203.006348
2019-10-02,15.8742,14910366.276573
2019-10-03,15.6377,14166151.701621
2019-10-04,15.6133,13329653.430235
2019-10-05,15.6869,12687937.458294
2019-10-06,15.0688,12572433.341048
2019-10-07,16.0255,17626939.01483
2019-10-08,16.0213,15878400.156401
2019-10-09,17.7177,48121472.28832
2019-10-10,17.5288,31222477.852904
2019-10-11,16.5666,25155159.962172
2019-10-12,17.17,23919537.767618
2019-10-13,18.256,40107522.713276
2019-10-14,18.4376,29971983.593159
2019-10-15,18.5643,54508027.204485
2019-10-16,17.7401,32800121.32644
2019-10-17,18.5188,34608013.926358
2019-10-18,18.2188,26063392.066243
2019-10-19,18.2229,26457030.497902
2019-10-20,18.4997,30829354.699727
2019-10-21,18.2551,27205033.193401
2019-10-22,18.2286,33549261.462376
2019-10-23,16.6796,31886418.360725
2019-10-24,16.9194,20790631.766276
2019-10-25,18.6188,51895652.583927
2019-10-26,18.9501,59363715.298739
2019-10-27,19.2888,43709277.132479
2019-10-28,19.939,54714676.610601
2019-10-29,20.7452,47292341.669261
2019-10-30,20.052,36219179.390485
2019-10-31,19.9099,33479154.761222
2019-11-01,19.9999,25932738.085044
2019-11-02,20.1745,32355670.174507
2019-11-03,20.1874,26791642.742839
2019-11-04,20.6139,33663574.770949
2019-11-05,20.6588,29645297.745967
2019-11-06,20.7,26943504.690266
2019-11-07,20.4208,21112048.776745
2019-11-08,19.646,21731717.619039
2019-11-09,19.6999,17507369.511074
2019-11-10,20.4333,25994045.49901
2019-11-11,20.0888,20301333.847346
2019-11-12,20.9798,25237225.910586
2019-11-13,21.3846,29120752.930272
2019-11-14,21.3166,24999158.886323
2019-11-15,20.2735,28162052.581098
2019-11-16,20.1631,20291968.773484
2019-11-17,20.194,23209384.508666
2019-11-18,19.0817,26766274.711754
2019-11-19,18.4997,22711534.818971
2019-11-20,18.0826,22221973.60811
2019-11-21,16.7985,29641866.142353
2019-11-22,15.485,53036890.612425
2019-11-23,16.232,30367726.274271
2019-11-24,14.9964,34080052.570618
2019-11-25,15.1457,45764859.58196
2019-11-26,15.3564,25501834.969268
2019-11-27,16.0888,37397385.442677
2019-11-28,15.5333,25662875.030673
2019-11-29,16.2281,32416836.056333
2019-11-30,15.7118,22780843.578936
2019-12-01,15.4297,18823975.185733
2019-12-02,15.1288,18413567.157775
2019-12-03,15.2542,19241970.492729
2019-12-04,15.1,22790328.829747
2019-12-05,15.6555,26216995.378255
2019-12-06,15.6666,22177519.233347
2019-12-07,15.6067,19570141.810453
2019-12-08,15.6121,17077928.037773
2019-12-09,15.3284,14927662.452573
2019-12-10,14.8088,15051586.778173
2019-12-11,14.78,11908712.718231
2019-12-12,14.7238,10828182.744161
2019-12-13,14.8555,13073092.650943
2019-12-14,14.3888,12318205.721073
2019-12-15,14.3949,11268492.575641
2019-12-16,13.4544,15771260.805766
2019-12-17,12.381,21636425.244641
2019-12-18,13.6158,29943223.784143
2019-12-19,13.3441,18297729.627122
2019-12-20,13.5,18629001.250788
2019-12-21,13.2933,16846058.069898
2019-12-22,13.7798,20304472.190534
2019-12-23,13.2998,16842774.154332
2019-12-24,13.3369,17486765.161303
2019-12-25,13.0666,12161569.829474
2019-12-26,13.1414,14065876.461014
2019-12-27,13.2888,14633426.285861
2019-12-28,13.6779,18415749.239599
2019-12-29,14.104,22338979.500971
2019-12-30,13.8597,17736426.117681
2019-12-31,13.7161,13415325.703428
2020-01-01,13.7184,12950619.112333
2020-01-02,13.0105,12996389.228183
2020-01-03,13.6474,19701202.862739
2020-01-04,13.8092,16885687.442197
2020-01-05,14.0532,20531817.04177
2020-01-06,14.9471,23743495.229042
2020-01-07,15.0226,21730397.14632
2020-01-08,14.5334,22172532.583321
2020-01-09,14.3978,15517519.185434
2020-01-10,15.07,23078360.689727
2020-01-11,14.9177,20959042.697335
2020-01-12,15.3366,31111483.357731
2020-01-13,15.1736,22982639.430501
2020-01-14,16.6371,43167140.883816
2020-01-15,17.6655,52607260.349492
2020-01-16,17.0333,31029984.91112
2020-01-17,18.0724,48867064.719153
2020-01-18,17.8088,34108754.47926
2020-01-19,17.388,37454402.677392
2020-01-20,17.3235,27136151.861456
2020-01-21,18.1166,33973360.845872
2020-01-22,17.8344,28997476.094212
2020-01-23,17.0524,23479710.346752
2020-01-24,17.1148,23870035.103732
2020-01-25,16.9555,20396383.54309
2020-01-26,17.499,27866656.717841
2020-01-27,17.67,27448591.222108
2020-01-28,18.0662,34097546.051096
2020-01-29,17.9134,26330991.819673
2020-01-30,18.5555,32487717.892015
2020-01-31,18.2644,30233383.52457
2020-02-01,18.2752,27611547.000338
2020-02-02,18.4333,28652209.626674
2020-02-03,18.46,24235415.423803
2020-02-04,18.1778,22149973.726341
2020-02-05,19.262,39153896.763149
2020-02-06,20.6675,55875207.171673
2020-02-07,22.0555,68912696.347417
2020-02-08,21.7888,47849193.68056
2020-02-09,24.38,66216976.912365
2020-02-10,25.1465,118356199.03064
2020-02-11,25.6963,87532758.129096
2020-02-12,26.4243,76168100.465277
2020-02-13,25.4579,93789770.716842
2020-02-14,26.3547,84109977.243485
2020-02-15,24.2576,85267969.556103
2020-02-16,23.3193,89187179.919693
2020-02-17,23.4555,72372207.908293
2020-02-18,24.0821,71169442.58374
2020-02-19,22.3709,50940224.881018
2020-02-20,22.1626,51935633.101438
2020-02-21,22.1888,66443679.495927
2020-02-22,21.9689,46985151.282019
2020-02-23,22.8452,69055523.555004
2020-02-24,22.0965,51480520.2333
2020-02-25,20.3193,49059568.007921
2020-02-26,18.7441,71901697.159269
2020-02-27,19.2,56903598.249292
2020-02-28,18.9838,58487714.177806
2020-02-29,19.23,69296821.018601
2020-03-01,18.902,45970226.909694
2020-03-02,19.9289,64060497.85222
2020-03-03,19.6882,50338561.07375
2020-03-04,19.95,47942820.959314
2020-03-05,20.7462,64414641.762252
2020-03-06,21.3389,68469458.722855
2020-03-07,20.25,49387277.980273
2020-03-08,16.894,64439955.250711
2020-03-09,16.5888,67231659.847515
2020-03-10,16.8671,58330699.05467
2020-03-11,16.5705,42412598.428665
2020-03-12,9.2566,108639504.512951
2020-03-13,10.9204,110600573.359012
2020-03-14,10.1487,56983336.608684
2020-03-15,10.3898,67251583.016611
2020-03-16,9.4285,54897967.268096
2020-03-17,10.2576,51631527.654298
2020-03-18,10.3866,45300836.97925
2020-03-19,12.2597,66283348.995319
2020-03-20,11.9147,86260327.52523
2020-03-21,12.1,69377174.374681
2020-03-22,11.167,54219558.920413
2020-03-23,12.1887,61800844.966201
2020-03-24,12.426,56790493.548445
2020-03-25,12.3251,44491441.708054
2020-03-26,13.199,42902292.146348
2020-03-27,12.3354,36084938.858812
2020-03-28,12.1888,30031382.50818
2020-03-29,11.3008,27252838.14858
2020-03-30,12.1365,50944549.243227
2020-03-31,12.5451,64122575.795892
2020-04-01,12.72,53774306.318028
2020-04-02,13.0166,69276074.108632
2020-04-03,13.3615,66661802.966901
2020-04-04,13.7606,66003739.592004
2020-04-05,13.6888,58555104.630588
2020-04-06,15.1989,80214973.59909
2020-04-07,14.7266,70647148.631557
2020-04-08,15.0888,69355343.219788
2020-04-09,15.0096,69662383.478491
2020-04-10,13.72,56437561.49783
2020-04-11,13.807,51151554.747943
2020-04-12,14.2808,57950623.216417
2020-04-13,15.0277,62029135.848473
2020-04-14,15.6148,70092382.14295
2020-04-15,14.5755,58221065.750042
2020-04-16,15.7394,61814683.274563
2020-04-17,15.64,49188415.579363
2020-04-18,16.6137,64502814.663737
2020-04-19,16.0683,48174317.529435
2020-04-20,14.9892,50757347.771238
2020-04-21,15.1283,47592289.981981
2020-04-22,15.7104,50999984.801603
2020-04-23,16.034,55068181.769739
2020-04-24,15.9319,48259042.136493
2020-04-25,16.2283,47639855.837468
2020-04-26,16.3588,53903371.494471
2020-04-27,16.4229,47859272.72188
2020-04-28,16.34,46309248.721153
2020-04-29,17.3667,64434759.768893
2020-04-30,16.9542,71629569.696086
2020-05-01,17.466,66271797.655065
2020-05-02,17.5333,52504866.73234
2020-05-03,17.1071,45271776.505039
2020-05-04,17.0074,46419270.572611
2020-05-05,16.8886,44261093.042385
2020-05-06,16.3743,45806861.897441
2020-05-07,17.0003,50623360.842978
2020-05-08,17.1371,44879553.905084
2020-05-09,16.7751,38582692.968292
2020-05-10,15.3506,43979315.885853
2020-05-11,15.0811,40893423.037393
2020-05-12,15.7892,47332783.097762
2020-05-13,16.2164,45159088.098417
2020-05-14,16.3777,45666418.709955
2020-05-15,15.7222,37214822.318927
2020-05-16,16.058,43746498.664213
2020-05-17,16.2959,47147212.380566
2020-05-18,16.6299,51611235.594218
2020-05-19,17.2098,54590767.631108
2020-05-20,16.8998,40821394.318845
2020-05-21,16.0888,35589912.053927
2020-05-22,16.5864,41584466.617784
2020-05-23,16.48,38178349.112704
2020-05-24,15.9624,37599815.901123
2020-05-25,16.3807,38152773.25641
2020-05-26,16.2159,32624803.887159
2020-05-27,16.47,42792287.776696
2020-05-28,17.0772,47917801.298297
2020-05-29,17.0031,44176906.95645
2020-05-30,17.7277,51559065.973624
2020-05-31,17.0916,45947854.114681
2020-06-01,17.9477,52189313.037442
2020-06-02,17.2669,44844446.996631
2020-06-03,17.5779,45972871.326654
2020-06-04,17.517,40612423.084444
2020-06-05,17.6914,43344558.036415
2020-06-06,17.5511,37110942.745177
2020-06-07,17.4135,31593373.320084
2020-06-08,17.4489,28825851.386571
2020-06-09,17.3733,28247066.435756
2020-06-10,17.406,31389856.381226
2020-06-11,16.2298,30575173.410157
2020-06-12,16.6377,31970510.816712
2020-06-13,16.8101,33704354.305361
2020-06-14,16.5729,28336046.766628
2020-06-15,16.377,24473919.621152
2020-06-16,16.4329,26479345.228743
2020-06-17,16.3983,24591062.002603
2020-06-18,16.1608,22540156.403536
2020-06-19,15.9512,21271385.818115
2020-06-20,16.059,22776460.301554
2020-06-21,15.9775,21166507.639654
2020-06-22,16.5051,27776540.589516
2020-06-23,16.3898,23839966.432426
2020-06-24,15.9968,24889909.655296
2020-06-25,15.906,19105061.019309
2020-06-26,15.7694,16428293.389014
2020-06-27,15.1242,20331918.057954
2020-06-28,15.3782,21418398.753467
2020-06-29,15.4656,23294081.307786
2020-06-30,15.3838,20305967.155072
2020-07-01,15.8144,25213346.757963
2020-07-02,15.3634,21887439.935344
2020-07-03,15.2863,18635019.695357
2020-07-04,15.5548,20357312.694258
2020-07-05,15.4885,17283570.772307
2020-07-06,16.311,25364592.417103
2020-07-07,16.8048,31044612.464728
2020-07-08,17.2819,38799190.787738
2020-07-09,16.8274,31602020.878751
2020-07-10,17.3123,35493337.168017
2020-07-11,17.6205,40437763.388075
2020-07-12,18.2994,54487455.921637
2020-07-13,18.4046,59615771.281561
2020-07-14,18.079,43474784.567259
2020-07-15,17.6351,34842425.382079
2020-07-16,17.1647,35131243.13981
2020-07-17,17.0676,32061512.83959
2020-07-18,17.1507,28863376.478105
2020-07-19,18.0154,45838808.72207
2020-07-20,17.4645,44544637.599564
2020-07-21,17.7285,37350582.430636
2020-07-22,18.09,38541658.757726
2020-07-23,18.75,43866390.168993
2020-07-24,19.1853,52627925.923414
2020-07-25,19.8242,58227674.3389
2020-07-26,19.5557,56378423.676657
2020-07-27,19.7474,74130208.23661
2020-07-28,20.1732,70792618.983958
2020-07-29,19.899,44493255.130509
2020-07-30,19.97,40761766.783253
2020-07-31,20.6615,46058826.375721
2020-08-01,21.6168,55887870.718427
2020-08-02,20.9898,69934920.731055
2020-08-03,22.0504,58090829.071236
2020-08-04,22.2818,52776394.103137
2020-08-05,23.2728,85353655.333133
2020-08-06,22.7487,56050066.319069
2020-08-07,22.3323,62149699.537839
2020-08-08,22.9234,53994332.518485
2020-08-09,22.422,47551222.565809
2020-08-10,22.6369,47454718.9954
2020-08-11,21.2902,69760318.544251
2020-08-12,21.4919,52586016.377161
2020-08-13,21.7667,65454734.539757
2020-08-14,23.1047,85961407.014907
2020-08-15,23.0881,64002958.964407
2020-08-16,23.529,62902908.491403
2020-08-17,23.4961,56563802.003731
2020-08-18,22.9705,58722035.450273
2020-08-19,22.3761,47918443.635081
2020-08-20,23.0888,51194430.203348
2020-08-21,22.0988,56307567.701161
2020-08-22,22.2044,41544194.757966
2020-08-23,21.8555,35416545.269059
2020-08-24,22.5953,42095062.815411
2020-08-25,21.3882,49614644.062294
2020-08-26,22.1999,55294079.975605
2020-08-27,23.1127,65738136.3832
2020-08-28,23.0811,58714483.829457
2020-08-29,22.9398,42979076.16169
2020-08-30,23.6208,44494523.999081
2020-08-31,23.1477,41283857.212099
2020-09-01,24.7028,105724305.34885
2020-09-02,24.7652,145283830.860602
2020-09-03,20.3592,168929560.547917
2020-09-04,20.9712,110033481.444783
2020-09-05,19.4698,89956784.050998
2020-09-06,23.142,174973263.277279
2020-09-07,22.4426,118861938.295123
2020-09-08,23.2837,115741375.127741
2020-09-09,24.4716,94841678.355233
2020-09-10,24.5489,103978013.813167
2020-09-11,25.399,88276634.60726
2020-09-12,28.505,175807206.95354
2020-09-13,31.1656,324162248.740741
2020-09-14,31.2523,282868031.265543
2020-09-15,27.1181,228427870.1384989
2020-09-16,27.8695,157849897.4035884
2020-09-17,27.095,125923630.0192624
2020-09-18,27.629,117188169.0834446
2020-09-19,27.2035,66209405.927378
2020-09-20,26.316,75280239.4778047
2020-09-21,23.1232,127147745.4146961
2020-09-22,24.0468,78154701.5056752
2020-09-23,22.8331,73949538.7721268
2020-09-24,24.5745,78161095.3881934
2020-09-25,24.6924,69263025.7930358
2020-09-26,26.1998,79408145.0799521
2020-09-27,26.251,67081907.1245433
2020-09-28,26.9855,86081947.2234082
2020-09-29,28.8946,102019998.9212755
2020-09-30,29.2656,89130556.7427384
2020-10-01,27.4673,112775178.8240464
2020-10-02,27.3369,111875266.0506752
2020-10-03,28.1867,81824336.4915028
2020-10-04,28.9668,89029435.3627163
2020-10-05,28.6158,65226739.0045008
2020-10-06,27.6812,79233644.3472898
2020-10-07,27.6898,56522074.4219916
2020-10-08,27.7424,67563734.7917341
2020-10-09,28.4076,72830100.2034075
2020-10-10,28.4414,68983739.7395518
2020-10-11,28.5271,66060639.207251
2020-10-12,30.6503,131244685.6815882
2020-10-13,30.7256,103376455.255919
2020-10-14,30.838,76148974.450635
2020-10-15,31.3256,83441987.7878503
2020-10-16,30.0516,90779001.7261287
2020-10-17,30.2414,56046581.6083654
2020-10-18,30.6593,69506327.3062206
2020-10-19,29.9107,52880539.7601399
2020-10-20,28.8227,75672316.5113656
2020-10-21,29.7329,78865122.0720149
2020-10-22,30.6396,86720646.8231899
2020-10-23,30.6377,62169451.0384786
2020-10-24,30.6639,49794483.4465404
2020-10-25,30.128,45200159.7482249
2020-10-26,31.0467,81440471.6615709
2020-10-27,31.4826,91352337.2373561
2020-10-28,30.3338,68301209.6143729
2020-10-29,29.8702,59517443.8081637
2020-10-30,28.4909,91773152.8073699
2020-10-31,28.5058,56676023.1622222
2020-11-01,28.5318,54186354.1899447
2020-11-02,27.7983,60737427.1801497
2020-11-03,26.8638,69103680.171422
2020-11-04,26.96,54040159.9701983
2020-11-05,27.6875,65625192.2818915
2020-11-06,29.0435,78788712.4414132
2020-11-07,27.7651,88745055.8082075
2020-11-08,28.4101,64871413.8250186
2020-11-09,28.0941,60645138.3246936
2020-11-10,28.2188,61108713.3245662
2020-11-11,28.016,55629780.2600814
2020-11-12,27.6874,46197453.3888555
2020-11-13,28.1974,54174977.5643055
2020-11-14,27.9311,41716295.0042033
2020-11-15,27.6786,40116215.6090173
2020-11-16,27.9451,46962028.7453876
2020-11-17,28.5552,63861426.3900747
2020-11-18,28.0931,62538448.4686002
2020-11-19,28.1387,56444452.2279035
2020-11-20,28.9715,71408453.4587546
2020-11-21,30.5161,93653968.6634836
2020-11-22,30.0226,85423529.8039215
2020-11-23,30.995,88971207.3290705
2020-11-24,33.9407,240609850.8251635
2020-11-25,31.2953,152462923.2455184
2020-11-26,28.2356,179684915.4319223
2020-11-27,28.4606,65177587.3842698
2020-11-28,29.1766,76333840.0852929
2020-11-29,30.1045,84748920.1725558
2020-11-30,31.4935,91534747.055381
2020-12-01,30.1996,96681205.6214727
2020-12-02,30.2875,71525356.850704
2020-12-03,30.7065,58447530.6808109
2020-12-04,29.0231,61840679.7646827
2020-12-05,29.728,53893876.3625983
2020-12-06,29.5026,39419545.0689589
2020-12-07,29.37,35795857.6573833
2020-12-08,27.6705,52562094.3021941
2020-12-09,28.1452,45454697.5386896
2020-12-10,27.6926,37402211.1035569
2020-12-11,27.3419,33839924.1542774
2020-12-12,28.1603,36058480.5872906
2020-12-13,29.1571,47146012.390196
2020-12-14,30.0338,59668479.1810639
2020-12-15,29.5053,48398355.2235207
2020-12-16,30.5577,64494864.3794064
2020-12-17,30.2255,100846680.8674189
2020-12-18,30.9882,62443342.4142675
2020-12-19,33.3167,134985674.648901
2020-12-20,34.3148,153515421.8136417
2020-12-21,32.05,152823799.8311665
2020-12-22,33.5151,115167307.8079382
2020-12-23,31.1843,128877133.6917357
2020-12-24,32.4895,94739220.627289
2020-12-25,33.1996,84844896.3175845
2020-12-26,33.6361,80768632.4381237
2020-12-27,33.674,126569474.2263928
2020-12-28,35.951,145163638.0339237
2020-12-29,39.0667,266651443.8007531
2020-12-30,38.1558,91497596.0416403
2020-12-31,37.3588,70486125.9625969
2021-01-01,37.7762,92358608.1130839
2021-01-02,38.2331,114060050.8496281
2021-01-03,41.2575,195224916.820531
2021-01-04,41.1333,214835112.0872519
2021-01-05,41.8219,141831731.9587631
2021-01-06,42.2417,156404649.3163699
2021-01-07,43.5728,216717611.7697121
2021-01-08,42.356,149951576.8513453
2021-01-09,43.8479,116290473.5386175
2021-01-10,42.4031,185165251.1320646
2021-01-11,38.1674,244587641.4693523
2021-01-12,38.2541,125897888.047957
2021-01-13,40.1114,135791180.057457
2021-01-14,41.8723,135085613.30355
2021-01-15,40.8668,140633163.6256023
2021-01-16,43.142,138015822.2312169
2021-01-17,45.8675,169754085.7227767
2021-01-18,45.3412,139399114.1553898
2021-01-19,42.5241,229455474.2432518
2021-01-20,42.6069,154503844.311202
2021-01-21,38.6343,140161330.8816159
2021-01-22,40.8936,122212901.7638495
2021-01-23,40.9109,103044289.6364261
2021-01-24,41.8263,97017133.5978513
2021-01-25,41.8347,117399838.4063164
2021-01-26,41.8396,113401083.8483374
2021-01-27,40.8826,108149178.3593736
2021-01-28,42.5254,125825473.6606247
2021-01-29,42.8618,147364483.4547029
2021-01-30,44.7849,121803577.410981
2021-01-31,44.3292,107955886.1665317
2021-02-01,51.4781,294440153.8956684
2021-02-02,51.0071,237619391.9434699
2021-02-03,52.12,150776117.8031686
2021-02-04,55.9599,215002299.8179948
2021-02-05,67.7005,306515082.6292277
2021-02-06,72.8356,595983260.0097728
2021-02-07,68.3542,413359634.3580308
2021-02-08,79.8374,573806461.5287858
2021-02-09,107.3469,1222317019.460554
2021-02-10,128.9711,2139218096.5096064
2021-02-11,124.085,737374300.5875953
2021-02-12,136.6139,740055607.987079
2021-02-13,133.3496,497454132.3754869
2021-02-14,135.8623,588209671.8743159
2021-02-15,130.303,617209050.2792228
2021-02-16,130.183,423640104.8636006
2021-02-17,165.3233,1540919651.6330936
2021-02-18,195.6,2093727364.879095
2021-02-19,333.111,5528652618.860825
2021-02-20,253.0,3803591547.4482107
2021-02-21,295.2597,3016515097.5884132
2021-02-22,267.5147,3304868176.0392327
2021-02-23,231.3646,3533975184.114267
2021-02-24,254.5056,2968825220.6605544
2021-02-25,234.9146,1718504824.0212388
2021-02-26,221.717,1673740236.8863392
2021-02-27,225.3853,956073854.7960742
2021-02-28,210.2138,1188324867.5736897
2021-03-01,254.9637,1909672582.7119243
2021-03-02,239.6841,1322863990.4305172
2021-03-03,240.5701,1055004494.1174927
2021-03-04,229.6369,951344257.2707064
2021-03-05,225.4714,816218663.6047622
2021-03-06,226.3814,600491090.2031841
2021-03-07,240.11,825683976.966841
2021-03-08,240.5509,717450084.5848948
2021-03-09,293.2052,2125830116.6707406
2021-03-10,278.4499,1691967448.9887078
2021-03-11,290.0301,1921178267.9669902
2021-03-12,263.2201,1595966693.3539188
2021-03-13,276.2822,1064357365.4788338
2021-03-14,263.238,656730954.5609341
2021-03-15,254.5144,865778780.1144474
2021-03-16,258.5352,759878684.5077829
2021-03-17,269.7896,734538705.6010387
2021-03-18,261.4816,849612650.8889891
2021-03-19,262.935,598172787.5127919
2021-03-20,264.3023,637249236.4276834
2021-03-21,264.6513,520164482.6716413
2021-03-22,254.7976,867393890.9961793
2021-03-23,255.4646,667040263.824583
2021-03-24,248.5236,842490109.3031726
2021-03-25,233.9466,831361532.2659026
2021-03-26,255.2105,650316857.7394375
2021-03-27,269.2234,804732179.3560841
2021-03-28,268.4263,888837689.742223
2021-03-29,275.2991,743818283.8759371
2021-03-30,311.2962,1633393562.8013515
2021-03-31,302.3724,1432519744.2660227
2021-04-01,334.7991,1403784882.8732836
2021-04-02,338.2932,1449673755.0076194
2021-04-03,321.9497,1044647379.113692
2021-04-04,348.8617,930046907.3464288
2021-04-05,368.0263,1251830835.7298312
2021-04-06,403.3648,1741879509.9979262
2021-04-07,375.5538,2382943130.3336415
2021-04-08,418.7048,1657671967.081196
2021-04-09,453.9937,1585030394.379519
2021-04-10,471.2975,2200226600.9799323
2021-04-11,525.9275,1776698304.8045454
2021-04-12,596.7104,5344661902.251941
2021-04-13,551.6442,3061385296.102707
2021-04-14,550.0182,2356734422.954988
2021-04-15,541.8824,1261789670.8404372
2021-04-16,508.2743,2179386782.467181
2021-04-17,514.6861,1548814458.1705544
2021-04-18,481.4367,2101748555.7606797
2021-04-19,504.0322,2572857437.0160513
2021-04-20,586.3635,3065802468.2334905
2021-04-21,543.6327,3302743900.049621
2021-04-22,505.2411,3453990005.3750396
2021-04-23,526.5357,3382941422.360556
2021-04-24,496.992,1520666084.6393692
2021-04-25,505.0,1244888360.1544836
2021-04-26,535.33,1646103488.0288882
2021-04-27,568.78,1565140057.705096
2021-04-28,562.78,1333087930.86344
2021-04-29,599.7,2536924856.305376
2021-04-30,622.65,2095245536.8241105
2021-05-01,620.0,1516905856.2444093
2021-05-02,621.78,1273435369.898067
2021-05-03,676.15,1872406454.7114546
2021-05-04,609.3,2400359921.759795
2021-05-05,651.1,1454478376.495745
2021-05-06,633.99,1318819283.775989
2021-05-07,624.3,1238889450.405969
2021-05-08,646.1,1395957617.959335
2021-05-09,661.74,1543794428.062309
2021-05-10,631.1,2022592640.9284978
2021-05-11,671.91,1721298080.868251
2021-05-12,594.65,1822055485.228645
2021-05-13,571.1,3209105953.134293
2021-05-14,602.61,1301240937.051233
2021-05-15,563.41,1322248759.387284
2021-05-16,564.32,1678652421.17639
2021-05-17,512.07,2087711760.249724
2021-05-18,507.88,1404143922.109876
2021-05-19,334.8,4527448944.4894495
2021-05-20,391.17,2937633738.121213
2021-05-21,326.01,3021752642.8292913
2021-05-22,299.76,1646566206.389925
2021-05-23,260.72,2229226334.873157
2021-05-24,345.64,2371630247.307144
2021-05-25,343.18,2568468246.869039
2021-05-26,379.16,1962829110.773636
2021-05-27,369.67,1564221587.83169
2021-05-28,328.82,1767981944.157346
2021-05-29,305.04,1207409894.689486
2021-05-30,325.57,1204069134.173924
2021-05-31,353.33,1377416607.541584
2021-06-01,362.39,1284873991.761273
2021-06-02,401.54,1713451718.593527
2021-06-03,428.48,1752346450.735721
2021-06-04,390.7,1916201817.164444
2021-06-05,390.08,1595813798.745922
2021-06-06,393.73,729084366.503952
2021-06-07,357.96,1170669919.32938
2021-06-08,352.5,1719924713.883863
2021-06-09,375.54,1249840132.937438
2021-06-10,351.94,872882198.949866
2021-06-11,345.75,785929588.814169
2021-06-12,343.7,699907058.519639
2021-06-13,365.8,679668875.246562
2021-06-14,370.19,723637001.375154
2021-06-15,366.48,573156968.63816
2021-06-16,347.22,543418325.492729
2021-06-17,352.85,439111935.571411
2021-06-18,337.16,543765122.851648
2021-06-19,334.01,361192951.851484
2021-06-20,339.08,529131275.110113
2021-06-21,270.76,1134169839.109733
2021-06-22,262.1,1445168751.327064
2021-06-23,296.25,956389175.501215
2021-06-24,308.62,793593075.997634
2021-06-25,280.81,791189610.009283
2021-06-26,279.65,622268680.140945
2021-06-27,290.87,431044973.383061
2021-06-28,290.0,548496790.262426
2021-06-29,300.79,646844599.029175
2021-06-30,303.71,606540123.129403
2021-07-01,287.43,401830865.476267
2021-07-02,287.17,282959964.051108
2021-07-03,298.13,299594862.737075
2021-07-04,307.62,401277889.880716
2021-07-05,302.02,421248886.193342
2021-07-06,319.92,650273531.159916
2021-07-07,327.51,590298135.792665
2021-07-08,310.14,519961296.569241
2021-07-09,317.09,343735624.263496
2021-07-10,316.12,258075549.819215
2021-07-11,322.16,256199711.968271
2021-07-12,316.12,426623454.937474
2021-07-13,308.94,289436636.719732
2021-07-14,309.4,432901624.170642
2021-07-15,316.11,683580014.966445
2021-07-16,302.88,452125371.767348
2021-07-17,300.52,309811109.644366
2021-07-18,302.1,248310442.280799
2021-07-19,280.54,380236625.464024
2021-07-20,264.44,477330480.08544
2021-07-21,293.26,493675666.918788
2021-07-22,293.36,344239131.743979
2021-07-23,299.27,479004113.189418
2021-07-24,301.56,433812986.340374
2021-07-25,302.56,324189704.048681
2021-07-26,304.0,814831876.350239
2021-07-27,313.48,516987151.379439
2021-07-28,313.8,410191599.793607
2021-07-29,317.03,313547925.46514
2021-07-30,322.58,409615592.86199
2021-07-31,332.38,457403870.688032
2021-08-01,332.59,514454683.275946
2021-08-02,330.55,338323320.513389
2021-08-03,323.43,343038810.017112
2021-08-04,334.77,318558568.225493
2021-08-05,337.91,419560178.096515
2021-08-06,342.39,429722920.938203
2021-08-07,356.18,542603720.121595
2021-08-08,341.79,445920620.983132
2021-08-09,354.32,448732876.95589
2021-08-10,371.92,604564023.905828
2021-08-11,390.96,746352235.758229
2021-08-12,385.66,709029017.365146
2021-08-13,410.76,504721884.412638
2021-08-14,408.67,587011410.464729
2021-08-15,414.05,501360731.252956
2021-08-16,415.72,782937826.9759486
2021-08-17,401.8,833886620.824414
2021-08-18,396.15,698437988.862602
2021-08-19,431.27,760855598.336724
2021-08-20,454.93,741836933.510225
2021-08-21,448.74,646029835.594676
2021-08-22,448.68,509610173.147653
2021-08-23,499.06,1298353030.852169
2021-08-24,471.62,1005799339.791438
2021-08-25,503.19,1097153964.71357
2021-08-26,478.1,1091106242.802029
2021-08-27,494.5,747871449.796287
2021-08-28,486.2,434757166.853921
2021-08-29,479.7,441423115.5593
2021-08-30,460.3,532177068.407757
2021-08-31,463.9,687097552.053561
2021-09-01,489.4,627928762.5625
2021-09-02,483.7,611758853.501436
2021-09-03,488.5,533570500.4333
2021-09-04,497.7,619851481.258591
2021-09-05,504.8,436390403.4393
2021-09-06,496.1,559438324.5125
2021-09-07,418.7,1479395491.557286
2021-09-08,415.0,841566323.6655
2021-09-09,421.3,644440971.8215
2021-09-10,401.4,632034252.0529
2021-09-11,405.1,376762491.3478
2021-09-12,416.3,405085778.0838
2021-09-13,399.1,609769200.4037
2021-09-14,414.3,376195780.1579
2021-09-15,431.3,502438326.3707
2021-09-16,424.3,442117531.7271
2021-09-17,406.6,349222596.7781
2021-09-18,410.7,303442614.6176
2021-09-19,408.6,305428364.0104
2021-09-20,364.1,703797628.797956
2021-09-21,344.4,566624712.031199
2021-09-22,379.0,394051611.6032
2021-09-23,383.5,374836991.5699
2021-09-24,355.0,611327922.318234
2021-09-25,349.6,322522702.0666
2021-09-26,344.0,521735683.850301
2021-09-27,335.5,332372476.5115
2021-09-28,333.0,310828343.6974
2021-09-29,367.7,612547661.8839
2021-09-30,387.5,439628574.4184
2021-10-01,421.5,584311192.716
2021-10-02,427.1,441907791.7276
2021-10-03,430.5,352575425.7036
2021-10-04,426.3,410376184.3993
2021-10-05,442.1,385403145.0597
2021-10-06,434.9,537791098.8015
2021-10-07,438.5,509653579.8304
2021-10-08,419.2,644030609.2269
2021-10-09,421.9,266856749.2173
2021-10-10,404.1,302884829.9452
2021-10-11,413.1,314882971.6098
2021-10-12,444.2,829580710.1162
2021-10-13,470.8,1542057671.3891
2021-10-14,472.7,676261023.816744
2021-10-15,474.5,702474058.1554
2021-10-16,465.8,490585492.1044
2021-10-17,470.9,414577714.959
2021-10-18,484.9,518750531.8773
2021-10-19,488.1,445294411.0935
2021-10-20,501.3,467959376.3972
2021-10-21,470.9,900310066.4435
2021-10-22,479.3,541705782.6395
2021-10-23,485.5,250907116.8612
2021-10-24,475.8,281745798.0897
2021-10-25,485.1,305600064.9152
2021-10-26,478.1,340191955.2634
2021-10-27,448.7,630367975.4475
2021-10-28,491.9,724786890.2403
2021-10-29,530.3,720241822.825672
2021-10-30,528.3,575511112.876323
2021-10-31,524.6,532431987.4044
2021-11-01,551.3,679389556.770091
2021-11-02,554.4,635985237.925595
2021-11-03,568.4,699196827.647012
2021-11-04,558.7,584534661.6208
2021-11-05,607.3,1187156588.997054
2021-11-06,637.7,838291690.084161
2021-11-07,649.6,968328578.142363
2021-11-08,653.5,829833782.4209
2021-11-09,635.0,565719151.0885
2021-11-10,614.1,1144508386.2603
2021-11-11,628.4,635981486.4901
2021-11-12,626.9,628792038.9268
2021-11-13,649.5,574247361.3526
2021-11-14,650.8,605300515.2465
2021-11-15,633.8,615298900.6627
2021-11-16,588.7,1320193365.0954
2021-11-17,578.0,832762537.5207
2021-11-18,531.8,965930426.1507
2021-11-19,581.0,726611378.2376
2021-11-20,604.3,657161664.3158
2021-11-21,584.0,572049351.412
2021-11-22,559.3,650028588.5166
2021-11-23,591.1,700415875.4591
2021-11-24,590.3,632805869.1918
2021-11-25,639.1,958625175.4105
2021-11-26,587.3,1447846558.5573
2021-11-27,599.9,712876474.9266
2021-11-28,611.3,757806021.786
2021-11-29,623.4,672538451.6903
2021-11-30,622.5,858030125.9787
2021-12-01,627.5,879872431.1519
2021-12-02,619.9,685357094.9824
2021-12-03,595.0,758470254.7318
2021-12-04,568.6,1425050943.3721
2021-12-05,557.8,707167735.8036
2021-12-06,587.5,1119432809.5291
2021-12-07,578.7,595103047.9773
2021-12-08,607.2,651285928.0383
2021-12-09,570.2,648380380.7178
2021-12-10,552.4,621292933.926
2021-12-11,564.5,529027286.0263
2021-12-12,570.3,308334857.2714
2021-12-13,521.0,558660545.4829
2021-12-14,528.1,660926721.8958
2021-12-15,541.1,604825337.5588
2021-12-16,526.2,394779330.6026
2021-12-17,525.5,484731644.0489
2021-12-18,533.9,306816951.2816
2021-12-19,529.8,289149894.6572
2021-12-20,524.0,377351552.6286
2021-12-21,528.3,362435440.6159
2021-12-22,533.6,386718252.4613
2021-12-23,549.0,452954925.0665
2021-12-24,542.1,363769480.7955
2021-12-25,547.4,248401383.1592
2021-12-26,546.4,291474552.8352
2021-12-27,563.7,448470409.7036
2021-12-28,534.2,547720713.5012
2021-12-29,514.5,390415720.3118
2021-12-30,518.5,331680388.3552
2021-12-31,511.4,350384267.7
2022-01-01,527.3,231696121.2996
2022-01-02,531.0,212693827.9376
2022-01-03,511.9,345896511.2778
2022-01-04,506.9,351709153.0318
2022-01-05,474.1,487039058.787
2022-01-06,472.6,462959866.6669
2022-01-07,448.1,600028684.1946
2022-01-08,429.9,464082732.8109
2022-01-09,438.7,299514285.4251
2022-01-10,424.7,518143646.508
2022-01-11,463.6,571335667.7927
2022-01-12,487.8,395395226.9867
2022-01-13,475.2,434855256.5301
2022-01-14,490.0,383070562.1503
2022-01-15,494.5,270831128.9543
2022-01-16,498.6,251862226.2236
2022-01-17,475.2,363254557.7459
2022-01-18,471.4,330240013.3563
2022-01-19,461.9,272375832.0181
2022-01-20,440.2,528565003.8169
2022-01-21,383.9,780737529.9346
2022-01-22,358.3,949889475.2338
2022-01-23,383.9,486432084.5722
2022-01-24,371.3,674434639.6883
2022-01-25,385.1,374436795.3877
2022-01-26,375.1,413788334.1036
2022-01-27,389.9,358493434.8504
2022-01-28,385.9,290426869.6174
2022-01-29,389.3,207593040.2279
2022-01-30,377.2,204652766.3272
2022-01-31,374.3,232898450.6479
2022-02-01,384.2,212697945.1107
2022-02-02,366.9,215596317.4431
2022-02-03,372.3,181299666.3064
2022-02-04,399.5,326468411.3554
2022-02-05,413.7,429828793.049
2022-02-06,419.9,225211627.8565
2022-02-07,433.5,326074842.5938
2022-02-08,407.8,484080748.7926
2022-02-09,422.9,265055577.1978
2022-02-10,414.7,403767915.0088
2022-02-11,400.0,286858834.3641
2022-02-12,403.6,208673604.9611
2022-02-13,397.9,156144929.8226
2022-02-14,403.4,187826631.9452
2022-02-15,432.4,505124380.0128
2022-02-16,427.3,259874383.3159
2022-02-17,402.4,275709832.7181
2022-02-18,399.2,245671823.9169
2022-02-19,399.8,164154087.3112
2022-02-20,380.6,239051430.9718
2022-02-21,356.6,457114758.2113
2022-02-22,374.3,340225406.7727
2022-02-23,365.6,262913145.3207
2022-02-24,361.2,670530462.9295
2022-02-25,375.0,286459035.4918
2022-02-26,373.7,206711446.3645
2022-02-27,360.1,249999154.4557
2022-02-28,395.6,289850493.0347
2022-03-01,408.7,570619625.5918
2022-03-02,409.3,323372980.944
2022-03-03,402.6,233991241.5175
2022-03-04,374.2,294267657.1117
2022-03-05,384.7,171261274.7136
2022-03-06,375.0,185729892.8404
2022-03-07,380.6,356471656.4455
2022-03-08,381.4,247897754.6279
2022-03-09,393.2,399432781.3146
2022-03-10,372.0,296391848.9077
2022-03-11,371.9,189829352.1348
2022-03-12,372.4,151304077.1742
2022-03-13,361.4,157468699.6473
2022-03-14,373.4,171918309.3804
2022-03-15,371.7,162504505.4955
2022-03-16,385.4,252390066.8971
2022-03-17,391.8,220668680.0061
2022-03-18,397.2,216435335.2584
2022-03-19,399.9,184226934.2762
2022-03-20,390.8,156927918.921
2022-03-21,396.0,213220417.4339
2022-03-22,404.3,246686059.4737
2022-03-23,408.4,216596978.3039
2022-03-24,414.2,246062725.2176
2022-03-25,410.3,252564500.671
2022-03-26,415.8,115642732.4925
2022-03-27,430.5,206354927.6384
2022-03-28,430.2,312557900.7517
2022-03-29,434.2,274292494.9875
2022-03-30,442.1,337640530.5811
2022-03-31,428.9,420218726.6781
2022-04-01,447.7,420007037.5609
2022-04-02,437.2,369703437.968
2022-04-03,450.4,300737395.2241
2022-04-04,447.6,326915235.4488
2022-04-05,444.7,344439007.4977
2022-04-06,420.1,401489681.8239
2022-04-07,436.0,308674406.1649
2022-04-08,421.5,294837274.727
2022-04-09,426.6,151083668.0967
2022-04-10,418.1,164022002.1582
2022-04-11,394.6,348015114.8186
2022-04-12,413.6,297678247.1116
2022-04-13,423.4,263365818.4243
2022-04-14,414.7,194192225.9607
2022-04-15,417.3,138219013.2094
2022-04-16,417.3,98579512.0048
2022-04-17,406.6,125179818.3567
2022-04-18,416.8,255406129.1018
2022-04-19,422.3,238184351.9582
2022-04-20,418.4,286561981.3284
2022-04-21,404.9,322432006.8005
2022-04-22,406.6,230501976.6605
2022-04-23,401.1,137157329.9267
2022-04-24,398.8,129744963.581
2022-04-25,404.3,334326205.4269
2022-04-26,385.9,248264999.2856
2022-04-27,391.3,221200838.1662
2022-04-28,407.1,379597709.6867
2022-04-29,393.0,277495560.7687
2022-04-30,377.1,224484821.4371
2022-05-01,389.9,216874708.715
2022-05-02,389.5,176653828.6666
2022-05-03,383.9,150137733.5287
2022-05-04,402.6,235145614.8909
2022-05-05,378.4,480461812.5141
2022-05-06,379.1,265287421.9414
2022-05-07,365.5,207175988.6536
2022-05-08,355.9,280783573.4153
2022-05-09,296.1,689731241.244785
2022-05-10,319.1,681797899.107798
2022-05-11,271.5,994453854.052591
2022-05-12,269.0,1160044030.817458
2022-05-13,290.6,570629505.735
2022-05-14,296.9,313368698.1198
2022-05-15,312.4,231142840.1901
2022-05-16,297.2,288647095.5697
2022-05-17,306.2,213433635.73
2022-05-18,287.7,217141792.4776
2022-05-19,307.1,205598123.8996
2022-05-20,302.2,281005765.1526
2022-05-21,312.4,144965150.0549
2022-05-22,319.4,203402231.0268
2022-05-23,317.2,332787923.2211
2022-05-24,328.3,350658423.566
2022-05-25,325.7,348647272.3531
2022-05-26,303.0,482675425.1862
2022-05-27,301.6,439011128.0486
2022-05-28,307.5,182686636.394
2022-05-29,305.8,157551407.3438
2022-05-30,321.8,318483358.1724
2022-05-31,320.9,224420165.5609
2022-06-01,300.4,254597660.7454
2022-06-02,308.3,144758528.4928
2022-06-03,298.6,140826605.1582
2022-06-04,301.3,87900097.3429
2022-06-05,299.1,80515666.7129
2022-06-06,295.1,229336066.1504
2022-06-07,290.3,276622300.0833
2022-06-08,288.5,147774213.8302
2022-06-09,289.9,97246541.1366
2022-06-10,286.4,236828890.8988
2022-06-11,269.9,161677600.7792
2022-06-12,254.8,215061279.4901
2022-06-13,223.0,546805495.733613
2022-06-14,223.0,422925306.5654336
2022-06-15,233.6,448547539.3195364
2022-06-16,210.2,214986177.6497
2022-06-17,215.8,149392114.506
2022-06-18,197.0,279072472.256769
2022-06-19,215.1,224920974.6115
2022-06-20,216.5,187322962.2861
2022-06-21,220.1,183872676.7358
2022-06-22,214.4,149052138.7577
2022-06-23,228.9,175743668.5606
2022-06-24,240.2,166839422.1564
2022-06-25,239.7,116387757.5903
2022-06-26,233.9,109213172.7113
2022-06-27,233.8,113847391.7689
2022-06-28,226.9,149006957.8704
2022-06-29,219.7,157422165.4455
2022-06-30,219.6,168111073.7277
2022-07-01,216.9,179748144.2187
2022-07-02,218.3,74221672.5156
2022-07-03,219.2,78551392.8071
2022-07-04,231.5,115095649.762
2022-07-05,230.8,157531502.5575
2022-07-06,238.6,152035811.0107
2022-07-07,241.4,116889808.366
2022-07-08,240.7,155410733.435
2022-07-09,243.3,65028839.7307
2022-07-10,234.7,93608353.6637
2022-07-11,225.6,96787885.921
2022-07-12,220.6,92021837.1589
2022-07-13,230.5,159664486.6001
2022-07-14,238.5,134737102.3693
2022-07-15,238.5,106441090.036
2022-07-16,249.8,103010813.2741
2022-07-17,247.8,109732342.9723
2022-07-18,264.1,193593760.8025
2022-07-19,268.6,250265863.908
2022-07-20,258.2,205390008.9628
2022-07-21,265.6,140726770.2612
2022-07-22,262.4,135732971.3766
2022-07-23,259.2,127285476.3853
2022-07-24,261.4,87651122.8448
2022-07-25,244.6,116542520.9678
2022-07-26,249.4,88956040.5187
2022-07-27,271.6,170925448.3281
2022-07-28,277.2,182039983.1174
2022-07-29,293.6,311584621.6715
2022-07-30,287.8,200155642.0377
2022-07-31,283.4,164338264.5006
2022-08-01,283.2,140529914.4358
2022-08-02,283.8,176987241.0335
2022-08-03,297.5,201744069.5699
2022-08-04,311.8,246396755.5475
2022-08-05,315.9,202413461.716
2022-08-06,315.2,124933875.7491
2022-08-07,322.8,132021308.2209
2022-08-08,324.9,189929679.9716
2022-08-09,324.4,160641901.4976
2022-08-10,328.8,270943686.2168
2022-08-11,323.6,181136080.2977
2022-08-12,327.9,124362903.4881
2022-08-13,324.3,132869331.8471
2022-08-14,317.6,122468812.6467
2022-08-15,319.5,145530995.0574
2022-08-16,316.1,117467178.0101
2022-08-17,306.9,157961439.048
2022-08-18,298.1,124617178.5225
2022-08-19,279.1,248082923.959
2022-08-20,283.7,145936114.3889
2022-08-21,301.9,156019516.1688
2022-08-22,300.0,189310375.0873
2022-08-23,299.3,120215414.4346
2022-08-24,296.4,102349780.4904
2022-08-25,301.2,120297663.2465
2022-08-26,279.6,173560709.7524
2022-08-27,277.9,115381037.0048
2022-08-28,276.5,87346870.5846
2022-08-29,285.9,134656813.5535
2022-08-30,281.6,124426031.0398
2022-08-31,279.2,110661963.1834
2022-09-01,278.3,114562125.8134
2022-09-02,277.5,89625526.057
2022-09-03,277.8,41095391.7466
2022-09-04,279.1,53790499.5637
2022-09-05,276.9,71532780.1941
2022-09-06,262.5,176536165.5361
2022-09-07,278.9,115857094.2042
2022-09-08,280.5,107680601.8348
2022-09-09,293.4,157120633.6617
2022-09-10,296.7,96679858.8381
2022-09-11,295.3,76921681.903
2022-09-12,294.1,120574133.5628
2022-09-13,277.4,165715028.3164
2022-09-14,279.3,118512336.0126
2022-09-15,271.1,142604951.8573
2022-09-16,274.9,85275040.4255
2022-09-17,279.1,52624982.8163
2022-09-18,266.2,89585859.6556
2022-09-19,271.9,134393256.6133
2022-09-20,266.3,90215570.1637
2022-09-21,264.0,143451738.2075
2022-09-22,275.3,91412188.4338
2022-09-23,276.7,99381888.094
2022-09-24,274.4,90927137.7213
2022-09-25,274.3,60865798.2227
2022-09-26,276.1,73404700.587
2022-09-27,272.3,113664496.2136
2022-09-28,281.6,98283085.9797
2022-09-29,284.1,84839263.8185
2022-09-30,284.8,111674332.3233
2022-10-01,282.9,55536687.6329
2022-10-02,284.7,56846715.143
2022-10-03,286.9,78973348.1578
2022-10-04,296.2,94248616.7074
2022-10-05,294.2,64737577.4074
2022-10-06,287.0,130215244.4347
2022-10-07,282.3,100481529.2893
2022-10-08,276.4,51392337.1387
2022-10-09,278.2,47459488.889
2022-10-10,271.5,59605624.9216
2022-10-11,271.4,60175430.3276
2022-10-12,270.9,45523630.5199
2022-10-13,271.6,143118801.2493
2022-10-14,269.4,81413111.8451
2022-10-15,268.2,38892821.9386
2022-10-16,272.5,50273799.9495
2022-10-17,275.6,51151085.5275
2022-10-18,273.1,53473915.4375
2022-10-19,272.0,41810731.1332
2022-10-20,269.0,44986069.5486
2022-10-21,270.1,52360415.0981
2022-10-22,270.4,22665745.2842
2022-10-23,276.0,36579876.7559
2022-10-24,274.1,42223946.5416
2022-10-25,284.2,109424124.6145
2022-10-26,290.2,91230142.3111
2022-10-27,286.7,91136079.963
2022-10-28,297.9,122109397.9691
2022-10-29,304.4,167868011.2647
2022-10-30,313.5,167660898.3786
2022-10-31,325.7,340425554.6015
2022-11-01,323.9,179160222.0247
2022-11-02,320.2,180869023.3075
2022-11-03,329.5,205277326.0489
2022-11-04,354.6,261103572.5566
2022-11-05,349.2,145635881.7737
2022-11-06,337.9,136745098.0347
2022-11-07,337.0,248017900.2622
2022-11-08,327.4,1055852274.3117
2022-11-09,267.3,567664075.6822
2022-11-10,304.0,406358146.7639
2022-11-11,290.4,202402540.8252
2022-11-12,282.8,154906443.4621
2022-11-13,276.4,123589124.7321
2022-11-14,279.0,227994916.626
2022-11-15,277.0,123903312.1649
2022-11-16,271.8,110278982.5105
2022-11-17,267.9,98606467.4681
2022-11-18,274.1,75643996.6943
2022-11-19,272.6,52728944.3301
2022-11-20,264.2,82401745.4219
2022-11-21,253.9,149844873.5876
2022-11-22,266.7,92786743.4638
2022-11-23,298.8,356516355.7052
2022-11-24,300.2,164566994.1052
2022-11-25,300.8,139382821.9341
2022-11-26,311.4,177387113.6638
2022-11-27,307.6,96997226.2788
2022-11-28,293.5,178312004.9909
2022-11-29,295.4,126128219.769
2022-11-30,300.6,139979947.1509
2022-12-01,292.3,236380803.0174
2022-12-02,293.4,105520413.5547
2022-12-03,290.4,68292872.5588
2022-12-04,291.8,70996837.0021
2022-12-05,288.4,86363781.9795
2022-12-06,290.2,71585088.9535
2022-12-07,284.2,102858804.3378
2022-12-08,290.4,80842697.122
2022-12-09,286.0,89037369.8403
2022-12-10,288.2,42834452.8982
2022-12-11,284.4,59514080.2258
2022-12-12,276.1,140940803.1346
2022-12-13,272.2,351955870.3631
2022-12-14,267.7,157826873.8852
2022-12-15,258.8,92233729.9022
2022-12-16,231.2,214869517.089
2022-12-17,242.1,183930176.9859
2022-12-18,251.0,130305766.1496
2022-12-19,240.4,100662869.9923
2022-12-20,251.4,79574286.8066
2022-12-21,246.2,48447186.3344
2022-12-22,245.8,60207564.1979
2022-12-23,246.2,43130222.3537
2022-12-24,244.5,23688074.9905
2022-12-25,243.2,30456150.2055
2022-12-26,244.3,28483521.2211
2022-12-27,246.7,48123719.9723
2022-12-28,244.5,50890930.807
2022-12-29,246.3,39764426.9632
2022-12-30,245.8,31413152.0195
2022-12-31,246.3,33031138.6588
2023-01-01,244.4,26767261.7192
2023-01-02,245.2,42566621.7265
2023-01-03,246.1,28259473.5323
2023-01-04,258.9,94459376.8191
2023-01-05,256.7,37361134.4044
2023-01-06,259.9,51368774.9927
2023-01-07,261.3,30088933.4458
2023-01-08,274.9,63256842.6863
2023-01-09,272.6,121659068.738
2023-01-10,277.1,71544603.7047
2023-01-11,284.8,74166049.4177
2023-01-12,287.7,111464592.0418
2023-01-13,293.7,90714499.3465
2023-01-14,305.1,215777694.13
2023-01-15,302.2,86365136.017
2023-01-16,299.0,105546343.5522
2023-01-17,299.4,84301030.8981
2023-01-18,286.7,182302178.0608
2023-01-19,294.6,62586318.1561
2023-01-20,305.1,124835179.1299
2023-01-21,299.0,154262036.4891
2023-01-22,303.0,118074364.3441
2023-01-23,305.1,92048016.7507
2023-01-24,300.3,197286790.1894
2023-01-25,306.9,135182951.9563
2023-01-26,304.7,104832628.0488
2023-01-27,308.0,82710629.2353
2023-01-28,306.1,70543615.9629
2023-01-29,317.2,135402894.4623
2023-01-30,307.2,128037381.1261
2023-01-31,312.0,86537029.2093
2023-02-01,317.0,121820323.1709
2023-02-02,323.5,192390747.6579
2023-02-03,332.2,190507194.7902
2023-02-04,330.4,70050858.8377
2023-02-05,327.8,130706234.816
2023-02-06,324.3,95098301.3522
2023-02-07,333.0,87505720.4959
2023-02-08,328.2,94531270.4592
2023-02-09,306.2,178897753.6956
2023-02-10,305.8,90651947.9341
2023-02-11,310.4,47628388.9448
2023-02-12,312.6,91485948.2107
2023-02-13,294.3,314960864.8088
2023-02-14,296.2,145777145.5391
2023-02-15,317.4,142051141.657
2023-02-16,304.4,273631508.4029
2023-02-17,313.0,157933829.2178
2023-02-18,316.5,89264567.9837
2023-02-19,311.5,105898919.4869
2023-02-20,315.4,162561577.7291
2023-02-21,311.5,120775804.8529
2023-02-22,312.4,113217908.5172
2023-02-23,308.3,93188074.383
2023-02-24,302.3,100468727.7221
2023-02-25,302.4,53640769.2159
2023-02-26,308.7,46179503.1808
2023-02-27,304.6,71433037.0652
2023-02-28,301.4,56536923.3419
2023-03-01,302.7,60900584.0673
2023-03-02,299.8,60082927.5113
2023-03-03,290.4,77375815.2097
2023-03-04,289.6,36979790.81
2023-03-05,288.7,37300395.7492
2023-03-06,287.8,58782996.2149
2023-03-07,289.3,57609359.9966
2023-03-08,287.1,75356809.0494
2023-03-09,277.1,90265165.2206
2023-03-10,277.4,110074568.5416
2023-03-11,276.0,102108722.7581
2023-03-12,288.1,88260912.9764
2023-03-13,307.9,299509993.6058
2023-03-14,308.4,218821745.4102
2023-03-15,306.3,126907786.4302
2023-03-16,329.4,401797064.6412
2023-03-17,338.9,241644682.8438
2023-03-18,331.0,224183709.7316
2023-03-19,336.7,135490968.039
2023-03-20,332.5,171843370.7453
2023-03-21,334.4,159793741.7808
2023-03-22,321.1,422715609.9451
2023-03-23,329.4,124802181.3147
2023-03-24,322.1,99151865.5545
2023-03-25,322.4,102246368.2079
2023-03-26,328.6,66827422.6814
2023-03-27,310.6,182769703.624
2023-03-28,313.2,102362254.1103
2023-03-29,313.7,103404307.0787
2023-03-30,316.4,156327197.1435
2023-03-31,316.9,84310535.1086
2023-04-01,314.9,58599155.1467
2023-04-02,313.7,47006464.2186
2023-04-03,308.8,138921574.7271
2023-04-04,310.8,95018482.4739
2023-04-05,313.9,100571771.7011
2023-04-06,312.3,72725957.587
2023-04-07,310.3,55926512.0497
2023-04-08,310.5,51514644.4441
2023-04-09,312.8,50986008.2501
2023-04-10,318.5,85205066.9365
2023-04-11,322.3,215980918.4731
2023-04-12,319.9,113135820.0564
2023-04-13,324.7,112173084.698
2023-04-14,328.9,224793151.2458
2023-04-15,333.0,138970386.8544
2023-04-16,347.7,216486510.2014
2023-04-17,340.0,191176774.9373
2023-04-18,343.1,134225841.056
2023-04-19,322.4,177241467.3572
2023-04-20,318.1,118367527.8226
2023-04-21,321.2,296370164.1481
2023-04-22,332.2,124850258.756
2023-04-23,330.7,126958680.0237
2023-04-24,331.2,146556327.1712
2023-04-25,338.4,145152623.7318
2023-04-26,330.6,228450745.9855
2023-04-27,330.9,160502346.0046
2023-04-28,324.1,320507877.1316
2023-04-29,321.9,73126327.3959
2023-04-30,337.5,236115558.3166
2023-05-01,328.5,239751288.9926
2023-05-02,321.5,141881359.3589
2023-05-03,325.9,196905763.1719
2023-05-04,323.8,63593785.5551
2023-05-05,326.5,92825871.0679
2023-05-06,321.9,89101595.9636
2023-05-07,321.0,65809878.4767
2023-05-08,313.8,119876329.8087
2023-05-09,312.1,81747989.2856
2023-05-10,314.3,112722393.2851
2023-05-11,307.5,90369005.2504
2023-05-12,308.5,99784360.6959
2023-05-13,310.7,47001910.5018
2023-05-14,312.1,60226626.9218
2023-05-15,313.4,63792308.8934
2023-05-16,311.4,56874167.0213
2023-05-17,314.3,68799773.1488
2023-05-18,309.3,73619131.9768
2023-05-19,308.9,59286887.5964
2023-05-20,310.6,32347642.8651
2023-05-21,306.4,44293374.5127
2023-05-22,309.0,68557813.5485
2023-05-23,313.5,70763611.1608
2023-05-24,306.0,90018222.503
2023-05-25,304.5,87562770.5034
2023-05-26,306.8,121756770.7794
2023-05-27,307.4,44281243.2841
2023-05-28,314.1,79600097.6225
2023-05-29,311.6,145062337.2295
2023-05-30,311.5,91013362.1095
2023-05-31,306.8,134239500.3593
2023-06-01,304.9,77928559.171
2023-06-02,307.2,92203727.6039
2023-06-03,306.6,48684741.5621
2023-06-04,305.0,57537980.8857
2023-06-05,276.9,314258039.4391
2023-06-06,281.2,197599700.3864
2023-06-07,259.3,313838020.5865
2023-06-08,262.0,152323676.7111
2023-06-09,260.5,132789115.8495
2023-06-10,238.7,384973615.933
2023-06-11,235.4,95102654.1768
2023-06-12,231.3,362057778.294
2023-06-13,244.2,294375872.3018
2023-06-14,237.9,237940592.4737
2023-06-15,236.4,141722725.8756
2023-06-16,239.3,133825112.4104
2023-06-17,244.5,120377348.1879
2023-06-18,244.1,88378391.2806
2023-06-19,243.1,102961755.5535
2023-06-20,247.7,154968378.054
2023-06-21,248.8,250959168.5731
2023-06-22,240.8,256876559.6921
2023-06-23,244.3,156124995.5926
2023-06-24,236.4,189462664.4101
2023-06-25,238.8,122634105.4772
2023-06-26,236.1,124675274.7049
2023-06-27,237.5,85834675.0653
2023-06-28,230.6,149305878.0527
2023-06-29,233.1,82245042.8293
2023-06-30,240.3,200483756.0175
2023-07-01,247.9,176868834.7547
2023-07-02,246.5,146687214.6501
2023-07-03,246.5,217329353.3851
2023-07-04,242.5,119449633.3821
2023-07-05,238.9,124699717.6546
2023-07-06,232.2,160660353.281
2023-07-07,235.6,101015451.0578
2023-07-08,236.3,61331779.1567
2023-07-09,234.1,55224068.3752
2023-07-10,246.2,288577761.4019
2023-07-11,248.6,163092161.7441
2023-07-12,243.9,148023554.2427
2023-07-13,256.1,260503840.2724
2023-07-14,248.1,272238529.481
2023-07-15,251.1,95944881.0894
2023-07-16,242.3,107159359.2207
2023-07-17,244.1,192369763.5855
2023-07-18,240.2,225023659.9072
2023-07-19,240.8,107568712.1823
2023-07-20,242.8,109089115.4593
2023-07-21,243.7,71997856.2745
2023-07-22,241.1,44760549.9083
2023-07-23,242.5,41687540.333
2023-07-24,238.9,110753533.6528
2023-07-25,237.7,73053333.6086
2023-07-26,239.0,75848956.2839
2023-07-27,240.6,74869479.8343
2023-07-28,241.9,56207693.5292
2023-07-29,242.4,24773023.5502
2023-07-30,242.5,61858999.839
2023-07-31,241.0,80865567.5508
2023-08-01,247.7,198363744.4037
2023-08-02,240.7,153020165.131
2023-08-03,241.1,73117107.9969
2023-08-04,241.7,66497124.776
2023-08-05,243.2,42649651.4073
2023-08-06,243.2,67888359.9973
2023-08-07,242.1,73178128.2102
2023-08-08,245.2,92356948.4678
2023-08-09,243.8,71894705.2311
2023-08-10,241.5,63443697.9964
2023-08-11,239.7,68977336.0305
2023-08-12,240.3,27423424.2774
2023-08-13,240.2,31960464.0307
2023-08-14,240.4,48426294.7964
2023-08-15,236.7,94739230.1
2023-08-16,232.0,99874060.8179
2023-08-17,218.1,229457143.1452
2023-08-18,216.1,146556115.4077
2023-08-19,216.8,69900741.1019
2023-08-20,216.5,41243951.0211
2023-08-21,210.4,164823491.5976
2023-08-22,210.9,182093302.0157
2023-08-23,216.6,139100814.0227
2023-08-24,219.0,80590240.5933
2023-08-25,218.4,82490314.6667
2023-08-26,216.5,31896070.8349
2023-08-27,218.4,40689386.502
2023-08-28,218.8,67502658.0164
2023-08-29,226.9,151324979.9833
2023-08-30,223.8,68404012.6529
2023-08-31,216.7,99599187.5856
2023-09-01,213.7,98906602.8881
2023-09-02,214.4,44541640.1152
2023-09-03,214.4,36078852.7499
2023-09-04,215.2,65652259.4118
2023-09-05,214.6,52156121.7649
2023-09-06,215.2,64596754.8989
2023-09-07,217.1,53365435.3813
2023-09-08,214.7,50731186.8383
2023-09-09,214.1,20356350.875
2023-09-10,212.4,59840295.3424
2023-09-11,206.1,120460067.2959
2023-09-12,210.7,110321515.4203
2023-09-13,212.5,63746181.0503
2023-09-14,212.2,75291908.9119
2023-09-15,214.1,66528306.9665
2023-09-16,214.9,61955726.2993
2023-09-17,216.5,71700223.6748
2023-09-18,216.0,130735805.9995
2023-09-19,217.2,75480968.3979
2023-09-20,214.4,79474917.4956
2023-09-21,210.8,87294414.1873
2023-09-22,211.1,50135472.3992
2023-09-23,210.5,24779090.2678
2023-09-24,208.3,38827637.9994
2023-09-25,209.9,56924678.2105
2023-09-26,212.6,59488753.5475
2023-09-27,212.0,87213295.6396
2023-09-28,215.0,84416215.6065
2023-09-29,215.2,80287231.0222
2023-09-30,214.6,38525653.0438
2023-10-01,218.2,89726682.2753
2023-10-02,214.6,123112092.6423
2023-10-03,213.5,63065028.0602
2023-10-04,213.4,69819488.4664
2023-10-05,210.6,54965499.6337
2023-10-06,213.4,54945455.1705
2023-10-07,212.3,26739226.3039
2023-10-08,211.4,47548210.2222
2023-10-09,205.8,118525638.8665
2023-10-10,208.6,120399736.9274
2023-10-11,206.6,81917381.5586
2023-10-12,205.1,72953132.7042
2023-10-13,206.1,68240940.6759
2023-10-14,206.5,29452373.0415
2023-10-15,209.7,76238355.8478
2023-10-16,214.6,165487571.0136
2023-10-17,211.4,79111066.0669
2023-10-18,210.2,55325763.0858
2023-10-19,211.2,57695328.7046
2023-10-20,212.1,73664939.3665
2023-10-21,214.2,56232405.6178
2023-10-22,217.8,62866183.9462
2023-10-23,228.5,187556172.7312
2023-10-24,225.2,231896447.9067
2023-10-25,222.1,140855130.8811
2023-10-26,223.2,162660929.0755
2023-10-27,224.1,219332548.5696
2023-10-28,225.7,78745361.1092
2023-10-29,227.1,60824339.7271
2023-10-30,228.0,90262886.821
2023-10-31,226.2,105313164.8925
2023-11-01,227.9,130526151.8536
2023-11-02,231.9,191104853.8685
2023-11-03,230.2,114768431.2497
2023-11-04,237.1,91700260.481
2023-11-05,244.0,148461728.7971
2023-11-06,255.1,210620058.5931
2023-11-07,246.2,214554466.2946
2023-11-08,246.7,123208657.9482
2023-11-09,251.6,328534543.7581
2023-11-10,251.0,205904335.778
2023-11-11,251.5,185242581.1229
2023-11-12,247.4,158268647.2047
2023-11-13,241.1,234087272.3777
2023-11-14,242.3,241108612.3373
2023-11-15,253.7,227361551.2316
2023-11-16,242.7,270933175.081
2023-11-17,244.9,184229112.2533
2023-11-18,244.8,118012503.5516
2023-11-19,246.4,92591222.5672
2023-11-20,253.1,385938132.7184
2023-11-21,225.5,1011993817.7675
2023-11-22,236.1,417655559.5203
2023-11-23,233.8,168197253.3751
2023-11-24,232.7,144657214.7094
2023-11-25,234.4,73311189.6661
2023-11-26,231.7,101501869.2893
2023-11-27,227.2,188795151.7685
2023-11-28,229.6,124990569.2474
2023-11-29,227.3,95227304.2401
2023-11-30,227.6,82134829.4554
2023-12-01,228.5,97377363.7116
2023-12-02,229.0,104181500.1925
2023-12-03,228.1,135571793.4611
2023-12-04,233.5,340713237.4163
2023-12-05,231.2,199321079.6331
2023-12-06,229.4,198533925.8919
2023-12-07,232.6,183986311.039
2023-12-08,238.9,179932210.9931
2023-12-09,237.7,202267145.4988
2023-12-10,239.8,103874632.9652
2023-12-11,246.4,481507074.9227
2023-12-12,254.6,474066909.6198
2023-12-13,252.0,287346449.3793
2023-12-14,253.3,205663878.7038
2023-12-15,244.9,162781619.0281
2023-12-16,244.4,109276324.5659
2023-12-17,238.8,112451147.5021
2023-12-18,241.7,207558062.952
2023-12-19,252.9,392788601.6509
2023-12-20,260.3,286414435.3106
2023-12-21,272.1,344882938.8172
2023-12-22,271.1,261603644.0307
2023-12-23,271.0,109797737.1071
2023-12-24,264.5,153772670.7267
2023-12-25,266.9,124678355.3422
2023-12-26,297.7,677051118.3951
2023-12-27,324.1,645877189.4539
2023-12-28,322.6,737870670.9829
2023-12-29,313.7,444941733.1464
2023-12-30,317.1,177942240.5332
2023-12-31,311.8,212735142.2708
2024-01-01,313.5,192732706.8128
2024-01-02,312.2,295174406.4809
2024-01-03,315.8,676220588.2609
2024-01-04,323.7,361837483.3215
2024-01-05,317.5,368222963.7918
2024-01-06,307.5,278569949.9934
2024-01-07,302.4,152361829.1541
2024-01-08,303.7,295303747.6348
2024-01-09,301.1,422526207.0798
2024-01-10,305.8,308162176.0144
2024-01-11,308.2,365379468.0055
2024-01-12,296.6,306490270.7949
2024-01-13,302.2,130482656.592
2024-01-14,299.5,119385412.0975
2024-01-15,317.5,538168739.2421
2024-01-16,315.2,301098425.262
2024-01-17,309.4,334015672.2177
2024-01-18,313.0,286764675.8662
2024-01-19,314.7,260212056.1142
2024-01-20,317.2,102587302.7284
2024-01-21,318.6,114699882.2174
2024-01-22,305.9,219981142.9426
2024-01-23,298.8,277158407.7849
2024-01-24,293.1,236068964.3331
2024-01-25,292.1,293393842.1302
2024-01-26,302.2,212965430.5951
2024-01-27,305.6,86914329.9027
2024-01-28,305.3,125348980.2823
2024-01-29,310.7,136398210.8905
2024-01-30,307.6,119841147.8526
2024-01-31,300.5,139453769.9253
2024-02-01,300.2,111693886.0914
2024-02-02,301.4,93531533.3372
2024-02-03,299.7,59934756.239
2024-02-04,304.7,153038899.9585
2024-02-05,301.2,148229310.0409
2024-02-06,302.7,78912339.4264
2024-02-07,307.3,107278134.5215
2024-02-08,319.2,290495868.1278
2024-02-09,324.0,238469149.4622
2024-02-10,323.0,103609947.2204
2024-02-11,320.7,90370119.2085
2024-02-12,327.8,186477781.445
2024-02-13,324.7,143321078.2164
2024-02-14,333.9,149740983.6118
2024-02-15,354.2,478646206.0905
2024-02-16,360.4,380862085.144
2024-02-17,352.9,224091913.1848
2024-02-18,349.8,174916562.0411
2024-02-19,351.6,292956743.1504
2024-02-20,354.6,344718252.3894
2024-02-21,379.2,622522220.3496
2024-02-22,382.6,536344338.408
2024-02-23,375.5,386866756.7837
2024-02-24,381.7,168773631.0203
2024-02-25,388.5,247170192.0434
2024-02-26,401.6,470452539.8288
2024-02-27,394.6,364167988.7186
2024-02-28,414.6,552001541.8641
2024-02-29,399.4,469627729.0748
2024-03-01,407.4,237860266.1338
2024-03-02,410.9,241430398.0742
2024-03-03,414.5,344938583.2117
2024-03-04,418.4,436000270.4003
2024-03-05,394.1,842880032.1611
2024-03-06,429.4,751515764.4224
2024-03-07,474.6,749769224.1366
2024-03-08,485.8,791088261.862612
2024-03-09,488.3,414533147.6676
2024-03-10,528.9,1008148996.342
2024-03-11,523.0,837717178.0817
2024-03-12,537.5,1029803000.1368
2024-03-13,630.5,1472173679.0133
2024-03-14,603.2,1276710945.0094
2024-03-15,632.7,1801522551.2584
2024-03-16,576.4,1089990828.5325
2024-03-17,571.7,984797926.6451
2024-03-18,555.4,1280062076.3232
2024-03-19,507.7,1331115169.0283
2024-03-20,556.8,749188287.3
2024-03-21,553.8,530484956.5965
2024-03-22,553.8,665146195.2231
2024-03-23,551.9,338703185.9031
2024-03-24,567.7,247685878.078
2024-03-25,587.0,469579231.5133
2024-03-26,580.4,332801887.0926
2024-03-27,574.3,305741133.052
2024-03-28,583.4,294749471.6428
2024-03-29,612.5,635441895.7802
2024-03-30,600.7,303309397.2959
2024-03-31,606.7,196801011.3464
2024-04-01,575.8,422232040.5397
2024-04-02,551.4,557890803.7339
2024-04-03,561.5,380450017.1563
2024-04-04,585.5,513029443.1814
2024-04-05,577.8,367049671.0699
2024-04-06,585.4,132278897.6139
2024-04-07,583.9,154585203.3597
2024-04-08,586.4,285425656.2693
2024-04-09,580.5,345991219.2587
2024-04-10,609.7,483100690.5672
2024-04-11,604.6,350892798.4008
2024-04-12,595.6,922093314.9389
2024-04-13,553.1,988296299.5608
2024-04-14,566.4,533164946.8269
2024-04-15,552.7,395592622.7526
2024-04-16,537.6,336470058.8908
2024-04-17,534.1,350644262.6027
2024-04-18,552.1,322107047.8927
2024-04-19,554.0,299560802.6402
2024-04-20,570.9,136141960.463
2024-04-21,579.6,159867167.9353
2024-04-22,604.5,312535591.8883
2024-04-23,606.2,338016342.9297
2024-04-24,608.8,398136610.0393
2024-04-25,613.2,276456819.9268
2024-04-26,598.0,182921811.3128
2024-04-27,596.2,159075524.0425
2024-04-28,600.2,155563327.3273
2024-04-29,592.8,194895190.9459
2024-04-30,578.4,442024066.4745
2024-05-01,561.8,371042856.3967
2024-05-02,560.5,200004508.9447
2024-05-03,587.0,196300747.86
2024-05-04,585.7,115907821.4002
2024-05-05,592.0,106025278.2271
2024-05-06,588.2,164915187.6334
2024-05-07,576.5,170615635.1222
2024-05-08,588.6,173445200.0971
2024-05-09,596.8,277461169.032
2024-05-10,585.6,174757720.3065
2024-05-11,592.2,123879065.4674
2024-05-12,594.8,113647065.6195
2024-05-13,591.7,231181529.9276
2024-05-14,567.1,260670269.0921
2024-05-15,581.0,231640318.7261
2024-05-16,569.2,237940982.045
2024-05-17,580.9,136736066.0091
2024-05-18,580.3,97276169.0784
2024-05-19,574.5,82153015.5064
2024-05-20,599.6,273916587.4838
2024-05-21,618.5,629680133.3534
2024-05-22,614.8,250112541.59
2024-05-23,599.3,365408323.5065
2024-05-24,600.3,150540221.747
2024-05-25,602.4,73238183.6787
2024-05-26,600.2,73993292.513
2024-05-27,603.9,138990897.2628
2024-05-28,601.7,170866428.7429
2024-05-29,595.7,127314783.2932
2024-05-30,595.1,134058231.5414
2024-05-31,593.7,100127890.5189
2024-06-01,601.9,93807304.5433
2024-06-02,602.9,119216586.139
2024-06-03,626.4,408619568.5288
2024-06-04,685.7,480618195.60853
2024-06-05,698.8,471592896.6752871
2024-06-06,711.2,383971667.0546109
2024-06-07,684.0,411647370.9832
2024-06-08,682.7,148522259.267
2024-06-09,673.0,117580243.2205
2024-06-10,625.1,443628428.2456
2024-06-11,602.5,392329646.8744
2024-06-12,619.4,280606534.9802
2024-06-13,599.8,189807512.1516
2024-06-14,603.3,168377597.5893
2024-06-15,608.2,74376625.4952
2024-06-16,610.8,63655028.5963
2024-06-17,604.3,141794445.7183
2024-06-18,588.6,269411551.1401
2024-06-19,599.3,155686523.0016
2024-06-20,587.7,172878669.7902
2024-06-21,586.1,111683509.5204
2024-06-22,591.1,58889744.9883
2024-06-23,577.5,82700074.1585
2024-06-24,568.1,201975223.9453
2024-06-25,578.2,101775508.7125
2024-06-26,573.0,89021816.7667
2024-06-27,581.7,114879067.5068
2024-06-28,567.4,120971213.4525
2024-06-29,570.0,57037745.3195
2024-06-30,582.2,98063504.92
2024-07-01,576.9,109661771.2101
2024-07-02,580.1,83595650.9873
2024-07-03,556.7,162074388.468
2024-07-04,513.6,271362063.6033
2024-07-05,497.7,477944738.996
2024-07-06,526.0,116325464.473
2024-07-07,490.7,141525511.5082
2024-07-08,510.6,290874412.6181
2024-07-09,516.9,104783981.2704
2024-07-10,524.7,107482904.158
2024-07-11,524.8,139656345.3707
2024-07-12,533.8,109277155.6752
2024-07-13,532.4,85959545.6284
2024-07-14,544.8,79894219.4869
2024-07-15,585.3,189865878.4188
2024-07-16,576.2,198747610.3712
2024-07-17,568.9,114191416.2815
2024-07-18,571.9,87460889.8859
2024-07-19,593.4,194179639.0283
2024-07-20,593.1,85733754.6122
2024-07-21,602.5,145514213.204
2024-07-22,587.2,126474838.8711
2024-07-23,581.9,125103987.1786
2024-07-24,574.9,93548644.6785
2024-07-25,570.6,161664095.8419
2024-07-26,580.9,89808484.418
2024-07-27,581.6,107622930.3255
2024-07-28,583.9,53762708.786
2024-07-29,574.3,125254349.9433
2024-07-30,588.2,94752452.1439
2024-07-31,576.5,113838698.8411
2024-08-01,575.1,158920157.6353
2024-08-02,542.9,158973647.91
2024-08-03,529.6,131076763.6382
2024-08-04,496.9,198331072.8714
2024-08-05,464.2,936709946.2717
2024-08-06,484.8,221910821.6103
2024-08-07,475.0,155878721.2477
2024-08-08,517.1,142644959.0329
2024-08-09,508.7,99252951.0151
2024-08-10,523.1,65106264.4061
2024-08-11,503.4,107396614.4
2024-08-12,518.2,146276671.4102
2024-08-13,524.2,132679939.5935
2024-08-14,523.4,115904285.2938
2024-08-15,519.2,119729441.4465
2024-08-16,519.7,90234466.8196
2024-08-17,541.6,104648859.6598
2024-08-18,531.2,80080999.4861
2024-08-19,558.4,126752012.1447
2024-08-20,569.4,239532350.7605
2024-08-21,570.1,194150513.2876
2024-08-22,582.9,211506200.4228
2024-08-23,591.7,226667831.476
2024-08-24,580.5,189230078.1068
2024-08-25,573.9,112871783.1875
2024-08-26,548.2,157546934.309
2024-08-27,533.3,162636857.1307
2024-08-28,537.0,144652361.6358
2024-08-29,536.4,89803592.1243
2024-08-30,535.2,105438037.1851
2024-08-31,532.9,51436756.3339
2024-09-01,512.4,105736484.8896
2024-09-02,526.3,135310263.7192
2024-09-03,518.7,118957795.679
2024-09-04,507.6,220932561.9079
2024-09-05,502.4,89376836.949
2024-09-06,487.2,176434177.2464
2024-09-07,493.5,69061059.8594
2024-09-08,503.1,67747241.9683
2024-09-09,518.7,106181387.9937
2024-09-10,517.0,83683310.8278
2024-09-11,530.1,106177105.3379
2024-09-12,544.5,148485556.5668
2024-09-13,556.4,151886434.1994
2024-09-14,553.3,76552118.0914
2024-09-15,553.4,114158887.1805
2024-09-16,533.7,145272204.9542
2024-09-17,546.2,106087089.093
2024-09-18,559.5,109823535.9459
2024-09-19,567.0,173555626.4165
2024-09-20,569.0,146299260.296
2024-09-21,588.6,121144029.985
2024-09-22,588.7,118527723.4824
2024-09-23,604.5,225838917.1862
2024-09-24,605.9,158406716.9744
2024-09-25,587.4,131577137.9882
2024-09-26,596.3,199000531.3556
2024-09-27,606.8,216600653.3691
2024-09-28,601.1,159074265.4612
2024-09-29,595.6,95653191.0634
2024-09-30,567.4,187098291.1132
2024-10-01,547.3,266084992.2632
2024-10-02,542.5,154229595.0561
2024-10-03,544.8,119668355.7484
2024-10-04,555.3,102741705.8821
2024-10-05,563.0,70050933.4191
2024-10-06,570.3,60348493.1096
2024-10-07,564.3,122157732.7852
2024-10-08,580.8,164556094.6575
2024-10-09,570.7,187764600.0406
2024-10-10,563.9,100625398.3754
2024-10-11,573.6,105075683.8837
2024-10-12,576.6,78315432.7874
2024-10-13,572.2,67955148.4416
2024-10-14,589.1,147353933.5377
2024-10-15,594.5,191193163.4713
2024-10-16,600.9,155177541.6939
2024-10-17,592.9,115638450.5871
2024-10-18,599.2,81756722.0332
2024-10-19,597.7,47206621.5769
2024-10-20,605.9,74016985.857
2024-10-21,598.8,166472429.799
2024-10-22,593.8,121183814.7858
2024-10-23,584.9,131627008.0264
2024-10-24,594.5,86192860.0254
2024-10-25,575.3,148562012.6002
2024-10-26,583.4,69636988.2744
2024-10-27,589.2,55358950.4306
2024-10-28,601.1,112841110.9841
2024-10-29,606.3,183028445.4459
2024-10-30,595.6,111921261.7247
2024-10-31,576.6,162569407.1743
2024-11-01,573.1,139653646.5376
2024-11-02,568.6,81923716.4734
2024-11-03,557.7,121252911.9394
2024-11-04,552.5,147460854.17364
2024-11-05,563.21,118914324.13832
2024-11-06,592.22,312142762.64576
2024-11-07,598.26,226127478.91521
2024-11-08,597.82,190252650.44896
2024-11-09,624.66,481873005.65544
2024-11-10,627.33,513661217.73232
2024-11-11,659.63,635276133.39284
2024-11-12,625.33,743633998.73705
2024-11-13,620.68,638914920.75909
2024-11-14,622.3,673257806.86197
2024-11-15,619.37,403836027.70154
2024-11-16,622.69,279947693.94271
2024-11-17,618.9,373035601.88046
2024-11-18,618.93,300412598.77804
2024-11-19,615.5,258923024.56484
2024-11-20,605.39,251205966.08475
2024-11-21,621.86,397863790.46244
2024-11-22,633.0,366036815.39355
2024-11-23,650.42,704006630.9684
2024-11-24,659.65,603815106.11156
2024-11-25,636.2,511818189.88482
2024-11-26,613.51,506683169.58735
2024-11-27,644.14,395138256.51757
2024-11-28,653.83,447310382.25311
2024-11-29,654.67,281863687.62204
2024-11-30,653.43,360781212.65124
2024-12-01,655.99,284736496.31933
2024-12-02,647.82,496814257.59973
2024-12-03,734.64,1065360654.902801
2024-12-04,739.53,1585363383.638898
2024-12-05,717.1,833940195.14058
2024-12-06,730.22,543354617.64708
2024-12-07,749.72,332521641.55229
2024-12-08,742.0,254746861.56089
2024-12-09,689.19,750478040.89311
2024-12-10,676.8,668829820.38149
2024-12-11,711.21,363578391.09084
2024-12-12,705.77,412636064.68138
2024-12-13,725.72,392046785.60903
2024-12-14,715.79,246341704.54359
2024-12-15,718.87,201977197.65233
2024-12-16,720.58,346826686.35011
2024-12-17,717.69,364062746.7002
2024-12-18,686.38,513577858.41071
2024-12-19,665.62,570986179.2514
2024-12-20,678.6,641954913.39672
2024-12-21,663.49,356262914.98044
2024-12-22,649.77,219106651.6007
2024-12-23,694.16,407676502.73876
2024-12-24,696.9,267684126.6879
2024-12-25,702.72,163663370.11294
2024-12-26,689.4,266171547.7022
2024-12-27,691.85,241387898.60907
2024-12-28,722.13,246552528.75129
2024-12-29,694.71,170580495.58564
2024-12-30,705.36,207719498.60121
2024-12-31,702.3,166146690.59762
2025-01-01,707.84,95912659.04516
2025-01-02,706.25,206642127.74701
2025-01-03,714.88,206214578.80261
2025-01-04,713.41,119663318.91078
2025-01-05,709.29,81589551.0974
2025-01-06,729.42,259202689.33863
2025-01-07,698.01,311205654.41287
2025-01-08,696.03,295988402.30722
2025-01-09,685.48,229395154.56301
2025-01-10,693.21,162476464.702
2025-01-11,696.7,61027521.95983
2025-01-12,693.34,54271115.40096
2025-01-13,688.64,260749933.34469
2025-01-14,698.89,110907862.84401
2025-01-15,714.59,198505959.43022
2025-01-16,708.1,190449199.40963
2025-01-17,721.76,208863892.21405
2025-01-18,709.52,261042036.22393
2025-01-19,683.19,494826558.77689
2025-01-20,682.51,460253770.23451
2025-01-21,692.21,201877994.17057
2025-01-22,695.52,152163801.08273
2025-01-23,689.74,227449444.31795
2025-01-24,680.45,192311060.58876
2025-01-25,686.4,96002980.7489
2025-01-26,667.37,133335964.38517
2025-01-27,679.74,319943135.41218
2025-01-28,661.29,136320412.20259
2025-01-29,667.97,171429451.13217
2025-01-30,677.53,98572665.66848
2025-01-31,677.47,129837529.78904
2025-02-01,652.94,118479169.50354
2025-02-02,617.8,319686544.33016
2025-02-03,617.21,761429704.70862
2025-02-04,572.69,320290589.1865
2025-02-05,569.55,129716884.83023
2025-02-06,571.72,193969742.34818
2025-02-07,577.71,129451341.96099
2025-02-08,612.39,297489199.61406
2025-02-09,615.81,486494461.58509
2025-02-10,618.65,218954195.88323
2025-02-11,642.11,310084181.73871
2025-02-12,696.93,547344272.16887
2025-02-13,664.72,1235503153.47365
2025-02-14,659.71,435455485.36749
2025-02-15,662.21,169188074.94996
2025-02-16,673.1,242885041.45402
2025-02-17,667.51,217073600.40769
2025-02-18,648.18,237605531.27277
2025-02-19,653.38,230093608.31893
2025-02-20,656.36,140683645.98812
2025-02-21,647.47,207737127.35011
2025-02-22,668.57,197901565.80744
2025-02-23,658.42,110014935.59318
2025-02-24,614.2,228275603.70987
2025-02-25,623.49,393335861.56722
2025-02-26,611.57,263292239.55094
2025-02-27,605.41,180214548.10665
2025-02-28,588.07,348100030.61127
2025-03-01,607.93,174627265.35593
2025-03-02,623.94,290922261.43101
2025-03-03,576.1,296931073.33352
2025-03-04,584.01,277254366.05704
2025-03-05,598.24,122536170.87545
2025-03-06,596.5,134753375.22754
2025-03-07,594.77,172750428.92419
2025-03-08,593.1,69991200.96482
2025-03-09,554.65,140015234.56134
2025-03-10,531.49,225187261.71934
2025-03-11,551.61,377448189.6883
2025-03-12,569.87,205368085.28517
2025-03-13,579.8,379822302.22007
2025-03-14,587.76,124194131.58567
2025-03-15,619.83,153638521.26638
2025-03-16,602.2,154620391.15023
2025-03-17,631.69,372213621.75484
2025-03-18,627.81,280327124.87383
2025-03-19,618.7,246061914.58732
2025-03-20,630.47,363283126.57964
2025-03-21,635.17,165876355.89652
2025-03-22,627.01,88175594.70204
2025-03-23,623.79,96944430.59188
2025-03-24,637.08,193512028.36247
2025-03-25,629.82,353137599.65513
2025-03-26,617.99,139017120.22607
2025-03-27,637.36,471692258.54266
2025-03-28,619.81,199721001.67967
2025-03-29,602.99,154421898.07789
2025-03-30,602.2,118304368.03307
2025-03-31,604.81,152922764.81958
2025-04-01,611.13,346421089.82224
2025-04-02,590.68,240612013.9548
2025-04-03,592.67,303406596.77059
2025-04-04,597.71,105181815.22505
2025-04-05,593.13,51106827.24289
2025-04-06,555.54,189035699.70554
2025-04-07,554.6,397028708.94978
2025-04-08,553.72,118512835.45122
2025-04-09,582.32,213004910.74643
2025-04-10,578.03,212832786.45699
2025-04-11,585.93,101866043.54306
2025-04-12,597.29,89655284.516
2025-04-13,584.28,85200185.56801
2025-04-14,584.54,90513576.06251
2025-04-15,579.52,83039414.125
2025-04-16,582.8,101484755.50647
2025-04-17,590.49,89134723.84238
2025-04-18,591.71,113223034.09646
2025-04-19,591.73,57098589.6793
2025-04-20,592.77,68276647.28278
2025-04-21,597.34,103304762.56314
2025-04-22,618.51,173308242.979
2025-04-23,605.71,191839028.68921
2025-04-24,601.55,122518204.22908
2025-04-25,599.91,155796837.88555
2025-04-26,607.23,83138818.02772
2025-04-27,603.46,73282794.69697
2025-04-28,606.16,86833971.50822
2025-04-29,601.0,143146651.13683
2025-04-30,599.88,126352033.11528
2025-05-01,599.63,94008927.36652
2025-05-02,600.69,84772654.30253
2025-05-03,599.36,60296742.70511
2025-05-04,586.03,85298964.66439
2025-05-05,597.61,119371782.25071
2025-05-06,602.57,128368850.19364
2025-05-07,602.7,117132375.09366
2025-05-08,629.17,236647691.95012
2025-05-09,666.29,306980185.05931
2025-05-10,663.9,294150052.77147
2025-05-11,651.15,210577921.77225
2025-05-12,660.07,392542282.91301
2025-05-13,664.13,272901658.76016
2025-05-14,652.47,190546608.72786
2025-05-15,651.88,204057655.69996
2025-05-16,646.76,131210358.66972
2025-05-17,639.51,90893253.2512
2025-05-18,651.53,122348372.20883
2025-05-19,649.62,135603856.35643
2025-05-20,650.0,109772099.60261
2025-05-21,673.31,311660393.95119
2025-05-22,686.57,266404901.15309
2025-05-23,656.98,231427488.3675
2025-05-24,668.01,110606139.47037
2025-05-25,669.44,112315213.63574
2025-05-26,674.29,121339916.24473
2025-05-27,686.91,223248228.18154
2025-05-28,686.89,145022738.54658
2025-05-29,675.02,178247626.81514
2025-05-30,655.36,146064088.43998
2025-05-31,658.01,103495185.93207
2025-06-01,660.77,86198532.12636
2025-06-02,665.93,94585715.4531
2025-06-03,661.59,105542302.93054
2025-06-04,663.23,83119492.0917
2025-06-05,633.32,176686621.86037
2025-06-06,642.7,108901056.43203
2025-06-07,650.82,58781736.18277
2025-06-08,652.0,47052170.18367
2025-06-09,665.58,83644611.37634
2025-06-10,673.51,117408553.72931
2025-06-11,667.43,119080780.42267
2025-06-12,654.75,101339742.7784
2025-06-13,655.35,145072177.3044
2025-06-14,645.61,60587334.88062
2025-06-15,648.19,51386018.57671
2025-06-16,650.74,81319264.39316
2025-06-17,648.08,119391370.60418
2025-06-18,644.77,92747657.02993
2025-06-19,644.65,51715724.58785
2025-06-20,641.61,92391446.73424
2025-06-21,628.97,91039970.44005
2025-06-22,615.81,150461464.40226
2025-06-23,640.49,137434002.16861
2025-06-24,643.53,84247712.66687
2025-06-25,646.07,109446216.98338
2025-06-26,642.3,66552033.67641
2025-06-27,645.71,52434499.65195
2025-06-28,648.6,37311567.0011
2025-06-29,654.9,47617946.51691
2025-06-30,656.9,72511068.06305
2025-07-01,646.33,55853408.99266
2025-07-02,659.71,74257373.93229
2025-07-03,663.59,65465622.82548
2025-07-04,653.6,58469301.0502
2025-07-05,656.16,33813242.68712
2025-07-06,663.13,54387999.31117
2025-07-07,661.06,55019317.81961
2025-07-08,660.63,57014603.7036
2025-07-09,668.68,82087015.33234
2025-07-10,685.8,145245124.55052
2025-07-11,689.99,185244954.90644
2025-07-12,685.86,92906122.92625
2025-07-13,692.0,58641223.00475
2025-07-14,689.12,177173266.8273
2025-07-15,689.92,129048003.51493
2025-07-16,708.61,167032328.53935
2025-07-17,720.65,294063734.31481
2025-07-18,729.92,412241488.29112
2025-07-19,733.2,137599574.21818
2025-07-20,756.82,189589685.25925
2025-07-21,766.22,259224085.92258
2025-07-22,786.68,274410540.66907
2025-07-23,776.74,558758062.209709
2025-07-24,770.74,279037336.76837
2025-07-25,785.45,218078862.99362
2025-07-26,793.29,101212044.16622
2025-07-27,844.0,324733711.4765263
2025-07-28,824.07,436930876.448927
2025-07-29,805.1,349478646.03652
2025-07-30,793.51,292598414.78571
2025-07-31,783.14,268061917.80243
2025-08-01,757.08,303104688.78998
2025-08-02,736.42,157038728.0959
2025-08-03,751.21,106592055.52365
2025-08-04,768.63,130422799.09016
2025-08-05,755.13,135631922.09486
2025-08-06,769.55,124894215.68082
2025-08-07,788.67,145543031.21357
2025-08-08,793.5,154082425.69663
2025-08-09,798.83,163260549.46883
2025-08-10,807.22,130869121.4424
2025-08-11,805.09,255934175.20574
2025-08-12,832.47,219773129.75768
2025-08-13,848.01,334799833.79984
2025-08-14,840.42,502655557.964029
2025-08-15,827.81,210411186.81867
2025-08-16,838.71,95367308.35974
2025-08-17,855.38,140814256.94088
2025-08-18,846.99,196010871.99911
2025-08-19,824.11,177598520.77224
2025-08-20,869.05,332759264.4561456
2025-08-21,839.49,237896920.484744
2025-08-22,900.21,375716244.242755
2025-08-23,880.42,185676260.6218
2025-08-24,876.51,252241190.9115
2025-08-25,839.32,275451434.76334
2025-08-26,863.7,164870874.5443
2025-08-27,855.18,116374619.66615
2025-08-28,873.47,202249121.93069
2025-08-29,862.3,155483294.41144
2025-08-30,862.0,86722431.33024
2025-08-31,857.65,81214520.85845
2025-09-01,845.68,217105498.75903
2025-09-02,851.8,139702195.82979
2025-09-03,854.76,99662265.22545
2025-09-04,843.63,91679289.64725
2025-09-05,850.14,102670054.02438
2025-09-06,860.85,123901879.62194
2025-09-07,880.05,118996279.84708
2025-09-08,878.08,156027069.01887
2025-09-09,880.01,132237315.63281
2025-09-10,893.77,274181538.835692
2025-09-11,902.77,161378078.80814
2025-09-12,924.8,219285340.4397861
2025-09-13,933.68,234836986.2596412
2025-09-14,926.51,149043322.80995
2025-09-15,919.68,161428141.25427
2025-09-16,955.65,267637447.7470392
2025-09-17,989.98,348652678.6945979
2025-09-18,981.04,400199947.4299975
2025-09-19,984.1,329790921.50354
2025-09-20,1043.77,385737171.3124027
2025-09-21,1047.8,492520656.676001
2025-09-22,992.9,596953882.44591
2025-09-23,1015.98,421467277.89249
2025-09-24,1018.49,369092358.89094
2025-09-25,945.9,621318167.97413
2025-09-26,960.8,364408611.11634
2025-09-27,968.45,238037235.70271
2025-09-28,993.01,183624760.07743
2025-09-29,1029.79,295253054.46815
2025-09-30,1008.51,261981911.10553
2025-10-01,1026.5,274516783.81454
2025-10-02,1090.22,401900249.30658
2025-10-03,1189.4,842965061.361557
2025-10-04,1150.75,390930674.94389
2025-10-05,1167.38,357420641.03322
2025-10-06,1223.19,711781233.380627
2025-10-07,1304.43,1737403256.538668
2025-10-08,1307.4,1076913281.89229
2025-10-09,1255.35,1178510754.12517
2025-10-10,1102.47,1738588911.96338
2025-10-11,1135.07,1181376420.04246
2025-10-12,1302.65,1490023746.48351
2025-10-13,1294.55,1944702007.14038
2025-10-14,1208.52,1691229151.13683
2025-10-15,1162.57,836699442.94997
2025-10-16,1144.83,835695242.85643
2025-10-17,1071.15,1143128765.33737
2025-10-18,1092.43,462124290.22768
2025-10-19,1109.88,451830662.14455
2025-10-20,1100.19,535214259.16311
2025-10-21,1057.16,586956054.55562
2025-10-22,1071.82,424924796.09075
2025-10-23,1126.72,864047274.96687
2025-10-24,1109.01,385108586.81592
2025-10-25,1116.53,181193804.95172
2025-10-26,1138.19,272038928.2965
2025-10-27,1138.88,569610822.72901
2025-10-28,1103.45,395192652.3363
2025-10-29,1107.7,510072430.34674
2025-10-30,1079.05,554615753.48928
2025-10-31,1088.9,584994779.09792
2025-11-01,1094.53,178160836.27944
2025-11-02,1083.25,143615965.50532
2025-11-03,993.54,695307374.09516
2025-11-04,936.77,924046511.24224
2025-11-05,959.33,497402208.36976
2025-11-06,950.4,295927015.25126
2025-11-07,991.15,434871852.02567
2025-11-08,991.03,300155965.29685
2025-11-09,996.63,254503411.11084
2025-11-10,991.98,280689673.13887
2025-11-11,958.08,278122345.76054
2025-11-12,952.86,207895272.16893
2025-11-13,927.15,314259121.5093
2025-11-14,915.25,401204627.31223
2025-11-15,932.28,151171632.97185
2025-11-16,926.56,233987143.9429
2025-11-17,907.36,305134278.30436
2025-11-18,932.79,326663851.75577
2025-11-19,897.77,268307936.85822
2025-11-20,866.51,269032673.70796
2025-11-21,830.46,542979217.98351
2025-11-22,833.78,138427266.23421
2025-11-23,843.6,141704290.78926
2025-11-24,864.92,211511619.02536
2025-11-25,862.57,135823380.71101
2025-11-26,891.78,139460353.89772
2025-11-27,895.74,126273074.47225
2025-11-28,887.19,155822041.55361
2025-11-29,872.9,70344820.67889
2025-11-30,875.31,94178228.95986
2025-12-01,826.61,283999640.0346
2025-12-02,876.61,199034705.02779
2025-12-03,920.76,204499249.05121
2025-12-04,899.92,150836824.66394
2025-12-05,883.57,122346994.84129
2025-12-06,890.38,72211284.20858
2025-12-07,894.37,117366943.71489
2025-12-08,897.12,109535418.55455
2025-12-09,897.3,189336040.76546
2025-12-10,893.43,166693561.34981
2025-12-11,885.91,159114587.16925
2025-12-12,881.58,97852155.11364
2025-12-13,896.82,82431393.00693
2025-12-14,877.27,98442378.82563
2025-12-15,858.6,182971113.85925
2025-12-16,875.63,208552022.88205
2025-12-17,843.07,324665474.7502
2025-12-18,830.07,361452776.1874
2025-12-19,856.17,1035735760.17278
2025-12-20,854.17,48685094.40048
2025-12-21,858.64,59650811.23645
2025-12-22,858.66,127026489.4655
2025-12-23,844.3,88114840.52677
2025-12-24,846.58,71413872.14449
2025-12-25,829.64,61067016.30325
2025-12-26,834.72,100443874.53481
2025-12-27,845.04,75505665.25729
2025-12-28,859.32,78245545.48423
2025-12-29,852.46,109137090.48325
2025-12-30,861.65,62791986.8921
2025-12-31,864.3,129779137.07024
2026-01-01,864.39,69705177.29618
2026-01-02,881.25,112918887.64463
2026-01-03,878.63,70042659.0416
2026-01-04,895.43,105626153.85529
2026-01-05,910.31,126791973.03969
2026-01-06,917.64,152112813.16727
2026-01-07,900.3,135043755.77855
2026-01-08,892.26,119360812.46211
2026-01-09,896.86,72871176.25689
2026-01-10,907.93,113143829.40285
2026-01-11,904.32,89755695.35323
2026-01-12,905.78,98140526.01559
2026-01-13,943.73,287537661.4946
2026-01-14,948.47,172676671.03025
2026-01-15,931.2,122818352.97477
2026-01-16,938.16,72238110.191
2026-01-17,947.12,81544127.02514
2026-01-18,932.51,72695033.76926
2026-01-19,923.6,193182830.06014
2026-01-20,884.2,148812503.80793
2026-01-21,883.36,177017116.38232
2026-01-22,888.06,87897354.20676
2026-01-23,891.63,85731004.65856
2026-01-24,887.17,45676993.9904
2026-01-25,866.02,105238816.20596
2026-01-26,879.41,89665450.66266
2026-01-27,898.36,122795528.3296
2026-01-28,902.91,99488384.44138
2026-01-29,868.69,238573056.22689
2026-01-30,858.81,250705099.01046
2026-01-31,781.38,325750149.78876
2026-02-01,758.54,197918631.20065
2026-02-02,773.94,231808183.90377
2026-02-03,754.78,186179880.26269
2026-02-04,697.27,307855228.98581
2026-02-05,608.3,522394593.78958
2026-02-06,657.21,372108743.10323
2026-02-07,647.0,140501322.95354
2026-02-08,639.93,79946063.82796
2026-02-09,636.39,94018464.11116
2026-02-10,619.85,96192842.4738
2026-02-11,608.11,141941652.44398
2026-02-12,614.29,74239627.08287
2026-02-13,618.94,128466424.29734
2026-02-14,632.77,71434358.34732
2026-02-15,615.16,82705229.27905
2026-02-16,627.19,65167083.27991
2026-02-17,617.74,57071374.85841
2026-02-18,604.8,59649032.64721
2026-02-19,607.83,66119479.69708
2026-02-20,625.91,98064976.15346
2026-02-21,625.61,51308152.44786
2026-02-22,614.8,42391475.19087
2026-02-23,596.41,146545469.16557
2026-02-24,583.6,98873700.15517
2026-02-25,629.42,136172252.02719
2026-02-26,625.74,79116947.84255
2026-02-27,614.03,79378256.08238
2026-02-28,617.14,103755874.89134
2026-03-01,617.96,105952441.96004
2026-03-02,637.79,128306008.70904
2026-03-03,633.56,94808877.57976
2026-03-04,657.99,130078197.81306
2026-03-05,647.85,83739149.22326
2026-03-06,627.31,73307014.99299
2026-03-07,620.26,39462409.22281
2026-03-08,611.98,50532305.7637
2026-03-09,634.64,76493957.24374
2026-03-10,642.0,64968408.80016
2026-03-11,651.46,77493770.03519
2026-03-12,651.72,65966807.13229
2026-03-13,655.73,153973279.25295
2026-03-14,657.7,36131084.10072
2026-03-15,673.77,61797092.11362
2026-03-16,679.71,153962533.22807
2026-03-17,668.61,99192451.22816
2026-03-18,652.27,95190668.30481
2026-03-19,639.15,75669936.48842
2026-03-20,642.11,62031631.98012
2026-03-21,630.7,34733011.0993
2026-03-22,626.41,64477538.30602
2026-03-23,639.11,164379521.08965
2026-03-24,638.3,64099145.5025
2026-03-25,647.66,75925439.33003
2026-03-26,628.86,59890896.60571
2026-03-27,613.95,81092767.4862
2026-03-28,611.08,43031613.67827
2026-03-29,606.09,50783703.52176
2026-03-30,609.29,75659973.45205
2026-03-31,617.43,84997108.68721
2026-04-01,610.81,77893570.08412
2026-04-02,583.52,174048190.49806
2026-04-03,588.31,44847916.33419
2026-04-04,593.36,35254615.99161
2026-04-05,601.5,46287970.03219
2026-04-06,600.11,63421393.58738
2026-04-07,620.1,99075907.03912
2026-04-08,601.16,99086250.75171
2026-04-09,603.03,64745254.92078
2026-04-10,605.54,62943869.04619
2026-04-11,607.05,57229812.41951
2026-04-12,592.19,61708268.2182
2026-04-13,614.71,83667752.5612
2026-04-14,613.75,107004230.66104
2026-04-15,622.59,71047431.2543
2026-04-16,635.77,82305644.4231
2026-04-17,643.12,97715237.01149
2026-04-18,629.9,76422904.87484
2026-04-19,616.06,62599268.67886
2026-04-20,629.26,57634537.69358
2026-04-21,631.72,66708621.6678
2026-04-22,637.47,86905991.32744
2026-04-23,638.54,62573305.06496
2026-04-24,636.21,44968429.27877
2026-04-25,628.53,37311178.08933
2026-04-26,635.76,34415048.81529
2026-04-27,626.83,65310537.06297
2026-04-28,624.55,38868567.20818
2026-04-29,617.39,63262853.78308
2026-04-30,615.38,48478985.45592
2026-05-01,615.34,54465481.5865
2026-05-02,618.03,32066556.01918
2026-05-03,617.27,45057448.71424
2026-05-04,622.63,129546423.00309
2026-05-05,630.42,92527196.40466
2026-05-06,647.74,156387243.87649
2026-05-07,637.02,92876311.73249
2026-05-08,649.36,69043114.76978
2026-05-09,649.75,64050089.11391
2026-05-10,663.55,78052969.18864
2026-05-11,670.6,120891525.79175
2026-05-12,664.95,106821223.52236
2026-05-13,671.68,152664824.09562
2026-05-14,678.27,108004625.97265
2026-05-15,672.38,113246350.97474
2026-05-16,656.2,85527861.87184
2026-05-17,649.48,62475461.3227
2026-05-18,643.53,80930592.70051
2026-05-19,640.02,51927107.78688
2026-05-20,649.5,53508039.16784
2026-05-21,658.58,67332314.04883
2026-05-22,650.44,81467709.91507
2026-05-23,656.26,73178744.49039
2026-05-24,656.57,48408849.31362
2026-05-25,663.15,75917224.40367
2026-05-26,656.43,80704734.83881
2026-05-27,648.84,66485960.09763
2026-05-28,638.24,92468552.2048
2026-05-29,643.1,73622215.81009
2026-05-30,718.74,394144069.03446
2026-05-31,710.55,275776613.37884
2026-06-01,693.1,372540495.34028
2026-06-02,650.69,208057216.11828
2026-06-03,620.63,191310282.31226
2026-06-04,604.53,242449840.9478
2026-06-05,572.22,310532272.74298
2026-06-06,574.53,129951323.11359
2026-06-07,604.44,113738381.38438
2026-06-08,601.86,73050784.51563
2026-06-09,593.44,80170071.45039
2026-06-10,586.53,67590250.38691
2026-06-11,605.76,69397543.62643
2026-06-12,603.83,63775900.54681
2026-06-13,609.65,44483001.45498
2026-06-14,616.79,74470618.61585
2026-06-15,617.87,106139404.52675
2026-06-16,604.94,117462205.57618
2026-06-17,601.63,102465922.67711
2026-06-18,578.48,88839231.28714
2026-06-19,581.42,54389487.24823
2026-06-20,588.03,49421855.34596
2026-06-21,584.23,37301627.22691
2026-06-22,590.15,62673001.3426
2026-06-23,578.08,62890190.27858
2026-06-24,564.67,90778322.861
2026-06-25,560.62,87344228.775
2026-06-26,567.64,104713816.98439
2026-06-27,557.2,45904086.81035
2026-06-28,551.07,42564591.74599
2026-06-29,559.52,58670866.41269
2026-06-30,546.52,58376211.53132
2026-07-01,550.44,88883129.92751
2026-07-02,558.96,85009822.49729
2026-07-03,573.81,59201149.53531
2026-07-04,575.37,55482575.89718
2026-07-05,589.87,77257707.18526
2026-07-06,586.01,81931809.8317
2026-07-07,576.82,54068491.67432
2026-07-08,568.66,56346330.68462
2026-07-09,568.72,48898339.44846
2026-07-10,575.43,50344709.82249
2026-07-11,574.65,37993351.16803
2026-07-12,573.91,47128670.03892
2026-07-13,567.49,43668448.05344
2026-07-14,581.87,71075369.20261
2026-07-15,580.55,65498064.68784
2026-07-16,572.45,49947464.31045
2026-07-17,568.09,80666143.31847
2026-07-18,570.65,35589831.41197
2026-07-19,571.06,31357803.77329
2026-07-20,571.27,58551909.45761
2026-07-21,573.95,59272898.35526
2026-07-22,571.08,48521751.61668
2026-07-23,567.41,40150079.92467
2026-07-24,564.9,52160522.57542
2026-07-25,568.94,30244911.54715
2026-07-26,575.32,37657502.40178
2026-07-27,566.28,46042262.14835
2026-07-28,571.29,48333750.02952
2026-07-29,571.99,41876787.10337
2026-07-30,591.99,83855542.75434
2026-07-31,587.01,69878046.43064
2026-08-01,575.13,61265169.48321
2026-08-02,588.46,45408224.32145
2026-08-03,589.35,50998006.31675
2026-08-04,593.18,42732813.29766
2026-08-05,593.85,80606618.00826
2026-08-06,592.39,44917846.36262
2026-08-07,592.57,55217009.90024
2026-08-08,600.66,62479071.97474
2026-08-09,602.23,51111016.26461
2026-08-10,599.23,53151334.6745
2026-08-11,616.69,86624340.94269
2026-08-12,610.44,64735160.66788
2026-08-13,610.71,44255146.0596
2026-08-14,607.96,38649965.87462
2026-08-15,607.76,37095744.28868
2026-08-16,602.98,48733468.5851
2026-08-17,605.8,47836393.02886
2026-08-18,603.94,45731760.08027
2026-08-19,627.51,139973568.7304
2026-08-20,654.8,168679690.66821
2026-08-21,687.0,239510023.66424
2026-08-22,695.28,283271184.22197
2026-08-23,702.37,115422183.76011
2026-08-24,704.31,127394807.91785
2026-08-25,694.41,122838744.38664
2026-08-26,707.52,96543026.04018
2026-08-27,711.85,85900057.34104
2026-08-28,691.47,102950070.52024
2026-08-29,692.58,44035293.4813
2026-08-30,684.74,66804807.86568
2026-08-31,691.44,63256754.08188
2026-09-01,683.0,61536882.69733
2026-09-02,688.84,69490930.26275
2026-09-03,725.22,118569133.37203
2026-09-04,721.37,108183985.07544
2026-09-05,766.53,255022251.64363
2026-09-06,753.0,133566212.53721
2026-09-07,739.98,89683329.24408
2026-09-08,752.02,139457255.86403
2026-09-09,722.64,130731713.51745
2026-09-10,708.72,126142567.32056
2026-09-11,726.75,121026218.27456
2026-09-12,727.59,61208213.48098
2026-09-13,716.41,54165693.41669
2026-09-14,720.42,109138543.83438
2026-09-15,712.06,94349940.9499
2026-09-16,725.92,89948682.72449
2026-09-17,738.36,93471496.65452
2026-09-18,761.31,170778731.25913
2026-09-19,762.02,87368094.51223
2026-09-20,772.56,91406304.23122
2026-09-21,799.41,229529883.08985
2026-09-22,788.38,148742057.45171
2026-09-23,767.38,157637324.18435
2026-09-24,776.69,98706807.37995
2026-09-25,777.13,102369339.60353
2026-09-26,773.59,47994628.88574
2026-09-27,778.9,50266819.67415
2026-09-28,763.96,102509516.40933
2026-09-29,758.66,98667977.3448
2026-09-30,769.27,92179246.67906
2026-10-01,771.75,71091013.43715
