date,close,hashrate,miners_revenue
2010-08-18,0.07,0.00338357325016817,472.6092
2010-08-19,0.07,0.0035616560528086,479.5
2010-08-20,0.07,0.00424854686299312,682.5
2010-08-21,0.07,0.00468103366940559,605.5
2010-08-22,0.07,0.00506263967506365,742.0
2010-08-23,0.07,0.00552056688185333,752.5
2010-08-24,0.07,0.00521528207732688,759.556
2010-08-25,0.07,0.00577497088562537,770.0
2010-08-26,0.07,0.00529160327845849,1008.0
2010-08-27,0.07,0.00551599462684495,598.5
2010-08-28,0.07,0.00554698336070363,595.000000077
2010-08-29,0.06,0.00489621994967136,498.0144
2010-08-30,0.07,0.00461732134494324,535.5252
2010-08-31,0.07,0.00542302842526891,644.014000021
2010-09-01,0.06,0.00545401715912759,471.004800012
2010-09-02,0.06,0.0046792988126606,498.0
2010-09-03,0.06,0.00495819741738872,504.0
2010-09-04,0.06,0.00554698336070363,543.0
2010-09-05,0.06,0.00502017488510608,495.0006
2010-09-06,0.06,0.00523709602211683,486.000000006
2010-09-07,0.06,0.0046792988126606,534.0
2010-09-08,0.06,0.00538653022242855,513.000000024
2010-09-09,0.06,0.00535109252359678,411.006600006
2010-09-10,0.06,0.00605984650023212,549.000000006
2010-09-11,0.06,0.00574090721074621,492.0
2010-09-12,0.06,0.00648509888621332,531.009
2010-09-13,0.06,0.00581178260840975,519.000000006
2010-09-14,0.06,0.00691035127219452,609.0005762112
2010-09-15,0.09,0.00666228738037215,760.5
2010-09-16,0.15,0.00673316277803568,1702.5
2010-09-17,0.06,0.00765454294766162,642.0
2010-09-18,0.06,0.00839873462312872,711.0108
2010-09-19,0.06,0.00958137886113681,645.0
2010-09-20,0.06,0.00962700447476127,615.0
2010-09-21,0.06,0.00807573361152959,522.000000006
2010-09-22,0.06,0.00789323115703175,522.0
2010-09-23,0.06,0.00967263008838573,708.0
2010-09-24,0.06,0.0112239009516174,690.0
2010-09-25,0.06,0.00921637395214112,621.0
2010-09-26,0.06,0.00898824588401881,621.0
2010-09-27,0.06,0.0108588960426217,687.0012
2010-09-28,0.06,0.00985513254288357,912.0864
2010-09-29,0.06,0.0116026055429805,498.0
2010-09-30,0.06,0.00924275356813698,438.0
2010-10-01,0.06,0.0102260252243218,468.0336
2010-10-02,0.06,0.0071451073682761,300.0004660878
2010-10-03,0.06,0.00793172469322393,372.000465975
2010-10-04,0.06,0.0100949223368305,477.0000000594
2010-10-05,0.06,0.00806282758071523,378.0
2010-10-06,0.06,0.00996381944933915,519.0000000654
2010-10-07,0.06,0.0113403997679978,486.0
2010-10-08,0.07,0.0101604737805761,546.0
2010-10-09,0.1,0.0100293708930848,790.0
2010-10-10,0.12,0.0112748483242522,1080.0
2010-10-11,0.12,0.0108159882180326,966.0000001308
2010-10-12,0.12,0.0109603442625967,978.0
2010-10-13,0.1,0.0115768636273677,890.035
2010-10-14,0.1,0.013152413115116,1035.0
2010-10-15,0.11,0.0126728980536274,1006.5
2010-10-16,0.12,0.0163720142422538,1584.0
2010-10-17,0.11,0.0193176067628266,1529.0
2010-10-18,0.1,0.0178790615783608,1305.002
2010-10-19,0.1,0.0166460228488187,1300.0
2010-10-20,0.1,0.0160295034840476,1560.0
2010-10-21,0.1,0.0248910297496032,930.000776615
2010-10-22,0.11,0.0163447534407265,858.0
2010-10-23,0.11,0.0185881509718067,1325.5055
2010-10-24,0.13,0.020190577779721,1345.5
2010-10-25,0.18,0.0224339753108011,1845.0
2010-10-26,0.16,0.0258524858343518,1992.0
2010-10-27,0.19,0.0226476322185231,2080.5
2010-10-28,0.19,0.0229681175801059,2118.5
2010-10-29,0.19,0.0251046866573251,2175.5
2010-10-30,0.19,0.0256388289266299,2489.0
2010-10-31,0.19,0.0279717755492162,1738.5
2010-11-01,0.2,0.0288939219958937,1790.0
2010-11-02,0.2,0.0258201005069688,1780.0
2010-11-03,0.21,0.0308919059636949,2037.0
2010-11-04,0.27,0.0293549952192324,2794.5
2010-11-05,0.24,0.0336583453037272,2724.0
2010-11-06,0.25,0.0310455970381411,2750.0
2010-11-07,0.34,0.0381153864626683,4233.0
2010-11-08,0.47,0.0401133704304695,6509.8901
2010-11-09,0.36,0.0541208080126503,3978.0
2010-11-10,0.32,0.0435221497768396,3248.0
2010-11-11,0.26,0.0523167810788953,2847.0
2010-11-12,0.24,0.0385610757090134,2124.0
2010-11-13,0.26,0.0493852373115434,2977.0
2010-11-14,0.3,0.0536698012792116,4170.0
2010-11-15,0.3,0.0498362440449822,3060.144
2010-11-16,0.28,0.0408161093762071,2870.0
2010-11-17,0.28,0.0563758416798441,3654.0
2010-11-18,0.28,0.059307385447196,3738.0
2010-11-19,0.29,0.0566649936377225,2233.0232
2010-11-20,0.28,0.039255869086374,1652.2828
2010-11-21,0.29,0.0460829767535695,2088.3016
2010-11-22,0.29,0.0546168613375639,2450.6624
2010-11-23,0.28,0.0491551752038075,2016.1372
2010-11-24,0.29,0.0631507459215583,2595.558
2010-11-25,0.28,0.0518860182706857,2562.0
2010-11-26,0.28,0.0692951428220342,2828.1036
2010-11-27,0.29,0.0624680351548387,2668.0058
2010-11-28,0.28,0.0566649936377225,2436.0
2010-11-29,0.28,0.0723673412722722,3066.0084
2010-11-30,0.28,0.0843295455223728,2968.0028
2010-12-01,0.26,0.0710777597974285,2522.0104
2010-12-02,0.23,0.0775028680277046,2185.0138
2010-12-03,0.25,0.0771012987633123,2412.5025
2010-12-04,0.26,0.0879436689019031,3185.0028358902
2010-12-05,0.25,0.0955734849253559,3112.5075
2010-12-06,0.23,0.0963766234541404,2863.5103930399
2010-12-07,0.23,0.0935656386033946,2863.5188936651
2010-12-08,0.23,0.0927625000746101,2806.0092
2010-12-09,0.25,0.100392316098063,2837.50997886
2010-12-10,0.23,0.0913575317385561,1713.5161
2010-12-11,0.21,0.104756636393544,1900.5246220758
2010-12-12,0.23,0.105974736816725,2081.5364720476
2010-12-13,0.23,0.0925756321617369,1644.5716395904
2010-12-14,0.23,0.099275184489231,1932.0112523797
2010-12-15,0.23,0.109019987874677,3783.5155090196
2010-12-16,0.25,0.11328333935581,2187.525892365
2010-12-17,0.25,0.105365686605135,2100.058608235
2010-12-18,0.25,0.0962299334312791,2037.51663391
2010-12-19,0.25,0.112065238932629,2700.0314112975
2010-12-20,0.26,0.0968389836428695,2145.0174182242
2010-12-21,0.27,0.119982891683304,3456.0297
2010-12-22,0.27,0.113761835381064,2281.5479062404
2010-12-23,0.26,0.102961661136026,1911.0156
2010-12-24,0.25,0.108001742450377,1850.01957332
2010-12-25,0.25,0.116641881846407,2100.01685763
2010-12-26,0.25,0.10584170760137,1837.5264112975
2010-12-27,0.27,0.115921870230071,2295.0206941959
2010-12-28,0.27,0.121681963160758,2362.5279160209
2010-12-29,0.29,0.123841998009766,2508.5393662443
2010-12-30,0.3,0.115201858613736,2625.027715656
2010-12-31,0.3,0.118081905079079,2430.007005183
2011-01-01,0.3,0.128162067707781,2775.026745774
2011-01-02,0.3,0.129602090940453,2775.026690469
2011-01-03,0.3,0.132945991858135,2340.218476206
2011-01-04,0.3,0.115111773438141,2115.009387273
2011-01-05,0.3,0.121596943772684,2370.027862842
2011-01-06,0.3,0.119165004897231,2115.024925803
2011-01-07,0.3,0.116733066021777,2550.016057536
2011-01-08,0.32,0.155644088029036,2720.0056493856
2011-01-09,0.32,0.12321823635632,2608.0448
2011-01-10,0.32,0.135377930733588,2688.0252303008
2011-01-11,0.33,0.131324699274499,2970.0170033061
2011-01-12,0.33,0.135377930733588,2854.595899287
2011-01-13,0.36,0.149969563986311,3456.0089779932
2011-01-14,0.42,0.141052454776314,3843.0272743254
2011-01-15,0.44,0.157644927140008,3542.0461731028
2011-01-16,0.4,0.158561467414078,3600.03451144
2011-01-17,0.4,0.158561467414078,3620.06322992
2011-01-18,0.4,0.142980282754891,2940.017007708
2011-01-19,0.38,0.162227628510357,3363.019
2011-01-20,0.35,0.153978766043729,3360.0410783345
2011-01-21,0.38,0.163144168784427,3420.0229845888
2011-01-22,0.44,0.15031260494745,3718.206463026
2011-01-23,0.43,0.155811846591869,3741.1543954517
2011-01-24,0.44,0.164977249332567,4136.1012
2011-01-25,0.44,0.142980282754891,3476.0567860436
2011-01-26,0.43,0.178725353443614,3913.0473
2011-01-27,0.42,0.175078625840305,3402.252
2011-01-28,0.43,0.17836135007481,3483.0258
2011-01-29,0.45,0.164136211725285,3667.698880236
2011-01-30,0.45,0.179455591486312,3511.269489546
2011-01-31,0.48,0.164136211725285,4176.3648
2011-02-01,0.61,0.195869212658841,5002.4825636068
2011-02-02,0.92,0.177267108663308,7268.046
2011-02-03,0.82,0.163041970313784,8446.2855155868
2011-02-04,0.78,0.207905868185362,7722.0964068456
2011-02-05,0.89,0.200246178304848,7965.6408537407
2011-02-06,0.92,0.191492247012833,8142.1114358096
2011-02-07,0.92,0.225413730769392,9614.2902342768
2011-02-08,0.9,0.222286198822337,7740.159632928
2011-02-09,0.91,0.236502176653999,8827.0596207248
2011-02-10,0.97,0.244256346380359,9118.8564557576
2011-02-11,1.08,0.246841069622479,10044.5390354196
2011-02-12,1.03,0.245548708001419,10094.7641254202
2011-02-13,1.09,0.263641770696261,11009.2616
2011-02-14,1.08,0.240379261517179,10586.9592
2011-02-15,1.08,0.273980663664741,12366.2629388844
2011-02-16,1.08,0.298535534464883,12636.6372
2011-02-17,1.05,0.310166789054424,12757.6296350265
2011-02-18,1.05,0.391485054897639,11235.5565
2011-02-19,1.04,0.318987822509188,8372.5616
2011-02-20,1.0,0.340736992225723,10200.2
2011-02-21,0.94,0.3371121306063,9212.3854
2011-02-22,0.88,0.384235331658794,9724.2248120336
2011-02-23,0.89,0.440420686759844,10813.8362898553
2011-02-24,0.95,0.387860193278217,10022.659309984
2011-02-25,0.96,0.402359639755907,10800.3945326592
2011-02-26,1.0,0.454920133237534,13800.56049575
2011-02-27,0.98,0.748873252294981,12153.0584
2011-02-28,0.96,0.461482779089527,7200.4971396192
2011-03-01,0.95,0.359238091506817,6175.4010460815
2011-03-02,0.97,0.467009518958862,8342.448819
2011-03-03,0.95,0.505696698044212,8936.73265000001
2011-03-04,0.94,0.549910616998897,10387.677458
2011-03-05,0.93,0.732293032686974,13068.7349760186
2011-03-06,0.92,0.746109882360313,12608.78538
2011-03-07,0.91,0.649391934646939,9605.93913814081
2011-03-08,0.91,0.53333039739089,8785.1036000182
2011-03-09,0.9,0.598433792945317,7472.977013673
2011-03-10,0.88,0.450719122534764,4929.9697369472
2011-03-11,0.89,0.511320012959607,5790.8581839435
2011-03-12,0.93,0.518895124262712,6604.4572506474
2011-03-13,0.92,0.450719122534764,5475.624161514
2011-03-14,0.91,0.443144011231659,5279.6620451575
2011-03-15,0.9,0.367392898200606,5041.647179991
2011-03-16,0.9,0.552983125126686,6121.629
2011-03-17,0.89,0.496169790353396,6275.7365597166
2011-03-18,0.87,0.522682679914265,5221.1757179913
2011-03-19,0.84,0.412843566019238,5083.039746078
2011-03-20,0.82,0.47344445644408,5783.87580453401
2011-03-21,0.79,0.587071125990659,5852.8476354305
2011-03-22,0.79,0.477232012095633,4708.818858
2011-03-23,0.81,0.560558236429791,6698.12778578701
2011-03-24,0.86,0.575708459036002,6715.1897994684
2011-03-25,0.9,0.613584015551528,7969.72743000001
2011-03-26,0.89,0.483475502411536,6323.102989
2011-03-27,0.9,0.524622353680603,6530.69720943
2011-03-28,0.89,0.558911396404825,7746.9961
2011-03-29,0.84,0.528051257953025,6848.87288400841
2011-03-30,0.8,0.53490906649787,6243.30472
2011-03-31,0.8,0.692638663029293,8283.2
2011-04-01,0.8,0.600058247673892,8883.59999999999
2011-04-02,0.8,0.648062907487804,7442.22432001599
2011-04-03,0.8,0.572627013494514,7403.60729063999
2011-04-04,0.8,0.617202769036003,11287.774283776
2011-04-05,0.77,0.692638663029293,7781.10471600001
2011-04-06,0.72,0.568985959863672,5403.5282160072
2011-04-07,0.75,0.663134715812337,5589.78015
2011-04-08,0.78,0.638574170782251,6555.22147800001
2011-04-09,0.79,0.650854443297294,6165.3259
2011-04-10,0.77,0.687695260842424,6818.55304069171
2011-04-11,0.76,0.630387322438889,6425.37219572639
2011-04-12,0.81,0.683601836670743,6605.3033784414
2011-04-13,0.92,0.8227782585079,8927.7357519908
2011-04-14,0.99,0.667228139984018,8033.199669
2011-04-15,0.98,0.552612263176948,6862.4500426104
2011-04-16,1.09,0.683601836670743,9541.51216547841
2011-04-17,1.09,0.728629502559235,10030.378925
2011-04-18,1.11,0.716137288756555,8328.6354764289
2011-04-19,1.2,0.647277934068425,9246.781538556
2011-04-20,1.19,0.661049805006051,8576.50243884211
2011-04-21,1.2,0.757452901569433,8824.04848056
2011-04-22,1.23,0.794177890736436,10830.5067
2011-04-23,1.38,0.78040601979881,11875.274256
2011-04-24,1.65,0.725318536048305,13706.240001729
2011-04-25,1.89,0.863037245424566,18349.4680725888
2011-04-26,1.71,0.885990363653943,16681.2532803369
2011-04-27,1.78,0.872218492716317,16303.3967884954
2011-04-28,2.12,0.729909159694181,17398.05666
2011-04-29,2.66,0.927305976466821,26619.7413945274
2011-04-30,3.05,1.008570400813,28854.034934296
2011-05-01,4.14,1.06853945167215,38342.7418479048
2011-05-02,3.95,0.970408277538992,38926.5141685225
2011-05-03,3.49,1.1285085025313,34916.8084713061
2011-05-04,3.51,1.01402213270928,34595.8368932475
2011-05-05,3.56,1.24299487235332,39728.8910339744
2011-05-06,3.52,1.08489464736101,38746.7080584672
2011-05-07,3.62,1.19392928528674,39120.0911831152
2011-05-08,3.75,1.12305677063501,41840.64722115
2011-05-09,3.91,1.35748124217533,47940.2301005778
2011-05-10,4.24,1.56504235595478,39679.07234296
2011-05-11,5.41,1.46331460281772,52790.9038079582
2011-05-12,6.04,1.28333473188292,51081.6893380848
2011-05-13,6.55,1.57286756773456,68523.877733554
2011-05-14,8.56,1.94065252138393,103700.173660928
2011-05-15,8.82,1.78414828578845,98033.8275096893
2011-05-16,8.54,1.75284743866936,105594.069335048
2011-05-17,8.47,2.03455506274122,109803.428737757
2011-05-18,8.27,2.21453493367602,119250.451258641
2011-05-19,7.75,2.19641646328717,67163.5755188199
2011-05-20,7.28,2.71821705953771,83119.2753586832
2011-05-21,6.98,2.58473318607827,77625.3547125034
2011-05-22,6.61,3.08226398715437,84071.537173874
2011-05-23,6.81,3.36136663166047,98185.9018975187
2011-05-24,7.39,3.57979478823047,112115.022781401
2011-05-25,7.27,3.5433900954688,112473.035816606
2011-05-26,7.95,3.85889743273657,117828.58719923
2011-05-27,9.23,4.28033532740519,77198.2240307668
2011-05-28,8.88,3.35076755428184,69835.8869034816
2011-05-29,8.68,3.73988894768231,79108.4711399612
2011-05-30,8.62,3.30753184390401,66535.1519722418
2011-05-31,9.12,3.24267827833726,72236.3175006
2011-06-01,9.47,3.84797822362689,89246.1737183708
2011-06-02,9.67,4.10739248589387,92093.9722432158
2011-06-03,11.46,4.38842460334976,117192.983562508
2011-06-04,15.05,4.66945672080566,169044.304502307
2011-06-05,17.79,4.49651387929434,187219.159941527
2011-06-06,19.05,7.04978032426183,222490.721239791
2011-06-07,19.19,4.765651499201,165592.92694922
2011-06-08,22.14,5.16043919735966,205777.867820522
2011-06-09,31.81,5.97821371497403,357650.682453242
2011-06-10,32.34,6.37300141313269,361833.101785617
2011-06-11,33.8,6.54219614091498,427075.10954628
2011-06-12,28.8,6.71139086869726,339684.628366656
2011-06-13,24.87,6.90878471777659,285678.474122226
2011-06-14,23.66,6.34480229183565,293058.096011881
2011-06-15,20.75,12.2934076997834,292369.09990551
2011-06-16,19.99,8.76232250942012,180547.398198072
2011-06-17,19.82,7.84685597858518,184938.877363021
2011-06-18,18.87,8.80591615374559,186404.114646615
2011-06-19,17.6,9.54700810727864,196695.709960816
2011-06-20,18.51,10.1137254835098,216942.316771128
2011-06-21,16.91,10.0701318391843,217598.799148292
2011-06-22,15.39,11.7702839678778,206500.191799553
2011-06-23,15.28,10.3752873494626,183582.256303182
2011-06-24,16.18,16.4544049245417,175009.367571956
2011-06-25,16.95,10.3525630983575,121589.404206083
2011-06-26,17.58,10.6268031804332,131414.94070255
2011-06-27,17.63,10.9696032830278,149441.170153358
2011-06-28,17.89,10.4896831393953,143475.0933439
2011-06-29,17.47,12.1351236318495,150591.057696663
2011-06-30,17.35,12.4093637139252,165999.5952429
2011-07-01,17.38,12.3408036934063,152400.026298971
2011-07-02,16.88,11.9980035908116,144573.253433718
2011-07-03,16.3,10.9696032830278,134692.570246444
2011-07-04,15.74,11.2438433651035,134041.867463939
2011-07-05,15.65,10.3525630983575,109061.811354528
2011-07-06,15.36,10.6953632009521,120837.229002086
2011-07-07,16.44,10.5670018650812,107912.403636197
2011-07-08,16.1,11.4216858394628,133037.926591171
2011-07-09,15.49,12.2763698138443,115601.417842718
2011-07-10,15.16,11.188590210086,104035.656017018
2011-07-11,15.56,11.577082925714,122377.338000314
2011-07-12,15.07,11.188590210086,106436.199728923
2011-07-13,14.52,14.2188333919843,140335.081867372
2011-07-14,14.14,11.965575641342,101997.370346344
2011-07-15,14.15,12.5094654432211,115561.001299042
2011-07-16,14.25,12.3540683569699,114152.070856035
2011-07-17,14.07,13.1310537882259,119765.702254407
2011-07-18,13.9,11.8878770982164,119733.409897846
2011-07-19,13.93,12.7425610725979,99109.8462891712
2011-07-20,14.54,12.0198487388041,108476.734661838
2011-07-21,14.02,13.0285073742283,106678.204461395
2011-07-22,13.94,12.0198487388041,105435.76095675
2011-07-23,13.93,12.1879585113748,101796.374091959
2011-07-24,13.93,14.7936599862205,115761.139549567
2011-07-25,14.16,13.1966171467989,119825.047006466
2011-07-26,14.66,14.2052757822231,129122.843445988
2011-07-27,14.34,15.1298795313618,124885.480970833
2011-07-28,14.1,14.0371660096524,110791.768369257
2011-07-29,13.95,13.5328366919403,117279.447081827
2011-07-30,13.8,12.7763427153722,107719.38036759
2011-07-31,14.06,14.1212208959377,124526.786030673
2011-08-01,14.58,16.431116869293,121855.670427913
2011-08-02,13.53,13.8021381702061,108341.119415635
2011-08-03,13.37,14.9288433269576,109075.990134714
2011-08-04,12.71,12.4876488206627,88437.3495374681
2011-08-05,11.5,12.9571093026425,80573.340669365
2011-08-06,11.42,11.642619953099,71080.6189234068
2011-08-07,10.71,12.1120804350788,81473.2135452585
2011-08-08,9.58,12.1120804350788,66178.717104151
2011-08-09,9.66,12.4876488206627,72563.6885421252
2011-08-10,11.76,15.5860880017293,89502.3788295336
2011-08-11,10.65,12.6754330134546,91137.937350672
2011-08-12,10.35,12.8632172062465,95816.9246061465
2011-08-13,9.93,12.0181883386829,64613.4425708767
2011-08-14,10.34,11.5487278567031,75591.5817313624
2011-08-15,11.4,13.4265697846223,75922.588120944
2011-08-16,11.77,12.6754330134546,92515.5078635161
2011-08-17,11.36,11.5792819314549,80734.2991225104
2011-08-18,11.39,14.1823763191464,88913.1153224812
2011-08-19,11.7,12.1178531840808,80237.62784115
2011-08-20,11.81,13.0154719384571,127630.546794655
2011-08-21,11.75,13.0154719384571,104645.527363047
2011-08-22,11.57,15.7980900770238,99010.8876249051
2011-08-23,11.5,15.259518824398,135219.99453169
2011-08-24,11.47,11.7588056823302,79247.8549890806
2011-08-25,11.3,11.4895200560173,79733.489268699
2011-08-26,10.81,13.8233288173958,80585.4034845469
2011-08-27,10.01,11.7588056823302,61111.3323484664
2011-08-28,9.2,10.2328537998904,54321.635351824
2011-08-29,9.48,11.2202344297044,65462.7586847472
2011-08-30,9.4,13.9130906928334,70593.083621072
2011-08-31,9.11,13.3444209749862,73389.9287063922
2011-09-01,8.87,11.2234534028029,59035.7678747142
2011-09-02,8.46,14.3165311122368,69430.7216739366
2011-09-03,8.55,12.5490581354175,63730.5353187435
2011-09-04,8.69,11.135079753962,59178.4187767377
2011-09-05,8.56,13.6095419215091,69397.7595754152
2011-09-06,8.27,13.2560473261452,67458.1732199785
2011-09-07,7.64,12.9909263796223,64247.1246437176
2011-09-08,7.53,11.046706105121,50112.387009762
2011-09-09,7.23,12.3723108377355,59342.7876529668
2011-09-10,6.76,12.6374317842584,48374.1113950432
2011-09-11,6.49,12.1955635400536,41244.7369815536
2011-09-12,7.32,11.4885743493258,53842.4554280424
2011-09-13,6.88,12.0188162423716,52318.011503248
2011-09-14,6.19,13.2639252302093,48306.4689107313
2011-09-15,5.92,12.9148745662564,60431.4449522368
2011-09-16,5.58,10.9950959145156,34345.021912677
2011-09-17,5.18,10.7333079165509,36805.913687445
2011-09-18,5.02,14.5728652200325,43199.4014815994
2011-09-19,5.14,10.6460452505627,33183.5967360846
2011-09-20,5.89,12.1295105723624,41857.6974328784
2011-09-21,6.67,12.9148745662564,49392.8645112105
2011-09-22,6.18,13.0893998982328,48227.9495763564
2011-09-23,5.8,11.6931972424213,39175.1453954
2011-09-24,5.7,10.8205705825391,40224.902737995
2011-09-25,5.62,12.3912985703271,40765.1046259034
2011-09-26,5.49,11.954985240386,39544.7153991021
2011-09-27,5.38,11.8677225743978,36340.1687083604
2011-09-28,5.1,11.6059345764331,37507.3330326
2011-09-29,4.95,11.2529540121156,30954.3508180665
2011-09-30,4.94,10.3292040558972,31140.0656201622
2011-10-01,5.34,11.4209085496099,41405.602892397
2011-10-02,5.27,11.0010222058743,33482.5288779015
2011-10-03,5.14,10.9170449371271,39368.6049407782
2011-10-04,5.06,10.9170449371271,29873.038812925
2011-10-05,5.03,11.504885818357,47056.3378210122
2011-10-06,5.0,11.1689767433685,32540.46980275
2011-10-07,4.91,10.7490903996329,55507.881644477
2011-10-08,4.79,10.83306766838,29474.6460436724
2011-10-09,4.54,10.3292040558972,28842.3397161538
2011-10-10,4.36,9.90931771216154,27264.6758660352
2011-10-11,4.23,8.90159048719596,24345.6958875951
2011-10-12,4.16,9.99329498090868,26227.4035568896
2011-10-13,4.26,7.64193145598899,21958.3487599518
2011-10-14,4.37,11.1689767433685,33446.3850815807
2011-10-15,4.1,10.2907990684153,27893.846688879
2011-10-16,4.01,8.97708003840482,25476.9853683074
2011-10-17,3.87,8.24723613284346,23624.5974453063
2011-10-18,3.55,9.26901760062938,23795.9981008945
2011-10-19,2.84,9.63393955341006,19463.3672570864
2011-10-20,2.59,7.51739222728209,15167.1266665023
2011-10-21,2.49,10.0718458967469,15569.3158365624
2011-10-22,2.86,6.86053271227686,14022.0480098842
2011-10-23,3.31,7.66336100839436,18215.3593819053
2011-10-24,3.32,8.97708003840482,21425.6430484692
2011-10-25,3.16,9.48797077229778,21655.2125109612
2011-10-26,3.0,7.95529857061891,17559.26269602
2011-10-27,2.92,8.39320491395573,14607.838725692
2011-10-28,3.1,7.44440783672595,16284.435679467
2011-10-29,3.39,8.68514247618028,19674.1331340162
2011-10-30,3.78,7.07948588394527,21180.4458325362
2011-10-31,3.59,9.99886150619074,24243.795407988
2011-11-01,3.38,8.73436486000387,25704.599280893
2011-11-02,3.37,9.03348694425057,26297.1451945106
2011-11-03,3.41,7.59770093986638,21322.4197847298
2011-11-04,3.28,8.55489160945584,27399.0425871704
2011-11-05,3.22,8.97366252740123,28027.1536276788
2011-11-06,3.17,8.85401369370255,24416.6464973993
2011-11-07,3.04,7.83699860726374,20378.5859875296
2011-11-08,3.07,8.07629627466111,34248.6165067075
2011-11-09,3.19,10.1103264475387,40049.8144725371
2011-11-10,3.09,8.67454044315452,22721.9972122254
2011-11-11,3.0,7.29857885561967,18006.20067036
2011-11-12,3.03,8.07629627466111,33341.1123628041
2011-11-13,3.11,8.79418927685321,23334.001344841
2011-11-14,3.08,8.13612069151045,23570.6017370824
2011-11-15,2.95,10.2553335513137,25231.090666208
2011-11-16,2.67,7.88415816372673,18032.5652545275
2011-11-17,2.6,8.59551078000283,18077.404269262
2011-11-18,2.55,7.76559939434738,16966.060163289
2011-11-19,2.37,7.64704062496803,14582.918622111
2011-11-20,2.35,7.58776124027836,18691.9511385145
2011-11-21,2.45,8.00271693310608,21813.1303146855
2011-11-22,2.3,8.00271693310608,23703.513747796
2011-11-23,2.36,7.76559939434738,16528.3414456296
2011-11-24,2.4,6.63929108524356,14049.858899616
2011-11-25,2.48,7.70632000965771,16999.4120635792
2011-11-26,2.55,7.52848185558868,15817.29958869
2011-11-27,2.52,6.75784985462291,14874.4803119724
2011-11-28,2.51,7.35064370151966,16699.4829706891
2011-11-29,2.64,8.23983447186478,23377.124626548
2011-11-30,2.98,7.91608649951355,30557.7389687256
2011-12-01,3.0,10.0306575507535,43221.23937738
2011-12-02,3.14,8.5125039755043,26392.0329292702
2011-12-03,3.14,8.132965581692,36127.8013747896
2011-12-04,3.1,7.42810856461203,25119.784131216
2011-12-05,2.98,8.67516328713814,39646.1905701132
2011-12-06,2.96,8.62094351659352,32130.821199816
2011-12-07,3.06,7.97030627005816,24186.7063384308
2011-12-08,3.09,8.34984466387045,28127.9418783075
2011-12-09,3.09,8.18718535223662,23338.9524496371
2011-12-10,3.04,8.5125039755043,24329.423127064
2011-12-11,3.12,7.86186672896894,26539.3426063584
2011-12-12,3.37,7.26544925297819,21997.0792686881
2011-12-13,3.33,7.40682744479193,21991.5002920275
2011-12-14,3.29,8.26808645000029,26497.5519006674
2011-12-15,3.26,7.06232384270858,19259.6171347354
2011-12-16,3.2,7.11974110972247,22569.826209312
2011-12-17,3.23,8.38292098402808,28920.8126789593
2011-12-18,3.23,8.44033825104196,24881.5445188193
2011-12-19,3.36,8.67000731909753,30086.6955623808
2011-12-20,3.89,7.75133104687528,28031.8176591295
2011-12-21,4.41,8.89967638715309,42582.9494079297
2011-12-22,4.08,7.92358284791695,40003.3159707647
2011-12-23,3.98,8.72742458611142,41011.2965051686
2011-12-24,3.95,7.5790792458336,31411.920277738
2011-12-25,4.06,9.99060446041702,43867.1973702592
2011-12-26,4.37,9.87576992638924,46555.6091943298
2011-12-27,4.25,9.1680048812832,50801.9537817775
2011-12-28,4.09,8.64906120875774,37846.4048705056
2011-12-29,4.22,8.07245712817388,32934.6327595714
2011-12-30,4.32,7.38053223147327,41489.4063673872
2011-12-31,4.47,9.28332569739997,35107.9101855825
2012-01-01,5.04,8.59140080069935,42606.5163843816
2012-01-02,5.27,8.76438202487451,63012.4893246422
2012-01-03,5.45,9.34098610545835,46628.060128786
2012-01-04,5.37,8.87970284099127,47065.5827679453
2012-01-05,5.8,8.47607998458258,53694.697203114
2012-01-06,6.6,9.80226936992543,60436.957273902
2012-01-07,7.17,10.4365338585677,72450.4463961678
2012-01-08,7.06,9.28332569739997,68157.2705345
2012-01-09,7.2,10.010256218171,69169.5642440879
2012-01-10,7.13,9.07762365126064,58149.1264872017
2012-01-11,6.95,9.45067667802477,78929.965340947
2012-01-12,7.1,10.3211337404744,61709.098428477
2012-01-13,6.96,7.70976255312548,87315.0645469728
2012-01-14,6.83,9.94808071371029,60879.0075160823
2012-01-15,6.81,9.20197466018202,54917.0698057101
2012-01-16,7.04,9.82372970478891,74948.570648512
2012-01-17,7.14,9.82372970478891,82888.593258786
2012-01-18,6.97,8.82892163341788,48170.5949892576
2012-01-19,6.79,8.45586860665375,59941.5703002725
2012-01-20,6.37,8.58021961557513,47612.0693448218
2012-01-21,6.57,11.1294152984634,55873.6645674402
2012-01-22,6.51,8.45097882303242,48845.2985672148
2012-01-23,6.41,11.116287528758,69907.0259300558
2012-01-24,6.47,8.77601647007213,67033.3125744309
2012-01-25,6.5,10.076167058231,61154.31715484
2012-01-26,6.39,8.45097882303242,53094.3502675725
2012-01-27,6.08,9.0360465877039,42995.2494502912
2012-01-28,5.7,10.076167058231,47065.113700182
2012-01-29,5.75,10.5962272934945,60775.6640894575
2012-01-30,5.72,10.7912498817183,51072.9095432556
2012-01-31,5.61,10.2711896464548,47165.0074350081
2012-02-01,5.65,8.77601647007213,42120.0971376975
2012-02-02,5.77,10.5962272934945,49402.6741438742
2012-02-03,6.19,10.4012047052707,54515.3249872762
2012-02-04,6.11,11.247553976336,52294.9275585529
2012-02-05,5.99,9.3272398828152,45551.8199965523
2012-02-06,5.92,10.1502316371812,43833.4593052544
2012-02-07,5.77,9.80731840619539,43025.432066404
2012-02-08,5.74,9.05290929802652,45662.9248646844
2012-02-09,5.84,9.87590105239257,42967.440661296
2012-02-10,5.83,10.0816489909841,44917.0232295059
2012-02-11,5.94,9.46440517520954,46949.2130839446
2012-02-12,5.96,10.9732233915473,51280.5278503944
2012-02-13,5.82,10.0816489909841,41644.2476897652
2012-02-14,5.69,9.3272398828152,42765.132759657
2012-02-15,5.43,9.73873575999822,38044.813129311
2012-02-16,4.84,8.84716135943501,34413.3975300984
2012-02-17,4.74,9.73873575999822,39833.658793212
2012-02-18,4.7,12.0019630845049,45372.580191657
2012-02-19,4.46,10.7413680220749,36583.9155078438
2012-02-20,4.38,9.9887880969614,32868.288280251
2012-02-21,4.5,8.75729367404835,29940.60608001
2012-02-22,4.46,10.7413680220749,38594.8260184052
2012-02-23,4.63,11.4939479471885,40768.5214860064
2012-02-24,4.99,9.92037174013289,38195.7610398477
2012-02-25,5.17,11.42553159036,56112.0957177451
2012-02-26,5.05,10.3992862379324,46984.3844780755
2012-02-27,5.02,10.8097843789034,44206.1031315952
2012-02-28,5.08,10.2624535242754,42691.7653438576
2012-02-29,4.98,12.7254423701015,50564.857833294
2012-03-01,4.92,10.6729516652464,41116.3959480912
2012-03-02,4.99,9.89722287527119,36950.8110274022
2012-03-03,4.94,8.85540994103212,28417.465833614
2012-03-04,4.81,9.67397724650567,33452.9423399054
2012-03-05,4.93,9.82280766568269,37247.6906330359
2012-03-06,5.04,11.0134510190988,41102.2274464368
2012-03-07,5.05,11.0878662286873,44966.777503749
2012-03-08,5.05,11.6087726958068,43451.8754475395
2012-03-09,4.99,12.3529247916919,52419.9060990778
2012-03-10,4.95,12.8738312588114,45810.2437535655
2012-03-11,4.95,9.89722287527119,36645.371567244
2012-03-12,4.98,12.5761704204574,50317.7372087016
2012-03-13,5.07,11.3111118574528,52792.9346141847
2012-03-14,5.42,10.2692989232137,45828.1974228738
2012-03-15,5.45,9.59956203691717,34082.711867166
2012-03-16,5.44,10.6507281967033,44384.5136725344
2012-03-17,5.4,12.810666082748,57260.624762916
2012-03-18,5.4,11.6189762145854,47538.342423108
2012-03-19,5.36,11.7679374481057,43172.0872223136
2012-03-20,5.23,11.0231312805041,61229.1316624332
2012-03-21,4.95,12.0658599151464,56450.157986475
2012-03-22,4.87,11.6189762145854,42873.4562543576
2012-03-23,4.87,9.68248017882115,33626.4589225614
2012-03-24,4.81,12.810666082748,57555.2621130305
2012-03-25,4.73,12.4382629989472,43551.028076017
2012-03-26,4.7,11.3210537475447,48194.038893809
2012-03-27,4.74,11.0231312805041,45052.9751817624
2012-03-28,4.77,11.8424180648659,42001.6455120951
2012-03-29,4.85,11.2390412852186,40521.011266333
2012-03-30,4.85,12.1284618185812,43187.946633504
2012-03-31,4.86,13.1795951761915,53970.335544096
2012-04-01,4.94,12.1284618185812,39046.6729283514
2012-04-02,4.97,10.2687643397321,39787.8735547167
2012-04-03,5.06,10.3496207518559,36713.2875190774
2012-04-04,5.0,11.4007541094663,39775.797735
2012-04-05,4.96,9.62191304274106,30033.0467473024
2012-04-06,4.95,9.94533869123656,40619.23137756
2012-04-07,4.96,10.6730464003514,34986.860483824
2012-04-08,4.94,11.8050361700857,40528.715319924
2012-04-09,4.8,12.209318230705,40340.429417376
2012-04-10,4.82,11.5624669337141,47035.8564852886
2012-04-11,4.9,11.5624669337141,38494.438652033
2012-04-12,4.91,11.1581848730947,33664.9951340669
2012-04-13,4.97,9.88325160797756,33818.6669971297
2012-04-14,4.97,10.4323211417541,38795.0208856777
2012-04-15,5.02,9.1773050645506,28884.0840423412
2012-04-16,4.98,10.4323211417541,40866.6135979236
2012-04-17,4.99,11.1382676851811,34714.3175296994
2012-04-18,5.06,9.56949758867669,35452.9981796122
2012-04-19,5.18,12.2364067527341,45875.2410504836
2012-04-20,5.19,12.1579682479089,55588.4747387208
2012-04-21,5.24,11.5304602093072,65536.3788638024
2012-04-22,5.44,11.6873372189576,40283.5404409664
2012-04-23,5.3,11.6088987141324,38979.04505166
2012-04-24,5.21,9.64793609350191,38588.8028727837
2012-04-25,5.19,10.8245136658802,39216.5834134437
2012-04-26,5.16,12.0795297430837,49861.3610628264
2012-04-27,5.17,9.88325160797756,41139.2927718113
2012-04-28,5.13,11.6988142999403,47234.0094018669
2012-04-29,5.09,12.4487382935262,51176.5262531871
2012-04-30,5.01,12.673715491602,48373.3269269103
2012-05-01,5.0,13.4236394851879,47536.71701085
2012-05-02,5.04,11.5488295012231,42376.6852811568
2012-05-03,5.18,12.4487382935262,45389.0607374414
2012-05-04,5.18,11.6238219005817,45386.4873647752
2012-05-05,5.15,11.6988142999403,47164.841369471
2012-05-06,5.14,12.8986926896778,47327.4003402691
2012-05-07,5.1,12.8237002903192,49033.403499402
2012-05-08,5.1,13.9485862806981,77086.3416285269
2012-05-09,5.1,14.1299469053505,46999.023647331
2012-05-10,5.1,12.4067826486005,36001.347504345
2012-05-11,5.1,10.5974601790129,38570.521891215
2012-05-12,5.02,11.8036751587379,37707.8136004194
2012-05-13,5.0,11.3728840945504,40563.4083685
2012-05-14,5.01,12.320624435763,38976.1227999954
2012-05-15,5.05,11.2867258817129,38489.1021157175
2012-05-16,5.09,9.64971983780036,32898.7667387155
2012-05-17,5.1,10.1666691148254,30660.804986283
2012-05-18,5.13,12.4067826486005,37794.5359148466
2012-05-19,5.13,12.5790990742755,41472.3717139734
2012-05-20,5.14,12.2344662229255,37626.0494328448
2012-05-21,5.15,11.3728840945504,33577.3277565435
2012-05-22,5.14,10.0805109019879,30649.050032369
2012-05-23,5.13,10.4251437533379,40638.7574122806
2012-05-24,5.18,11.6313587330629,35071.7190676916
2012-05-25,5.21,9.17476078110834,31620.9331111791
2012-05-26,5.15,10.6775233228416,41281.6704929725
2012-05-27,5.15,12.9712135181187,54442.2854429095
2012-05-28,5.15,10.9148016189047,37701.918392847
2012-05-29,5.16,10.756616088196,34661.6432505252
2012-05-30,5.16,9.49113184252587,37514.5484788992
2012-05-31,5.18,11.5475437417398,45140.5433353504
2012-06-01,5.21,11.9430075685117,41249.0979882269
2012-06-02,5.27,12.3384713952836,51161.0132020947
2012-06-03,5.28,12.4966569259924,42083.8550039424
2012-06-04,5.27,11.9430075685117,73194.5773942712
2012-06-05,5.33,10.756616088196,42008.9825701923
2012-06-06,5.49,13.3666773448906,45358.3473886863
2012-06-07,5.48,9.96568843465216,45338.467468202
2012-06-08,5.56,11.7057292724486,42630.800328082
2012-06-09,5.67,13.1429330105724,52582.3704469098
2012-06-10,5.68,13.3790336035767,61517.1607357136
2012-06-11,5.6,12.1198304408871,44349.331296816
2012-06-12,5.58,11.0180276735338,50849.5310419212
2012-06-13,5.76,12.7494320222319,46889.312120352
2012-06-14,5.96,11.4902288595424,54511.9268304376
2012-06-15,6.0,12.5133314292276,58153.4926570799
2012-06-16,6.27,12.5920316268957,57882.7386334098
2012-06-17,6.58,12.8281322199,66003.8931509748
2012-06-18,6.51,12.3559310338914,79953.9891214155
2012-06-19,6.48,14.3234359755939,50388.737473404
2012-06-20,6.56,11.6726201299773,62162.2169109504
2012-06-21,6.69,10.4710268813032,54405.5551631226
2012-06-22,6.8,12.1017605759324,49101.457631244
2012-06-23,6.76,13.9041504489436,57582.1609448644
2012-06-24,6.64,12.0159324867414,46247.4991797672
2012-06-25,6.56,13.1316976462245,59819.7745645216
2012-06-26,6.45,12.7025572002694,58502.8101289665
2012-06-27,6.48,13.9041504489436,55523.1401997192
2012-06-28,6.58,11.5867920407863,49790.4400907858
2012-06-29,6.67,12.0159324867414,52110.6298505784
2012-06-30,6.67,12.1875886651234,45449.1543067431
2012-07-01,6.69,11.8442763083594,52253.0660105145
2012-07-02,6.71,13.8183223597526,59855.6376700623
2012-07-03,6.75,12.4450729326964,69634.4932967625
2012-07-04,6.71,13.8433790741358,55792.3337719693
2012-07-05,6.6,11.9279429758277,50246.812292292
2012-07-06,6.76,13.3209874109609,59266.0586011312
2012-07-07,6.74,14.8010971232899,69721.8842351978
2012-07-08,6.78,13.4080526881567,56695.2287056026
2012-07-09,6.88,14.3657707373108,66511.019392808
2012-07-10,6.98,13.1468568565692,63017.1326216612
2012-07-11,7.24,11.9279429758277,50097.0286478
2012-07-12,7.27,13.1468568565692,78642.5914367299
2012-07-13,7.46,14.0175096285275,77332.2222707589
2012-07-14,7.85,12.9727263021776,79032.6683735945
2012-07-15,7.68,12.9727263021776,80820.2801075712
2012-07-16,7.8,12.8856610249818,64134.408049218
2012-07-17,8.58,16.4218502560807,88574.046702141
2012-07-18,9.47,14.009601065922,85020.1226576248
2012-07-19,9.37,13.2673705458731,66256.0650445937
2012-07-20,9.27,12.8962552858487,79163.6715730521
2012-07-21,9.35,13.9168222509159,73600.4358809116
2012-07-22,9.53,12.8962552858487,95041.1297242891
2012-07-23,9.05,13.9168222509159,74882.7805797275
2012-07-24,9.14,14.937389215983,86528.605765769
2012-07-25,8.91,14.2879375109403,106199.218482053
2012-07-26,8.8,16.5146290710868,98319.1368815041
2012-07-27,8.91,15.5868409210258,101768.2993384
2012-07-28,8.95,15.772398551038,75834.0973742251
2012-07-29,8.92,13.4529281758853,97413.0280334736
2012-07-30,8.95,18.730041758676,133580.796159919
2012-07-31,9.22,13.4653813724536,114663.340997375
2012-08-01,9.46,14.2753291241801,77805.1686569322
2012-08-02,9.6,15.5914942207357,92851.3716946559
2012-08-03,10.12,17.5151201310862,109580.513654902
2012-08-04,11.16,15.1865203448724,100641.659023912
2012-08-05,11.27,14.6803030000434,84261.4932141129
2012-08-06,11.21,14.2753291241801,97833.5926769618
2012-08-07,11.23,15.0852768759066,108041.690182794
2012-08-08,11.07,17.2113897241888,104668.050076117
2012-08-09,11.35,16.0977115655648,108030.487505667
2012-08-10,11.9,16.6039289103939,111222.386311463
2012-08-11,11.6,15.996468096599,119740.599555704
2012-08-12,11.64,18.4055429382566,145195.932055201
2012-08-13,11.79,16.6630063287176,114712.743940131
2012-08-14,11.94,17.7520917096795,107128.328504413
2012-08-15,12.3,18.623360014449,115468.966917234
2012-08-16,12.95,16.7719148668137,137757.827814554
2012-08-17,14.21,15.5739209477556,107047.282328846
2012-08-18,15.37,16.1184636382366,151753.501031175
2012-08-19,14.48,17.2075490191985,169790.32434401
2012-08-20,11.64,20.5837137001805,124904.256383806
2012-08-21,10.45,19.712445395411,118921.157143547
2012-08-22,10.29,16.2273721763328,86690.4352104252
2012-08-23,10.26,17.9699087858719,102342.308181881
2012-08-24,10.25,16.9897319430061,85295.956877535
2012-08-25,10.25,15.8935752697755,86373.85082235
2012-08-26,10.62,21.3532003624464,118674.389294829
2012-08-27,10.99,18.0774253068439,100925.373532899
2012-08-28,11.97,18.1987503089032,117053.459627624
2012-08-29,11.34,20.1399503418529,113713.559348395
2012-08-30,11.14,19.169350325378,100635.347670618
2012-08-31,10.91,17.3494752944877,117168.298822646
2012-09-01,10.74,19.7759753356748,111625.443098407
2012-09-02,10.36,18.5627253150813,94608.3067920648
2012-09-03,10.26,21.8385003706838,86021.6762899638
2012-09-04,10.52,15.5296002635974,99789.0507609704
2012-09-05,10.59,21.8385003706838,135926.6280994
2012-09-06,10.72,24.9094641253975,117683.9088304
2012-09-07,11.2,23.0345582234858,117850.453321664
2012-09-08,11.27,18.7490590191164,95507.7014064137
2012-09-09,11.19,20.4900430708914,108283.141921292
2012-09-10,11.14,19.2847464196625,98340.1683113496
2012-09-11,11.14,21.1596523215742,97908.5588273607
2012-09-12,11.24,18.8829808692529,117738.469103778
2012-09-13,11.38,19.4186682697991,120956.693233681
2012-09-14,11.48,21.6953397221204,134619.212003651
2012-09-15,11.76,19.150824569526,101338.969849219
2012-09-16,11.84,20.0882775204818,168994.736371728
2012-09-17,11.98,23.570245624032,152376.680678074
2012-09-18,11.99,22.3649489728031,128014.294127641
2012-09-19,12.21,19.150824569526,115732.108055933
2012-09-20,12.63,20.9294479443629,120240.124903969
2012-09-21,12.66,23.2074830947697,136513.125824485
2012-09-22,12.54,24.4888778668736,146361.719310345
2012-09-23,12.4,21.2142023381637,118050.591445124
2012-09-24,12.28,22.2108427164667,134866.061586628
2012-09-25,12.28,21.2142023381637,112594.200784222
2012-09-26,12.24,20.3599391567612,99418.3082844119
2012-09-27,12.32,20.3599391567612,140119.875249693
2012-09-28,12.46,23.3498602916702,166566.004037766
2012-09-29,12.46,23.9193690792719,152240.091672491
2012-09-30,12.49,21.641333928865,176971.904416766
2012-10-01,12.48,21.0718251412633,108206.834891126
2012-10-02,12.58,19.3632987784582,123791.930489731
2012-10-03,12.88,20.9547974016134,101383.262609586
2012-10-04,12.95,20.3474119696825,104693.917559021
2012-10-05,13.07,20.6511046856479,133834.440315537
2012-10-06,12.97,21.5621828335442,124203.841016495
2012-10-07,12.86,20.8029510436307,176191.812574416
2012-10-08,12.58,25.2064954251291,137518.651284201
2012-10-09,12.14,22.0177219074923,116916.810902243
2012-10-10,12.3,22.6251073394231,109174.99991805
2012-10-11,12.16,20.9547974016134,108534.950429824
2012-10-12,12.18,22.9288000553885,114162.297968099
2012-10-13,12.15,22.169568265475,112072.832278758
2012-10-14,12.1,20.9547974016134,87953.613664609
2012-10-15,12.01,23.8398782032848,124620.132133611
2012-10-16,12.02,23.0806464133712,125996.042213467
2012-10-17,11.99,21.5343577779689,107549.813153484
2012-10-18,11.98,23.672520961597,119458.129556378
2012-10-19,11.96,24.2834247283479,99483.0374645953
2012-10-20,11.94,21.0761799529057,140569.408327441
2012-10-21,11.84,24.1306987866602,126497.523054931
2012-10-22,11.8,25.3525063201619,102393.08937903
2012-10-23,11.86,20.923454011218,93986.635457545
2012-10-24,11.96,23.8252469032847,130715.728158564
2012-10-25,11.79,21.0761799529057,97484.7817129824
2012-10-26,11.56,24.5888766117233,188147.273253055
2012-10-27,11.04,27.1852176204146,186277.170556886
2012-10-28,10.78,25.8106841452251,110126.632663093
2012-10-29,10.69,24.1306987866602,106064.041099688
2012-10-30,10.93,24.4748066399431,112913.940894067
2012-10-31,10.92,22.8322021674637,113345.500422664
2012-11-01,11.17,22.175160378472,89057.727438161
2012-11-02,11.26,23.8177648509514,112459.732215806
2012-11-03,11.06,23.4892439564555,107562.890569823
2012-11-04,10.62,26.2816715596705,125051.696628466
2012-11-05,10.73,25.1318484289349,125929.116647769
2012-11-06,10.9,22.3394208257199,140544.991899036
2012-11-07,10.97,25.7888902179266,115031.961103478
2012-11-08,11.19,26.6101924541663,90928.6902296316
2012-11-09,11.09,23.8177648509514,123377.173144575
2012-11-10,11.04,26.2816715596705,99656.693005608
2012-11-11,10.95,21.6823790367281,116867.84781341
2012-11-12,11.0,23.6121875254214,84913.03935774
2012-11-13,11.17,22.7748759110447,87382.408627066
2012-11-14,11.11,24.1145744940473,104203.209407923
2012-11-15,11.07,22.7748759110447,91170.6079023684
2012-11-16,11.28,23.6121875254214,118382.037736243
2012-11-17,11.8,23.6121875254214,97100.0207675039
2012-11-18,11.81,26.6265093371773,114996.628392736
2012-11-19,11.82,20.5978657136654,99676.0799890116
2012-11-20,11.81,26.6265093371773,151129.11333795
2012-11-21,11.83,25.7891977228006,103354.954791625
2012-11-22,11.9,24.6169614626733,108603.549259751
2012-11-23,12.32,24.2820368169227,119248.166642528
2012-11-24,12.43,27.1288963058033,114047.403537525
2012-11-25,12.46,23.6121875254214,120070.703294598
2012-11-26,12.61,27.1809055709603,127125.808835074
2012-11-27,12.62,25.9842619294715,115927.767041667
2012-11-28,12.5,28.8903964873729,117172.7131725
2012-11-29,12.45,28.2066001208079,70184.8818238485
2012-11-30,12.61,22.0524328217225,48560.4966583009
2012-12-01,12.66,27.3518546626016,81195.1516200245
2012-12-02,12.69,25.8133128378303,62783.2846586538
2012-12-03,12.68,25.642363746189,60848.2277570568
2012-12-04,12.75,18.9753491721799,41844.3918397425
2012-12-05,13.09,20.5138909969512,58090.2444975544
2012-12-06,13.55,24.4457201047002,59807.8194796455
2012-12-07,13.69,21.1976873635162,54129.9060769477
2012-12-08,13.65,23.0781273715701,65262.733502967
2012-12-09,13.55,22.2233819133638,48494.013510029
2012-12-10,13.53,24.2747710130589,65122.0132781889
2012-12-11,13.57,24.2922336617309,68361.6679052077
2012-12-12,13.64,21.6117113266433,56395.370340474
2012-12-13,13.8,22.7844398482441,59093.263309584
2012-12-14,13.82,17.423395178069,39161.8731910322
2012-12-15,13.87,19.7688522212707,43350.7608756963
2012-12-16,13.75,19.2662542834417,41299.0016547625
2012-12-17,13.63,21.1091133888144,48855.7881371211
2012-12-18,13.47,21.1091133888144,45361.6269439953
2012-12-19,13.4,23.9571683698449,50729.40811098
2012-12-20,13.48,18.0935257618409,40890.4917068932
2012-12-21,13.7,20.2714501590996,46425.995364912
2012-12-22,13.63,24.1247010157879,60248.1659408446
2012-12-23,13.56,23.1195051401301,54028.9104482196
2012-12-24,13.48,21.2766460347574,52304.3830959112
2012-12-25,13.45,20.6065154509855,46737.3921847055
2012-12-26,13.44,24.1247010157879,64294.2601762944
2012-12-27,13.42,23.8470848798358,65673.98492875
2012-12-28,13.51,26.0688629742304,62330.7242206985
2012-12-29,13.65,19.8478843099254,57090.9155037585
2012-12-30,13.65,23.6989663402095,66021.0108608505
2012-12-31,13.57,24.8839146572199,58010.8309494952
2013-01-01,13.58,24.2914404987147,62178.7142654412
2013-01-02,13.52,23.1064921817042,54865.2515428784
2013-01-03,13.42,23.6989663402095,64305.3565222926
2013-01-04,13.47,20.8847140873096,66924.4397808084
2013-01-05,13.5,22.0696624043201,51396.7254939
2013-01-06,13.54,21.0328326269359,53640.930254673
2013-01-07,13.53,24.7357961175936,60036.7346846322
2013-01-08,13.61,23.2611819868382,57332.7336966342
2013-01-09,13.84,21.6458221266411,47519.066664852
2013-01-10,13.99,23.5842539588777,54967.1144020749
2013-01-11,14.32,19.5458543083849,46836.7646266896
2013-01-12,14.31,19.2227823363455,49937.2533556821
2013-01-13,14.34,19.7073902944046,49683.5346070386
2013-01-14,14.31,24.8765418470353,65275.0050160575
2013-01-15,14.34,20.5150702245032,51785.0438813646
2013-01-16,14.53,19.8689262804243,50380.8905820691
2013-01-17,14.86,19.8689262804243,43307.4559819976
2013-01-18,15.53,20.1919982524637,51476.4366585151
2013-01-19,15.95,22.7765740287791,72069.7399547785
2013-01-20,15.85,21.3227501546017,59220.9635158945
2013-01-21,16.15,23.5842539588777,61090.685128225
2013-01-22,17.13,20.6766062105229,65685.23562903
2013-01-23,17.59,21.6458221266411,62405.3387112379
2013-01-24,17.97,23.9073259309171,75398.3863826241
2013-01-25,19.1,20.5134284895871,79744.907530934
2013-01-26,18.54,22.1367933340868,77859.5137885116
2013-01-27,17.71,22.4319505785413,76610.1040451439
2013-01-28,18.11,21.8416360896323,73729.1486800971
2013-01-29,18.77,23.9077368008137,89221.1484873793
2013-01-30,19.78,21.3989002229506,87284.8199316936
2013-01-31,20.11,28.0399382231766,125355.078105941
2013-02-01,21.4,22.5795292007685,87344.8827794721
2013-02-02,21.25,23.7601581785865,87141.4487514125
2013-02-03,21.0,24.3504726674955,118842.24946188
2013-02-04,20.77,25.9738375119952,88185.4558733167
2013-02-05,20.99,28.0057671748026,107510.605361521
2013-02-06,20.92,25.0749310751139,90747.5939784851
2013-02-07,21.53,24.0979857085511,96945.234758737
2013-02-08,22.15,24.749282619593,91416.784435954
2013-02-09,23.4,22.1440949754253,90602.983263546
2013-02-10,23.83,26.7031733527187,123391.290727767
2013-02-11,23.97,25.8890522139163,101276.539981256
2013-02-12,24.65,23.2838645697487,99322.898001178
2013-02-13,25.15,25.5634037583954,112723.823173785
2013-02-14,24.3,26.7031733527187,112326.676536969
2013-02-15,27.2,28.6570640858445,127397.94115824
2013-02-16,27.27,30.7737790467308,146673.506415204
2013-02-17,27.39,30.2853063634493,138276.524899366
2013-02-18,26.91,29.2203363858104,127086.187145697
2013-02-19,26.98,30.1278002487238,115304.216650579
2013-02-20,29.48,31.3982496568025,151129.530913178
2013-02-21,29.79,35.7540761987867,141595.865437183
2013-02-22,29.75,29.2203363858104,141471.759469232
2013-02-23,30.52,29.4018291583931,146604.017305094
2013-02-24,29.8,29.7648147035584,125079.950539104
2013-02-25,29.87,35.3910906536213,166362.790813607
2013-02-26,30.4,28.1313797503144,140158.283881104
2013-02-27,31.2,36.8430328342827,166375.475412744
2013-02-28,31.27,31.0352641116372,141117.849500341
2013-03-01,33.36,34.3062704062833,130725.696049606
2013-03-02,34.5,32.5692440565981,135513.51048
2013-03-03,34.25,33.0035006440194,144564.65149636
2013-03-04,34.25,37.9974513993645,200134.596278002
2013-03-05,36.4,32.5692440565981,130198.802397664
2013-03-06,40.65,35.1747835811259,174165.534890243
2013-03-07,42.0,33.0035006440194,176996.44812444
2013-03-08,43.15,31.7007308817555,181194.357829018
2013-03-09,44.0,36.9118099308112,190417.32780928
2013-03-10,46.93,40.168734336471,241214.434296117
2013-03-11,45.6,40.3858626301816,196112.480540736
2013-03-12,48.2,25.6211386578572,173259.723711882
2013-03-13,44.32,33.4377572314407,187532.509307682
2013-03-14,47.07,44.5809016947202,227337.388830819
2013-03-15,46.86,40.9662339897429,223424.631917718
2013-03-16,46.9,42.4121010717338,216061.53207205
2013-03-17,47.25,48.9185029406929,262626.561324697
2013-03-18,47.38,43.1350346127293,245889.796443339
2013-03-19,52.12,47.472635858702,234671.60596198
2013-03-20,59.53,45.0628573887172,319221.414277721
2013-03-21,65.93,53.7380598806627,395885.964153684
2013-03-22,70.25,54.2200155746597,449410.60215873
2013-03-23,70.25,50.6053478696824,391848.139133665
2013-03-24,64.01,72.2287385885214,327529.720108965
2013-03-25,71.93,45.2677808665388,276717.29554471
2013-03-26,74.1,51.9248074645592,286855.418272605
2013-03-27,78.79,41.9392675675285,278619.258007097
2013-03-28,88.8,59.5803880522826,416148.730747512
2013-03-29,87.5,60.5789420419857,412357.154045375
2013-03-30,90.05,55.2533207635694,404294.008430645
2013-03-31,92.5,52.2576587944602,409033.395098175
2013-04-01,93.25,72.5615899184224,507874.943726335
2013-04-02,104.0,58.2489827326786,531299.50374904
2013-04-03,117.34,59.2475367223816,533538.700200227
2013-04-04,131.0,53.2562127841633,534133.98205222
2013-04-05,133.0,54.925472865526,606454.78155612
2013-04-06,142.1,64.0797183431136,591783.084092298
2013-04-07,143.61,61.7911569737167,603835.686877694
2013-04-08,163.3,64.4611452380131,656770.227986549
2013-04-09,186.96,64.0797183431136,850652.888681299
2013-04-10,231.05,70.1825486615054,1222539.97556962
2013-04-11,159.88,62.5540107635157,657821.213131992
2013-04-12,124.9,65.9868528176111,559815.178312531
2013-04-13,122.6,60.6468762890183,516792.385141022
2013-04-14,100.0,62.1725838686162,407971.672898
2013-04-15,100.0,61.0283031839177,442529.599697
2013-04-16,68.1,69.8011217666059,311750.602278183
2013-04-17,68.0,74.501150664243,309900.40909436
2013-04-18,93.9,72.7166919656983,382166.716530321
2013-04-19,111.0,55.7643343295232,386318.48467347
2013-04-20,118.92,64.6866278222469,463338.735088351
2013-04-21,127.5,77.6239533866963,597279.158599725
2013-04-22,119.0,72.2705772910621,478662.08930603
2013-04-23,127.0,70.9322332671535,560371.0005537
2013-04-24,142.5,78.0700680613325,600335.23052475
2013-04-25,155.07,70.9322332671535,715249.659590117
2013-04-26,141.99,76.7317240374239,619929.370863019
2013-04-27,137.0,70.9322332671535,522638.10659987
2013-04-28,128.5,74.501150664243,579269.489677585
2013-04-29,134.44,80.7467561091496,631409.784038169
2013-04-30,144.54,74.6333901791775,552276.319031692
2013-05-01,139.0,70.6262282903626,558395.84489102
2013-05-02,117.0,72.1289139986682,409938.7621563
2013-05-03,103.3,73.6315997069738,366275.310930785
2013-05-04,96.8,77.1378663596868,411141.895158456
2013-05-05,113.1,77.1378663596868,470673.008996268
2013-05-06,115.98,81.6459234846036,499201.438897599
2013-05-07,112.3,88.1575615539278,482548.762990845
2013-05-08,111.7,81.6459234846036,500229.167555164
2013-05-09,113.35,83.1486091929092,483620.704262083
2013-05-10,112.69,83.649504429011,491810.299770817
2013-05-11,117.2,87.656666317826,558237.023049608
2013-05-12,115.68,89.1593520261315,521616.294996101
2013-05-13,115.1,100.10188526766,542208.264689061
2013-05-14,117.99,81.7498729685886,490866.124125639
2013-05-15,112.0,81.7498729685886,401574.21200512
2013-05-16,114.22,80.637629798948,431451.045810658
2013-05-17,117.41,89.5355751560733,490901.81071408
2013-05-18,123.32,81.7498729685886,482993.881621561
2013-05-19,123.3,85.6427240623309,499066.537059567
2013-05-20,121.99,76.7447787052057,398718.883928346
2013-05-21,122.02,82.8621161382293,484764.271129384
2013-05-22,122.7,92.3161830801749,490813.620157671
2013-05-23,123.0,89.5355751560733,548198.01918393
2013-05-24,126.7,90.0916967408936,560565.063706746
2013-05-25,133.49,103.913692158211,570425.250476893
2013-05-26,131.99,97.2680490550696,548644.813471673
2013-05-27,133.5,103.913692158211,613984.679019405
2013-05-28,129.76,97.8721984280825,545731.970206464
2013-05-29,129.0,101.49709466616,568010.48119275
2013-05-30,132.3,102.101244039172,604999.863556893
2013-05-31,128.88,112.371783380391,582560.64343211
2013-06-01,129.02,119.621575856545,750633.183040245
2013-06-02,129.3,123.246472094622,675526.408385166
2013-06-03,122.42,126.267218959687,745211.301891144
2013-06-04,122.03,126.871368332699,674785.549424747
2013-06-05,121.42,156.703562082192,584174.086240607
2013-06-06,121.9,138.085317082328,599441.449617454
2013-06-07,118.97,124.897393540757,483513.334941159
2013-06-08,111.5,130.327714999051,548843.443383695
2013-06-09,107.99,129.551954790723,460210.694516245
2013-06-10,100.2,139.636837498983,494760.665586696
2013-06-11,106.1,136.533796665672,503842.471436412
2013-06-12,109.0,155.152041665537,601654.17478696
2013-06-13,108.1,149.721720207243,517965.950830181
2013-06-14,103.9,133.430755832362,486999.095745949
2013-06-15,99.98,136.533796665672,455754.838637432
2013-06-16,99.69,145.067158957277,474220.279189203
2013-06-17,99.9,148.049400446238,365819.131829853
2013-06-18,101.95,140.358522500979,370930.074489898
2013-06-19,107.39,120.169967894673,369143.306783338
2013-06-20,107.68,140.358522500979,422093.830388637
2013-06-21,111.12,166.315235566228,471481.16820733
2013-06-22,109.87,165.353875823071,500599.417947664
2013-06-23,108.35,169.1993147957,505094.405289942
2013-06-24,107.98,137.474443271506,409156.990770409
2013-06-25,102.98,142.281241987293,407676.785224876
2013-06-26,103.89,181.696991456746,456107.796766849
2013-06-27,104.0,159.585717364126,442638.421932721
2013-06-28,101.77,161.508436850441,445143.521071561
2013-06-29,94.65,170.75417902577,411720.05109895
2013-06-30,94.99,173.935933914449,389942.10176063
2013-07-01,97.25,162.269499322626,388930.47029171
2013-07-02,87.0,166.511839174198,335870.71093671
2013-07-03,91.05,185.602368506272,440475.028120066
2013-07-04,78.11,180.299443691807,367089.515839691
2013-07-05,80.04,187.723538432058,378835.377624899
2013-07-06,68.86,199.389973023881,341216.607837602
2013-07-07,70.27,198.329388060988,338639.273125113
2013-07-08,75.0,197.268803098095,369981.5330445
2013-07-09,76.49,213.177577541489,360259.95506019
2013-07-10,76.7,181.3600286547,379783.436091007
2013-07-11,87.9,249.70821205767,398687.751246246
2013-07-12,88.9,214.59299473706,353949.937555529
2013-07-13,93.99,196.385104274522,391012.109406778
2013-07-14,98.0,211.991867528126,423647.35454454
2013-07-15,94.69,222.396376363862,395086.467418021
2013-07-16,98.4,213.292431132593,481548.697162536
2013-07-17,97.05,219.795249154928,454580.642040822
2013-07-18,98.8,223.696939968329,450952.301092436
2013-07-19,90.1,219.795249154928,391613.021306059
2013-07-20,92.0,243.205394035335,600483.22467092
2013-07-21,89.39,253.609902871071,469322.147259771
2013-07-22,90.76,279.682550204425,386439.92385778
2013-07-23,91.99,225.29983210912,335480.676599656
2013-07-24,95.56,239.283959619341,402471.712096988
2013-07-25,94.51,212.869496544479,367147.577383676
2013-07-26,97.0,276.574966313265,409392.77976416
2013-07-27,96.02,256.375671020723,476160.132109155
2013-07-28,94.12,275.021174367684,411693.056710057
2013-07-29,98.7,257.929462966303,462033.032463975
2013-07-30,101.48,287.451509932325,518883.140779424
2013-07-31,107.8,309.204597170447,545157.638204102
2013-08-01,106.2,287.451509932325,495286.413273306
2013-08-02,104.62,295.220469660226,505223.602319112
2013-08-03,104.5,332.726003144688,457379.853148955
2013-08-04,104.95,317.855567249954,647130.905351311
2013-08-05,105.54,356.890461473632,512239.633110278
2013-08-06,106.72,351.314048013107,511368.159725712
2013-08-07,106.56,327.149589684163,530898.277120906
2013-08-08,105.99,375.478506342051,559108.531513066
2013-08-09,103.01,386.631333263102,527375.213628527
2013-08-10,102.8,369.902092881525,558224.525656576
2013-08-11,103.0,397.784160184153,580275.40487264
2013-08-12,105.0,425.66622748678,580187.55584265
2013-08-13,106.64,484.952765580043,801333.341732442
2013-08-14,109.35,388.972530725659,524465.311958915
2013-08-15,99.19,421.807874228475,607911.605754553
2013-08-16,98.08,434.436852498788,426384.089353921
2013-08-17,98.25,472.323787309729,503961.62536503
2013-08-18,99.71,497.581743850356,493169.176140536
2013-08-19,99.3,449.591626423165,509186.92541049
2013-08-20,102.85,457.169013385353,554099.226972841
2013-08-21,104.88,520.313904736921,727797.412372893
2013-08-22,110.43,525.365496045046,622739.523060084
2013-08-23,109.71,543.046065623485,541294.53490562
2013-08-24,107.65,607.932298580619,668645.999063105
2013-08-25,109.04,467.388810199078,420407.336997462
2013-08-26,113.28,532.757874562586,503214.244970169
2013-08-27,111.79,562.173953526164,476767.178804472
2013-08-28,117.72,545.831687435287,560486.796206609
2013-08-29,117.92,647.153737198724,572217.977746465
2013-08-30,118.5,634.079924326022,659988.33404892
2013-08-31,124.84,702.717441907705,718637.112745368
2013-09-01,128.52,725.596614434932,739015.405311809
2013-09-02,130.67,768.086506271213,761019.346369226
2013-09-03,130.09,604.663845362444,641540.141067175
2013-09-04,129.13,751.934693043482,542703.947019631
2013-09-05,122.27,704.398591759124,563466.227787724
2013-09-06,122.63,821.078113093457,694512.676127538
2013-09-07,117.61,704.398591759124,458761.069691666
2013-09-08,119.92,643.898099215395,485841.571484974
2013-09-09,118.18,834.042504352828,633037.841848355
2013-09-10,120.52,803.792258080963,602728.615773119
2013-09-11,122.02,868.614214377815,643434.170990803
2013-09-12,126.54,898.864460649679,690384.23796279
2013-09-13,127.07,907.507388155926,663452.154188786
2013-09-14,127.14,933.436170674667,899652.526859019
2013-09-15,124.05,1024.57958056223,595876.360133307
2013-09-16,125.35,946.196443251458,512918.082863637
2013-09-17,126.2,990.986807429042,615657.561980414
2013-09-18,139.15,845.418123851895,718285.404194936
2013-09-19,127.12,1091.76512682861,628327.181982153
2013-09-20,124.18,1080.56753578421,743042.813049032
2013-09-21,123.04,1046.97476265102,603180.006672738
2013-09-22,123.42,1153.35187757278,648146.606960649
2013-09-23,122.93,1237.33381040575,674971.358032128
2013-09-24,122.65,1125.35789996179,912909.718632538
2013-09-25,123.75,1583.13830535265,721812.583931176
2013-09-26,123.4,1265.03107577245,577564.37165104
2013-09-27,124.65,1302.02028851433,627503.338496155
2013-09-28,126.7,1265.03107577245,659264.976591389
2013-09-29,126.54,1242.83754812732,553727.740837207
2013-09-30,127.01,1213.24617793381,540039.918354236
2013-10-01,126.25,1449.97713948187,848867.043024613
2013-10-02,127.54,1279.8267608692,1216619.88756478
2013-10-03,103.85,1538.75125006239,551724.984940021
2013-10-04,117.57,1316.81597361108,773669.395755304
2013-10-05,121.94,1560.94477770752,707536.002615697
2013-10-06,121.2,1900.66283139384,569220.746421672
2013-10-07,122.49,1439.61095645177,506345.04039156
2013-10-08,123.8,1467.83862226455,950386.198122309
2013-10-09,124.12,1721.88761457957,568550.879351471
2013-10-10,125.9,1834.79827783069,639812.567154158
2013-10-11,126.8,1665.43228295401,640204.891697548
2013-10-12,127.41,1853.61672170588,1337481.29310152
2013-10-13,127.59,2154.71182370886,1310125.63070581
2013-10-14,132.62,2427.57925989907,919728.251365451
2013-10-15,135.17,2333.48704052313,992130.713905087
2013-10-16,141.02,2914.66937941069,895548.023563815
2013-10-17,138.19,2382.30967540873,609714.537160166
2013-10-18,143.94,2302.45571980844,1151808.80286843
2013-10-19,168.2,2914.66937941069,1163078.62582515
2013-10-20,183.18,2874.74240161054,999159.747808438
2013-10-21,186.12,2675.10751260981,1044811.06851932
2013-10-22,179.8,3313.93915741215,1462826.7063434
2013-10-23,189.75,2808.19743861029,1152128.03457543
2013-10-24,203.7,2781.5794534102,1217517.34513943
2013-10-25,195.33,3194.15822401171,1343865.19998724
2013-10-26,186.85,3867.20191245522,1091202.3510992
2013-10-27,179.56,3439.6720527868,863920.64739092
2013-10-28,194.06,3478.53840366575,893928.569808049
2013-10-29,206.9,3051.00854399733,876349.157273103
2013-10-30,216.0,3808.9023861368,1384202.23040448
2013-10-31,206.01,4061.53366684995,1268518.87527203
2013-11-01,203.54,3692.30333349996,1096101.38646063
2013-11-02,203.0,4216.99907036574,1080761.35293217
2013-11-03,204.86,3808.9023861368,1073746.48030223
2013-11-04,209.8,3886.63508789469,1170149.90952589
2013-11-05,229.95,3303.63982471049,1149382.23723981
2013-11-06,252.59,4114.54971624979,1091463.65843291
2013-11-07,265.1,3911.36207594116,1054946.58315642
2013-11-08,291.02,3377.994520131,1006003.80653402
2013-11-09,334.0,3606.58061547821,1304764.2004113
2013-11-10,330.0,4266.94044648126,1508529.5793282
2013-11-11,328.0,4952.69873252289,2440675.20425112
2013-11-12,343.61,4800.30800229142,1837786.1373951
2013-11-13,354.9,4774.90954725284,1623511.20589776
2013-11-14,393.0,4292.33890151984,2181676.37595093
2013-11-15,415.0,4139.94817128837,1979291.8882268
2013-11-16,412.03,4978.09718756147,2334241.72723504
2013-11-17,437.24,5847.42683190499,2391348.08563078
2013-11-18,475.0,4968.79792970165,2080174.82041975
2013-11-19,660.2,4696.1199945351,2777584.29840206
2013-11-20,547.0,4938.50038134981,2338840.68621181
2013-11-21,597.98,4484.03715607222,2559348.69495985
2013-11-22,716.77,5029.39302640533,3350220.14912616
2013-11-23,795.0,4908.20283299797,3674506.17755835
2013-11-24,829.99,5211.17831651637,3874676.60628557
2013-11-25,807.5,5453.55870333108,4237394.8306058
2013-11-26,814.56,4968.79792970165,3586095.73231054
2013-11-27,917.79,5029.39302640533,4734690.78982913
2013-11-28,965.0,5514.15380003476,4735006.8924977
2013-11-29,1014.1,6505.6094504138,4819580.30141162
2013-11-30,1133.95,5626.47303819572,5210734.10728668
2013-12-01,1119.2,6857.26401530103,8881509.00923624
2013-12-02,955.01,5731.96940766189,4151387.47311107
2013-12-03,1043.98,6681.43673285742,7860745.77136313
2013-12-04,1050.21,6224.28579850402,5249021.66920797
2013-12-05,1136.9,6013.29305957168,5256383.36758885
2013-12-06,1035.0,7419.91131912061,6387079.22400915
2013-12-07,800.0,6751.76764583487,4611581.737448
2013-12-08,705.91,6294.61671148146,4014587.10658735
2013-12-09,786.6,6857.26401530103,3750129.01195522
2013-12-10,894.0,9076.02762430024,4710243.707226
2013-12-11,978.76,7134.38987382805,4300202.60586565
2013-12-12,876.88,7495.62480414846,4025149.06790484
2013-12-13,874.72,7495.62480414846,4409921.93220988
2013-12-14,885.0,9030.87325801019,4901088.77099175
2013-12-15,850.81,8037.47719962907,4413451.2266475
2013-12-16,862.98,8714.79269397984,9363103.16157005
2013-12-17,690.0,8895.41015914004,3961931.0712996
2013-12-18,673.62,9482.4169209107,4072838.85613162
2013-12-19,522.0,9753.34311865101,3193166.8062495
2013-12-20,685.3,9121.1819905903,3815992.56634558
2013-12-21,613.87,9568.75370305012,2601609.39221835
2013-12-22,599.91,9744.8657343946,2751604.73688907
2013-12-23,614.11,9333.93766125748,3063494.87969699
2013-12-24,659.99,9744.8657343946,3457867.10483374
2013-12-25,653.0,10097.0897970836,2685430.98770231
2013-12-26,679.02,10508.0178702207,3404782.70383875
2013-12-27,747.0,10273.201828428,4006552.31869149
2013-12-28,723.98,9627.45771349828,3158649.96806958
2013-12-29,715.0,8805.60156722404,3335719.7307291
2013-12-30,728.19,11388.5780269431,3632082.20000505
2013-12-31,736.5,9920.97776573908,3691241.37928677
2014-01-01,732.0,11740.802089632,5517175.19234772
2014-01-02,749.27,10294.9115229754,2670676.91932932
2014-01-03,781.23,11493.6340975684,3468549.23939752
2014-01-04,807.39,10435.9377082216,3503313.3781446
2014-01-05,828.74,12692.3566721614,4633186.0497563
2014-01-06,904.98,12480.817394292,4914913.51245672
2014-01-07,915.69,13185.9483205232,4525042.38885386
2014-01-08,790.0,13891.0792467544,4535443.1451328
2014-01-09,823.3,12762.8697647845,4930974.51361224
2014-01-10,826.28,14243.64470987,4535580.33499778
2014-01-11,853.99,14596.2101729856,5777402.51750686
2014-01-12,895.0,13397.4875983926,5090195.2246953
2014-01-13,844.04,18058.6488747028,4210459.44178841
2014-01-14,823.0,13699.6646635677,3758428.87411201
2014-01-15,816.0,15211.9653082472,4217005.9545048
2014-01-16,841.83,17791.7722903476,4241924.52911646
2014-01-17,817.15,13610.7058021159,3404133.27387066
2014-01-18,792.0,14500.2944166333,3693311.7459084
2014-01-19,811.2,16368.4305071198,3964756.61727788
2014-01-20,841.1,16279.4716456681,4871514.2888793
2014-01-21,827.81,15300.924169699,3904490.2341148
2014-01-22,824.78,16902.1836758303,4921325.3187909
2014-01-23,819.62,15834.6773384094,5241644.13745878
2014-01-24,811.22,21375.1267539394,4577168.70503621
2014-01-25,780.02,16903.7992186766,3891447.09648837
2014-01-26,805.0,17449.0830644403,4399346.48780865
2014-01-27,814.21,17558.1398335931,6040771.8236915
2014-01-28,747.57,18103.4236793568,3226115.43438169
2014-01-29,785.6,17230.9695261348,3232279.90426251
2014-01-30,794.0,17449.0830644403,4021343.5262158
2014-01-31,800.0,20066.4455241064,4212641.890744
2014-02-01,803.0,21484.1835230922,4366761.15316375
2014-02-02,817.08,19412.1049091899,4381020.86857656
2014-02-03,814.34,21157.0132156339,4061986.63042048
2014-02-04,808.5,18430.5939868151,4662961.48683288
2014-02-05,802.99,22283.1334910963,4108104.59689946
2014-02-06,781.0,21761.8906024157,4622443.40754955
2014-02-07,763.97,21501.2691580754,3239923.65141682
2014-02-08,710.01,22804.3763797769,4306013.7785266
2014-02-09,680.8,19676.9190476932,2560713.85360142
2014-02-10,687.37,19937.5404920335,3034340.49203963
2014-02-11,688.68,21761.8906024157,3177455.32868137
2014-02-12,675.1,21761.8906024157,4063256.22662555
2014-02-13,652.91,23455.9299906277,3732203.90452587
2014-02-14,610.0,24889.3479344994,3351094.4592132
2014-02-15,670.29,23455.9299906277,3846880.07517398
2014-02-16,655.71,25149.9693788397,4254676.6144031
2014-02-17,623.88,25824.9397709724,2812243.33051486
2014-02-18,629.96,25980.5116973035,3206875.72611767
2014-02-19,629.59,29714.2379292513,3882380.63908592
2014-02-20,624.85,26602.7994026282,3495121.25464408
2014-02-21,563.0,26136.0836236347,2513804.8892639
2014-02-22,579.5,25513.79591831,3209639.3077212
2014-02-23,612.48,28314.0905922709,3270586.35230743
2014-02-24,611.05,28314.0905922709,3447585.41024301
2014-02-25,542.68,26447.227476297,2738486.78800395
2014-02-26,559.52,28158.5186659398,3619080.47651883
2014-02-27,585.21,28314.0905922709,3521286.42848027
2014-02-28,583.05,35659.9638677987,3407746.31205269
2014-03-01,553.0,28072.7375129479,2801268.27176672
2014-03-02,567.48,28262.4181718192,2162848.25557079
2014-03-03,561.0,26934.6535597203,2478891.43395069
2014-03-04,681.96,26365.6115831065,3372548.86635277
2014-03-05,673.28,30538.5860782745,3512792.10713892
2014-03-06,670.7,30728.2667371457,3414702.4819434
2014-03-07,669.0,31676.6700315021,4662565.81946043
2014-03-08,631.99,33194.1153024722,4085715.99207135
2014-03-09,622.38,31107.6280548883,3384947.78509816
2014-03-10,639.9,31297.3087137595,2907116.53210744
2014-03-11,629.33,31866.3506903734,3693754.50700402
2014-03-12,632.1,31866.3506903734,3456434.06040891
2014-03-13,634.95,35706.2319140563,4140207.61988635
2014-03-14,641.01,29367.8475506144,2236559.76211021
2014-03-15,630.42,36973.9087867447,2859867.31329703
2014-03-16,637.24,33382.1576474609,4518329.04399226
2014-03-17,634.99,37607.7472230889,3263903.59581081
2014-03-18,624.71,30635.5244233027,2567790.30327641
2014-03-19,615.49,32748.3192111167,2778419.64596144
2014-03-20,611.2,35283.6729564935,3294476.77586909
2014-03-21,585.6,38241.5856594331,3641291.59895856
2014-03-22,572.89,37185.1882655261,2932911.12979362
2014-03-23,563.01,43312.2931501866,4060999.45281356
2014-03-24,559.54,42044.6162774982,3225418.94807707
2014-03-25,585.58,37582.7508729924,2453784.16910848
2014-03-26,585.79,39324.9976022039,2924721.57927278
2014-03-27,578.5,41565.0291111902,3523696.71046471
2014-03-28,474.2,45547.3073493881,2543758.8037429
2014-03-29,499.6,42560.5986707397,2503197.58882982
2014-03-30,490.0,37084.9660932176,2014745.3978967
2014-03-31,458.66,41813.9215010776,2793367.55892397
2014-04-01,457.49,44551.7377898386,2190656.88165462
2014-04-02,479.0,46045.0921291628,3145559.90173707
2014-04-03,439.12,51769.6170965723,2761931.33773585
2014-04-04,448.72,50027.3703673607,2485627.48778003
2014-04-05,452.0,54454.168877057,2752160.90149948
2014-04-06,463.0,43198.2792209055,2355981.89585422
2014-04-07,458.0,44415.1321567057,2217546.37353574
2014-04-08,449.99,47457.2644962061,1829950.40502474
2014-04-09,453.0,44110.9189227557,2150368.59522249
2014-04-10,441.93,53237.3159412568,2604842.80916677
2014-04-11,369.0,45327.7718585558,1749131.42204961
2014-04-12,423.4,48674.1174320062,2110702.14307217
2014-04-13,423.37,60538.4335560578,2407657.42973614
2014-04-14,417.58,55366.8085789071,2731916.92231895
2014-04-15,459.64,59321.5806202576,2905406.24490792
2014-04-16,523.0,45327.7718585558,2689251.05713165
2014-04-17,526.29,60364.1060676353,2706076.91605982
2014-04-18,498.2,54119.5433709834,2772367.99110293
2014-04-19,482.11,56547.9844196814,2478551.39598085
2014-04-20,503.8,58976.4254683793,2903129.8029116
2014-04-21,501.54,61404.8665170773,2803733.6424231
2014-04-22,498.38,53425.7030713554,2101337.97656688
2014-04-23,488.52,60711.0262174494,2928738.65231322
2014-04-24,491.99,50997.2620226574,2506178.88523505
2014-04-25,502.15,56894.9045694954,3121784.16930471
2014-04-26,463.13,61751.7866668913,2216047.34576806
2014-04-27,461.48,57935.6650189374,2695330.38352189
2014-04-28,438.8,57588.7448691234,2002844.9734579
2014-04-29,442.44,54813.3836706114,2373811.60726478
2014-04-30,448.0,58067.9246280705,1798323.6098464
2014-05-01,452.03,66817.8858733963,2899140.09711454
2014-05-02,460.97,67613.3368956986,2738555.52006396
2014-05-03,454.9,57272.4736057682,1824628.31054812
2014-05-04,440.0,60454.2776949776,1996152.0366392
2014-05-05,436.75,49715.688893896,1546079.10989945
2014-05-06,433.0,73976.9450741173,2583817.44080909
2014-05-07,428.01,64829.2583176404,2136347.09544072
2014-05-08,440.88,62045.1797395822,2288273.54317903
2014-05-09,437.61,66022.4348510939,2305086.13988772
2014-05-10,449.0,70397.4154737568,2463259.52088618
2014-05-11,457.0,66022.4348510939,2107297.0875308
2014-05-12,437.81,69096.5967636062,2174293.30588062
2014-05-13,442.45,74817.9710179175,2196362.32514587
2014-05-14,439.12,66015.8567805155,1872053.61437355
2014-05-15,444.65,73057.5481704371,2329797.59349022
2014-05-16,446.53,80099.2395603588,2271665.23319837
2014-05-17,449.12,80539.3452722289,2846330.18727616
2014-05-18,448.66,67776.2796279959,2674403.24760663
2014-05-19,446.89,77898.7110010083,2800193.45760369
2014-05-20,448.02,78778.9224247485,2437309.33215951
2014-05-21,488.12,78338.8167128784,2679568.52756389
2014-05-22,493.97,73497.6538823072,2550796.14223453
2014-05-23,528.32,69536.7024754763,2450791.24452302
2014-05-24,521.1,87319.120099013,2351556.70291129
2014-05-25,527.91,78483.2567556605,2685405.17828629
2014-05-26,569.93,87838.876766269,2658143.76983134
2014-05-27,584.88,67048.6100760278,2171401.39268694
2014-05-28,572.7,91996.9301043173,2886725.31537357
2014-05-29,581.0,68088.1234105399,2171411.11799255
2014-05-30,569.01,84720.3367627328,2667113.68140693
2014-05-31,621.3,79003.0134229165,2507046.66898787
2014-06-01,626.5,93036.4434388293,3186784.51736148
2014-06-02,630.71,93036.4434388293,3650788.78347102
2014-06-03,662.0,97714.2534441336,3203424.7509436
2014-06-04,670.14,95115.4701078534,3593888.80985165
2014-06-05,642.86,75364.7167521243,2708518.43397621
2014-06-06,661.48,86494.3621241971,2703361.52059781
2014-06-07,649.0,89416.4689527173,2878038.64715532
2014-06-08,657.12,87663.2048556052,2503351.83023013
2014-06-09,657.11,79481.3057357487,3129398.32990219
2014-06-10,648.81,103442.581729614,3398807.4547023
2014-06-11,648.55,85325.5193927891,2732109.18704523
2014-06-12,624.97,90585.3116841254,3477994.08182039
2014-06-13,574.85,98182.7894382778,2666109.45247941
2014-06-14,591.55,102858.16036391,3378320.32975696
2014-06-15,572.28,108702.37402095,3554349.15871317
2014-06-16,592.89,118637.537237919,3357698.58037231
2014-06-17,586.0,104027.003095318,3465497.66274646
2014-06-18,608.0,113768.842858603,2653182.8809552
2014-06-19,608.0,101053.501597935,3124036.51946112
2014-06-20,595.15,123807.270169656,3429551.41602032
2014-06-21,593.48,126484.18411927,3180962.87500238
2014-06-22,590.96,129161.098068884,3522657.11801796
2014-06-23,598.76,105738.10100976,3540092.79362386
2014-06-24,588.25,132507.240505902,3183637.21807602
2014-06-25,574.98,124476.498657059,2925711.45846495
2014-06-26,560.76,114438.071346006,2992633.06533511
2014-06-27,577.34,125145.727144463,3485349.38860833
2014-06-28,599.0,125145.727144463,3390821.48285489
2014-06-29,590.0,145472.743415772,2867568.6921274
2014-06-30,599.99,104506.281189491,2302759.22460592
2014-07-01,638.99,115374.934433198,2485724.37831526
2014-07-02,639.25,116210.984682714,2261661.30916854
2014-07-03,650.49,111194.683185619,2560998.376542
2014-07-04,645.35,133768.039922549,3298718.39247022
2014-07-05,626.16,127079.637926421,2603938.92237504
2014-07-06,631.0,124571.487177873,2561839.04560687
2014-07-07,633.74,116210.984682714,2796222.36803611
2014-07-08,624.35,135440.140421581,2661544.47118273
2014-07-09,624.97,132931.989673033,3132903.82917889
2014-07-10,621.95,128751.738425453,3133288.01651803
2014-07-11,616.8,125407.537427389,2721173.49560002
2014-07-12,634.0,137948.291170128,3223823.83970348
2014-07-13,636.18,132716.120673498,2964897.50723038
2014-07-14,630.43,124959.983751021,2324693.38813598
2014-07-15,621.21,118927.432811316,3161553.82092972
2014-07-16,624.07,142195.843578748,2629605.79883141
2014-07-17,617.41,147366.601527066,3002451.26742862
2014-07-18,625.8,137025.08563043,3638812.44346872
2014-07-19,631.85,148228.394518452,3245599.55344
2014-07-20,630.0,146504.80853568,2983207.3725258
2014-07-21,627.0,128407.155716566,2938912.73316861
2014-07-22,622.23,123236.397768248,2652571.36378448
2014-07-23,620.0,125821.776742407,2487264.2702008
2014-07-24,620.43,128407.155716566,2473403.68632031
2014-07-25,603.96,135301.499647657,2769685.95930169
2014-07-26,602.9,130395.098646876,2326825.30108101
2014-07-27,595.9,149954.363443907,2881152.52485139
2014-07-28,593.68,126669.524399822,2678343.23884442
2014-07-29,589.94,138777.640702747,2587762.30485722
2014-07-30,585.5,162993.873308595,3902129.78311854
2014-07-31,563.35,143434.608511564,2739529.14990296
2014-08-01,582.04,142503.2149498,2902813.90643991
2014-08-02,595.76,157405.511938015,3148523.90950454
2014-08-03,589.59,141571.821388037,2835381.94049722
2014-08-04,583.81,125738.130838059,2137667.01109539
2014-08-05,588.5,122943.950152769,2169992.06234937
2014-08-06,581.96,142503.2149498,3093156.46034628
2014-08-07,582.73,146228.789196854,2541691.97252622
2014-08-08,585.02,157903.329123918,2801018.16384497
2014-08-09,588.98,169672.521356757,3525377.0138246
2014-08-10,589.6,175557.117473176,3264322.65956535
2014-08-11,590.74,178499.415531385,3345836.1122912
2014-08-12,574.01,177518.649511982,3050213.5876443
2014-08-13,569.01,153980.265046305,2411608.84647239
2014-08-14,549.98,166730.223298547,3004833.26150897
2014-08-15,504.51,159864.861162724,2314744.7005523
2014-08-16,500.39,167710.98931795,2233906.7189312
2014-08-17,523.88,161826.393201531,3126169.07303607
2014-08-18,498.17,171634.053395563,3269988.48354292
2014-08-19,474.95,202037.799997063,2809058.54143764
2014-08-20,490.0,187281.346343637,2419608.0008996
2014-08-21,518.82,199134.596112222,2535647.92977324
2014-08-22,521.12,190837.321274213,2285706.48261436
2014-08-23,515.69,186096.021366779,2738544.90844599
2014-08-24,495.27,194393.296204788,2283154.09702745
2014-08-25,508.03,158833.546899034,2028245.65472511
2014-08-26,501.55,196763.946158505,2551828.40649573
2014-08-27,513.92,190837.321274213,2588865.36987183
2014-08-28,511.77,214543.820811382,2782169.67445163
2014-08-29,506.61,196763.946158505,2665982.09580596
2014-08-30,509.3,203875.896019656,2780807.83499772
2014-08-31,501.0,231138.3704874,2985880.98310164
2014-09-01,478.87,204522.695658425,1969296.78492338
2014-09-02,476.36,194978.303194365,1970993.49411983
2014-09-03,473.53,216794.05739793,2527781.15522765
2014-09-04,474.5,227701.934499713,2449816.0872382
2014-09-05,488.87,203159.211020702,2095783.69591882
2014-09-06,485.91,229065.419137436,2714423.52929315
2014-09-07,479.59,223611.480586544,2324215.67135553
2014-09-08,476.53,208613.149571593,2008056.38792212
2014-09-09,467.85,179979.972179414,1995752.89548181
2014-09-10,473.35,212703.603484762,2599268.72255829
2014-09-11,477.74,220884.511311099,2298604.52435785
2014-09-12,477.73,219521.026673376,2155557.16520553
2014-09-13,474.62,241336.780876941,2841201.73837358
2014-09-14,476.92,252083.49301791,2247599.2425394
2014-09-15,474.35,219460.92333324,2259751.94511144
2014-09-16,470.83,250600.648941334,2514666.70244277
2014-09-17,463.4,280257.530472853,2415672.65139898
2014-09-18,453.9,274326.15416655,2423050.76220762
2014-09-19,425.56,240220.740405303,2164815.28037068
2014-09-20,395.67,256532.025247638,2141250.18575465
2014-09-21,411.71,259497.71340079,1959830.14130346
2014-09-22,401.15,232806.520022423,2071257.84787157
2014-09-23,399.95,223909.455562967,1965917.76079459
2014-09-24,440.03,241703.584481879,1964038.52619637
2014-09-25,423.68,241703.584481879,2230525.35225598
2014-09-26,410.19,260177.353092678,1578605.40277308
2014-09-27,404.71,220547.690038826,1451282.77889072
2014-09-28,400.39,239501.007151538,1616493.01180865
2014-09-29,375.24,237777.978323109,1440091.09846022
2014-09-30,373.87,261900.381921106,1640655.87033377
2014-10-01,390.18,249839.180122108,1673380.56721074
2014-10-02,384.04,255008.266607392,1588891.9563592
2014-10-03,375.78,242947.064808394,1517310.1929175
2014-10-04,358.9,246393.122465251,1782063.51566212
2014-10-05,328.39,306699.131460242,1621581.34116395
2014-10-06,323.94,275684.612548532,1486380.20798555
2014-10-07,327.61,260177.353092678,1134681.32837884
2014-10-08,334.06,225716.776524111,1323978.43655011
2014-10-09,357.0,247077.560329999,1540765.37320104
2014-10-10,363.61,276657.26825683,1614160.61732474
2014-10-11,360.9,248817.543149225,1646687.77721978
2014-10-12,361.95,257517.457245351,1597326.64206677
2014-10-13,380.8,266217.371341478,1766805.32533075
2014-10-14,391.98,243597.594691549,1632626.00013654
2014-10-15,402.5,255777.474426126,1705973.77537002
2014-10-16,394.84,260997.422883802,1663592.70462545
2014-10-17,383.85,233157.697776197,1444082.42449997
2014-10-18,383.14,294057.096449084,1747485.79923333
2014-10-19,391.0,233157.697776197,1558757.13188474
2014-10-20,389.44,240117.629053098,1494910.40980512
2014-10-21,381.46,243597.594691549,1903489.71658992
2014-10-22,385.89,297537.062087534,1751380.64131487
2014-10-23,384.07,255806.390893167,1551013.17406584
2014-10-24,357.2,291583.508500603,1603289.68193289
2014-10-25,358.49,271906.093816513,1716185.44470357
2014-10-26,347.0,232551.264448334,1123002.29298534
2014-10-27,355.3,266539.526175398,1523907.22793904
2014-10-28,350.9,268328.382055769,1426312.97463687
2014-10-29,355.79,257595.246773539,1740015.08019338
2014-10-30,335.33,309472.067304321,1631334.81998031
2014-10-31,345.3,336304.905509898,1834800.23416813
2014-11-01,337.79,286216.940859487,1533208.4642665
2014-11-02,324.51,293372.364380974,1391560.73540277
2014-11-03,324.36,277272.661457628,1619527.51719384
2014-11-04,326.49,293372.364380974,1735453.9909879
2014-11-05,330.23,314993.428436733,1309127.3758616
2014-11-06,338.63,285462.79452079,1571746.84605151
2014-11-07,349.96,283494.08559306,1571438.07339558
2014-11-08,342.19,307118.592725815,1518181.76326086
2014-11-09,346.94,273650.540954412,1393115.39929542
2014-11-10,365.94,311056.010581274,1533013.04907557
2014-11-11,365.8,277587.958809871,1312768.2932778
2014-11-12,369.41,265775.705243494,1455935.24664
2014-11-13,420.19,287431.503448519,1823971.60231426
2014-11-14,419.99,287431.503448519,1748676.7309056
2014-11-15,399.11,295306.339159437,1561463.63238695
2014-11-16,376.99,285462.79452079,1701328.2162303
2014-11-17,389.87,299243.757014897,1585496.74478053
2014-11-18,388.87,295306.339159437,1696963.96160251
2014-11-19,374.92,274455.576194397,1401637.63134078
2014-11-20,379.05,274455.576194397,1445702.43810439
2014-11-21,356.47,248412.346336535,1225667.97767449
2014-11-22,350.25,316525.409041714,1720539.5956743
2014-11-23,353.04,282468.877689124,1381369.81458253
2014-11-24,367.12,310515.432920669,1593014.46073971
2014-11-25,374.58,256425.647831262,1371988.81240389
2014-11-26,376.16,286475.528436488,1537906.98690018
2014-11-27,366.86,262435.623952307,1481376.22009032
2014-11-28,369.97,310515.432920669,1502927.50723127
2014-11-29,376.98,302502.131425942,1936735.41089118
2014-11-30,375.59,312518.75829435,1601182.63187674
2014-12-01,376.03,286475.528436488,1434587.0265017
2014-12-02,377.42,284472.203062806,1591199.52639651
2014-12-03,379.62,242402.37021549,1182250.10772653
2014-12-04,376.03,294339.755888874,1660936.38144759
2014-12-05,368.73,298317.320157643,1608673.90086041
2014-12-06,376.0,288373.409485721,1574471.78998336
2014-12-07,375.05,242631.420394883,1410992.45742544
2014-12-08,376.01,298317.320157643,1821805.70265682
2014-12-09,362.99,276440.716679416,1475143.01528575
2014-12-10,351.82,326160.270039023,1367831.71948377
2014-12-11,348.79,288373.409485721,1521941.03052705
2014-12-12,348.97,282407.063082569,1426533.92167311
2014-12-13,352.21,284395.845216953,1642099.43255656
2014-12-14,351.77,262519.241738726,1490845.67497268
2014-12-15,357.8,304283.666560796,1607252.20036533
2014-12-16,347.96,264508.02387311,1440953.04801868
2014-12-17,329.84,252575.331066804,1308619.63642535
2014-12-18,321.34,272641.755669288,1217840.34568766
2014-12-19,312.26,243219.983474761,1293156.99008536
2014-12-20,318.59,276564.658628559,1278678.75492542
2014-12-21,331.52,284410.464547099,1363448.95268664
2014-12-22,320.0,253027.240872936,1717274.500176
2014-12-23,331.98,317755.139700897,1382703.23911297
2014-12-24,336.95,296179.17342491,1427548.03301166
2014-12-25,323.68,331485.300058343,1394962.02044135
2014-12-26,319.81,282449.013067464,1333687.82891679
2014-12-27,329.94,313832.236741627,1391843.04167568
2014-12-28,316.09,327562.397099073,1561020.13669653
2014-12-29,317.41,331485.300058343,1703669.81497197
2014-12-30,313.4,286371.916026734,1673863.09268083
2014-12-31,311.0,313142.288941348,1434545.8061867
2015-01-01,320.97,335365.290092025,1519572.47532184
2015-01-02,314.81,323243.653100747,1475784.13022053
2015-01-03,316.51,331324.744428265,1586907.13151435
2015-01-04,285.09,335365.290092025,1632202.97088049
2015-01-05,263.17,339405.835755784,1202039.03548908
2015-01-06,274.28,317182.834605108,1361861.14103894
2015-01-07,287.32,299000.379118191,1052470.30059465
2015-01-08,297.99,272736.832303755,1383767.09375183
2015-01-09,284.49,307081.470445709,1085523.88835297
2015-01-10,290.81,284858.469295033,1335502.20243442
2015-01-11,275.97,296980.106286311,1225262.60743366
2015-01-12,269.68,358478.281006871,1092944.81968145
2015-01-13,267.02,229513.533571473,1026145.43398932
2015-01-14,222.0,330062.319707546,930527.16360222
2015-01-15,172.0,303832.201585092,729864.29221988
2015-01-16,210.21,325690.633353804,954891.941835932
2015-01-17,208.13,299460.51523135,762548.336457896
2015-01-18,199.77,325690.633353804,887192.302591338
2015-01-19,211.98,338805.692415031,904302.554752611
2015-01-20,216.01,262301.18122454,672812.407056865
2015-01-21,210.71,299460.51523135,925107.460673729
2015-01-22,224.59,327876.476530675,907343.516960094
2015-01-23,233.51,271044.553932025,855770.678613185
2015-01-24,233.71,264487.024401411,785746.001809909
2015-01-25,249.32,275416.240285767,857586.694546591
2015-01-26,254.32,277602.083462638,1002878.96603735
2015-01-27,274.43,316947.260646319,1300992.04050749
2015-01-28,263.52,324166.338971824,1611057.54290654
2015-01-29,236.2,348786.567248165,1207954.74876182
2015-01-30,235.99,285184.310867618,1124241.55980927
2015-01-31,226.97,318011.281902739,1195032.17185529
2015-02-01,219.25,348786.567248165,1082639.78816864
2015-02-02,226.98,301597.796385178,1007399.40785408
2015-02-03,237.97,276977.568108837,913622.283780247
2015-02-04,227.53,330321.39604091,1055456.89427536
2015-02-05,226.71,301597.796385178,1085648.70840532
2015-02-06,216.98,359044.995696641,1180053.9936833
2015-02-07,222.36,352889.938627556,1098079.80134983
2015-02-08,229.3,262615.768280972,862815.305500741
2015-02-09,223.93,342533.060667745,1084298.90857245
2015-02-10,219.93,331483.607097818,937991.725462956
2015-02-11,220.36,331483.607097818,973022.676337063
2015-02-12,219.6,300545.137102021,700112.57856552
2015-02-13,222.33,309384.699957963,871174.467760856
2015-02-14,236.9,355792.404951658,1034325.15626839
2015-02-15,257.5,296125.35567405,1098201.7798575
2015-02-16,234.18,349162.732809701,1063594.97488124
2015-02-17,234.5,342533.060667745,1076991.66602969
2015-02-18,245.29,355792.404951658,1187677.75371608
2015-02-19,237.44,362422.077093614,1155178.61658049
2015-02-20,241.39,366841.858521585,1090408.64549142
2015-02-21,245.78,304964.918529992,961956.919245941
2015-02-22,245.41,333693.497811803,1027780.71451474
2015-02-23,235.98,317934.931985704,1030310.14904036
2015-02-24,238.9,320255.624919906,833758.262454456
2015-02-25,239.94,362028.097735547,1173922.80517658
2015-02-26,237.97,334179.78252512,1039087.66750926
2015-02-27,236.59,366669.483603951,1068531.12624588
2015-02-28,252.11,313293.5461173,1138555.66311946
2015-03-01,253.5,348103.940130333,979660.080977565
2015-03-02,257.05,348103.940130333,1277153.04012241
2015-03-03,275.87,357386.711867142,1356751.04799536
2015-03-04,279.47,364348.790669749,1150222.61728387
2015-03-05,270.06,264558.994499053,1112274.88396849
2015-03-06,273.11,366669.483603951,1069815.36294775
2015-03-07,272.34,327217.703722513,1093338.37354889
2015-03-08,276.66,362028.097735547,1263093.90388293
2015-03-09,275.0,311208.023870146,1228704.25963725
2015-03-10,287.01,356003.118215091,1339461.47266863
2015-03-11,290.0,391367.666382153,1368494.2516486
2015-03-12,296.56,313565.660414617,1094308.30761627
2015-03-13,294.9,327711.479681442,1124821.81863606
2015-03-14,285.03,315923.296959088,1051243.33341914
2015-03-15,282.2,346572.572037208,1111367.7239335
2015-03-16,286.79,308850.387325675,1044154.1050261
2015-03-17,289.28,337142.025859325,1118080.70032732
2015-03-18,284.48,332426.752770383,1320674.89785264
2015-03-19,256.99,337142.025859325,1038892.10203537
2015-03-20,261.39,332426.752770383,945367.378745339
2015-03-21,262.1,337142.025859325,1202959.83423877
2015-03-22,259.99,313565.660414617,978614.418954976
2015-03-23,267.75,358360.754759562,1149817.6092931
2015-03-24,265.99,387831.112208752,1247262.44601875
2015-03-25,245.0,385508.770219478,1106539.1759772
2015-03-26,247.08,346028.956401821,1128027.22590663
2015-03-27,249.23,399442.822155122,1268664.29226788
2015-03-28,247.57,348351.298391095,1005981.65833757
2015-03-29,252.96,350673.640380369,1110135.86666338
2015-03-30,242.34,329772.562476903,973393.48077274
2015-03-31,248.0,346028.956401821,1083199.55999248
2015-04-01,243.63,329772.562476903,942541.77656054
2015-04-02,246.49,341384.272423273,1199712.09749658
2015-04-03,253.28,350673.640380369,1067896.69834402
2015-04-04,254.3,357640.66634819,1205590.6290449
2015-04-05,253.67,371157.005411998,1082160.05929545
2015-04-06,260.52,317081.150318859,942391.439865455
2015-04-07,255.18,390820.952718594,1229555.75469383
2015-04-08,253.9,292501.216185614,1013831.8772282
2015-04-09,245.0,351493.058105402,905334.768100351
2015-04-10,243.0,349035.064692078,1125051.63652566
2015-04-11,236.0,336745.097625455,948286.14929616
2015-04-12,236.36,334287.104212131,830709.719453486
2015-04-13,236.5,346577.071278753,1080582.91452837
2015-04-14,223.01,388362.959305269,901375.649856275
2015-04-15,216.23,302333.189838912,717156.84964451
2015-04-16,222.55,339203.09103878,927077.299737437
2015-04-17,227.5,329371.117385482,754220.2607667
2015-04-18,222.64,326913.123972157,916061.356961556
2015-04-19,223.41,334287.104212131,1081326.8690184
2015-04-20,222.61,408026.906611865,983941.699833826
2015-04-21,224.29,376310.705870182,996289.362301728
2015-04-22,235.85,338442.961883245,1041849.93641138
2015-04-23,233.59,326609.291887328,844835.494701797
2015-04-24,235.98,284008.079902024,818037.569884457
2015-04-25,231.16,364477.035874264,1138632.77753551
2015-04-26,226.29,352643.365878346,840330.369719244
2015-04-27,219.52,326609.291887328,953399.459954905
2015-04-28,227.01,371577.237871815,997245.566561662
2015-04-29,225.2,305308.685894676,741391.64271784
2015-04-30,225.62,314775.62189141,872918.642666443
2015-05-01,235.97,347909.897879979,1029919.5580613
2015-05-02,230.97,347909.897879979,1002482.24492307
2015-05-03,233.77,326609.291887328,944154.636483757
2015-05-04,239.47,312624.333322854,901989.777103338
2015-05-05,238.25,364728.388876663,980916.53417919
2015-05-06,235.87,338676.361099758,1095042.63966171
2015-05-07,228.99,381306.95200742,879719.261384585
2015-05-08,237.16,350518.191907442,1071486.17039957
2015-05-09,243.24,298414.136353633,921816.71766574
2015-05-10,242.19,305519.234838243,966831.312930865
2015-05-11,239.11,352886.558068979,1068466.31559159
2015-05-12,240.95,374201.85352281,1064598.06412984
2015-05-13,241.1,383675.318168957,1209740.0246009
2015-05-14,235.97,331571.262615148,1112652.15389852
2015-05-15,237.1,390780.416653567,1100858.35891009
2015-05-16,237.37,303150.868676707,893513.609002344
2015-05-17,236.63,419738.369701863,1144998.33057769
2015-05-18,235.83,332393.969070261,970848.767929774
2015-05-19,232.81,329967.735719384,818617.777220403
2015-05-20,231.4,344525.13582465,969954.100248016
2015-05-21,234.11,371213.702684306,992600.295782172
2015-05-22,235.0,344525.13582465,908597.137475951
2015-05-23,238.8,291148.002105338,791439.177905592
2015-05-24,237.76,342098.902473773,954369.712057463
2015-05-25,239.55,349377.602526406,932241.661014417
2015-05-26,235.59,327541.502368506,1029440.19202808
2015-05-27,235.68,351803.835877284,899539.373532816
2015-05-28,235.31,320262.802315872,803899.965142772
2015-05-29,236.44,380918.636087818,1128074.46801485
2015-05-30,235.72,300852.93550885,888252.169613421
2015-05-31,232.3,356656.30257904,926865.371505693
2015-06-01,228.34,332393.969070261,792896.662782127
2015-06-02,223.52,345390.945540338,920829.233457179
2015-06-03,225.19,335928.179909096,860046.112515177
2015-06-04,225.4,335928.179909096,945238.915123538
2015-06-05,222.88,335928.179909096,839491.369756514
2015-06-06,224.76,380876.316657496,1262209.26648019
2015-06-07,224.99,395070.465104359,942417.318145213
2015-06-08,222.28,333562.488501286,1021051.37608598
2015-06-09,227.66,383242.008065307,954812.701541047
2015-06-10,228.88,373779.242434065,1086411.51054592
2015-06-11,227.8,366682.168210633,875567.013509312
2015-06-12,229.03,321734.031462233,943621.951601325
2015-06-13,229.6,373779.242434065,1135309.32280931
2015-06-14,231.5,358182.179015018,1011033.83300274
2015-06-15,232.07,370533.288636225,1026526.56898407
2015-06-16,236.0,303837.296681705,866651.63510904
2015-06-17,249.98,350771.513242293,1156640.63090393
2015-06-18,247.45,380414.176333191,1133271.14912139
2015-06-19,248.26,397705.729802882,1043809.14232646
2015-06-20,243.85,331009.737848361,893986.621257645
2015-06-21,244.75,301367.074757463,835797.23668661
2015-06-22,243.55,365592.844787742,1122575.84082726
2015-06-23,246.77,353241.735166535,1016657.5535392
2015-06-24,243.86,373003.510560467,1077185.36594486
2015-06-25,240.2,395235.50787864,1073298.21734134
2015-06-26,242.08,365592.844787742,1094024.9937944
2015-06-27,242.98,316188.406302912,860747.558580137
2015-06-28,251.21,363122.622863501,1065646.02936789
2015-06-29,248.57,336442.885099528,999244.94041141
2015-06-30,256.05,351177.609994398,987310.631191298
2015-07-01,262.43,356089.184959354,930878.951249757
2015-07-02,257.78,343810.247546963,1128069.41887236
2015-07-03,254.68,397837.572161486,1209697.87933563
2015-07-04,256.12,380647.059784137,1054905.78005882
2015-07-05,260.33,356089.184959354,1099548.27244529
2015-07-06,271.34,417483.872021312,1414820.45148119
2015-07-07,268.53,363456.547406789,1060705.92909097
2015-07-08,265.83,378191.272301659,1177488.42525327
2015-07-09,270.31,338898.672582006,950484.103208261
2015-07-10,269.0,383102.847266616,1249167.49904509
2015-07-11,284.92,356089.184959354,1179775.00376404
2015-07-12,291.64,350384.751809399,1187913.99337887
2015-07-13,310.55,368157.891393933,1315092.08234471
2015-07-14,291.94,352923.771750046,1103504.05169445
2015-07-15,287.92,391009.070859764,1152154.50300595
2015-07-16,285.66,345306.711928103,1036399.52668594
2015-07-17,277.78,365618.871453286,1208780.75198532
2015-07-18,279.43,406243.190503651,1138075.97890539
2015-07-19,276.74,363079.851512638,1140279.14952982
2015-07-20,275.47,365618.871453286,1168610.80751842
2015-07-21,279.01,355462.791690694,1047201.4931061
2015-07-22,276.76,373235.931275229,1253888.34703836
2015-07-23,277.97,378313.971156525,1119705.21422306
2015-07-24,276.59,426555.350028833,1438918.92921829
2015-07-25,289.0,397611.600337113,1408342.78252167
2015-07-26,288.78,358630.070892298,1277746.10415977
2015-07-27,292.82,402809.137596422,1306713.90985256
2015-07-28,293.93,369025.145410916,1066597.43299379
2015-07-29,293.92,387216.525818496,1320651.5092379
2015-07-30,290.2,356031.302262644,1054979.16522922
2015-07-31,288.45,361228.839521953,1288534.21587347
2015-08-01,284.31,426198.055263311,1239800.28815435
2015-08-02,280.95,408006.674855731,1333895.56796352
2015-08-03,282.26,382018.988559187,1172220.41228981
2015-08-04,281.12,374222.682670224,1093225.2819871
2015-08-05,285.0,327444.847336446,1158064.00473945
2015-08-06,281.0,363827.608151607,1043204.44745325
2015-08-07,277.08,369025.145410916,1053294.04266762
2015-08-08,279.32,411296.569970398,1298511.35996027
2015-08-09,262.22,353662.65570703,1001685.38411781
2015-08-10,265.05,458451.590731335,1180678.54211654
2015-08-11,264.47,442733.250477689,1356613.92965816
2015-08-12,270.98,322225.975199739,915176.452666715
2015-08-13,267.53,390338.782965537,1030157.05446934
2015-08-14,264.48,351042.932331422,1104647.2114158
2015-08-15,265.93,351042.932331422,1036340.21339359
2015-08-16,261.43,385099.336214322,1011681.12760508
2015-08-17,256.11,377240.166087499,1165560.25589488
2015-08-18,256.66,379859.889463106,962805.135865087
2015-08-19,222.11,398197.95309236,994149.265002381
2015-08-20,226.25,406057.123219183,990706.284017562
2015-08-21,235.31,403437.399843575,1094121.52693361
2015-08-22,233.49,412658.093587566,1114688.756514
2015-08-23,231.0,369504.306022853,883287.12071523
2015-08-24,228.14,423446.540478744,947272.889596924
2015-08-25,210.96,372201.417745648,833857.327483683
2015-08-26,222.13,418052.317033155,1111421.56469882
2015-08-27,225.04,401869.646696388,894643.416716403
2015-08-28,225.11,401869.646696388,996417.489798501
2015-08-29,231.52,445023.434261101,1104913.11274019
2015-08-30,229.63,388384.088082415,1026749.70435154
2015-08-31,228.39,428840.763924333,1166315.14883878
2015-09-01,230.25,409960.981864772,996219.655070932
2015-09-02,227.97,415355.205310361,1028141.3362183
2015-09-03,229.26,407263.870141977,946813.724187596
2015-09-04,227.24,430369.769449567,983178.575379109
2015-09-05,230.73,427538.389387399,1004753.90667431
2015-09-06,235.74,450189.429884745,1066585.28110236
2015-09-07,240.2,385067.688454876,980256.737882261
2015-09-08,240.47,393561.828641381,884157.909211509
2015-09-09,244.21,399224.588765717,1075638.06749423
2015-09-10,238.3,478503.230506427,1395881.10717179
2015-09-11,238.81,489828.750755099,1048514.72308529
2015-09-12,239.94,385067.688454876,925443.559872146
2015-09-13,234.73,396393.208703549,962877.92093509
2015-09-14,230.0,450189.429884745,985208.4662242
2015-09-15,229.71,461514.950133417,1017982.81185978
2015-09-16,229.54,421875.629263062,878460.558930335
2015-09-17,228.33,399224.588765717,965862.199522043
2015-09-18,232.17,424738.988410217,1045660.47046356
2015-09-19,232.52,389344.072709366,778412.490972329
2015-09-20,230.25,353949.157008514,845718.999559717
2015-09-21,230.16,389344.072709366,824073.058883626
2015-09-22,226.27,471932.209344685,1007970.00409128
2015-09-23,230.42,442436.446260643,1043257.70621495
2015-09-24,229.42,427688.564718621,923866.457266453
2015-09-25,234.0,477831.361961494,1145777.71973395
2015-09-26,235.22,448335.598877451,1220066.01825703
2015-09-27,233.99,424738.988410217,1029150.16396941
2015-09-28,232.41,409991.106868195,1047573.37815367
2015-09-29,239.14,510276.701353941,1259186.30740058
2015-09-30,236.94,457184.327802664,979289.075701089
2015-10-01,236.17,465548.431663339,1034425.38573053
2015-10-02,238.03,377880.220505957,874869.524902395
2015-10-03,237.77,459502.348135243,1015435.61556746
2015-10-04,239.09,456479.306371196,991818.86960847
2015-10-05,238.4,447410.181079053,1004466.6374232
2015-10-06,240.6,450433.2228431,1006233.85631681
2015-10-07,246.8,408110.638146433,971432.158899048
2015-10-08,243.01,414156.721674529,946915.535039047
2015-10-09,243.01,402064.554618338,835694.014570838
2015-10-10,244.49,450433.2228431,1120907.08993729
2015-10-11,245.72,453456.264607148,1027072.83493905
2015-10-12,248.04,423225.846966672,971477.171299094
2015-10-13,245.5,405087.596382386,919373.613058023
2015-10-14,249.98,459502.348135243,1141735.68737837
2015-10-15,252.47,493327.875053937,1129159.01952563
2015-10-16,254.5,469115.464008345,1060255.17248348
2015-10-17,262.26,396478.230871569,951378.593521099
2015-10-18,270.04,432796.847439957,1073284.22200386
2015-10-19,261.04,502407.529196034,1395310.92602596
2015-10-20,263.59,384372.025348773,934359.939853749
2015-10-21,270.75,438849.950201355,1125150.56626729
2015-10-22,267.97,475168.566769743,1209253.90418724
2015-10-23,274.35,466088.912627646,1142674.31870422
2015-10-24,278.62,420690.641917161,1156609.25258102
2015-10-25,282.71,469115.464008345,1623113.25054467
2015-10-26,282.8,460035.809866248,1281251.67191498
2015-10-27,286.69,478195.118150442,1240340.23588394
2015-10-28,295.35,411610.987775064,1153912.62821789
2015-10-29,304.79,458010.013458184,1311407.22303599
2015-10-30,314.81,507524.609507718,1476152.78568562
2015-10-31,328.17,470388.662470568,1383227.73410354
2015-11-01,310.18,492051.298242239,1321878.78362379
2015-11-02,325.79,448726.026698897,1460207.56295512
2015-11-03,361.54,488956.635989143,1978231.68590037
2015-11-04,404.5,479672.649229855,2315974.32092308
2015-11-05,408.0,461104.67571128,1575194.38098216
2015-11-06,386.04,423968.72867413,1531783.25646441
2015-11-07,373.69,504429.947254622,1667996.68330699
2015-11-08,387.02,433252.715433418,1423351.77150956
2015-11-09,371.08,454915.351205089,1699610.87170301
2015-11-10,380.62,442536.702192705,1480727.45371108
2015-11-11,336.29,579380.20997339,1471948.26870717
2015-11-12,308.98,477906.839865056,1465230.86176169
2015-11-13,340.81,546646.864777153,1399090.31794522
2015-11-14,336.99,497546.846982798,1447180.70221628
2015-11-15,332.06,474633.505345433,1489093.69428171
2015-11-16,318.97,576106.875453766,1662037.49136641
2015-11-17,330.72,527006.857659411,1431505.22736011
2015-11-18,336.01,458266.832747314,1644297.3427566
2015-11-19,333.66,458266.832747314,1320320.74037509
2015-11-20,325.9,520460.188620164,1620293.09565213
2015-11-21,322.12,582653.544493014,1519596.75177502
2015-11-22,326.31,569560.206414519,1422722.58576834
2015-11-23,323.78,523733.523139788,1472916.59424886
2015-11-24,323.48,549490.493161529,1358434.78067513
2015-11-25,319.64,556720.631229444,1220893.92037157
2015-11-26,328.9,585641.183501104,1614914.77309775
2015-11-27,356.33,538645.286059657,1237283.51634607
2015-11-28,358.0,527800.078957785,1632985.21338423
2015-11-29,356.4,567565.838331317,1432976.02050953
2015-11-30,371.0,542260.355093615,1768320.58084553
2015-12-01,377.27,694093.254519827,1762207.66761779
2015-12-02,362.58,531415.147991742,1605725.83636865
2015-12-03,359.08,520569.94088987,1519899.93769986
2015-12-04,361.47,527800.078957785,1443054.33768336
2015-12-05,363.78,607331.597704848,2268019.3071972
2015-12-06,386.95,621791.873840678,1668698.59313865
2015-12-07,387.3,593762.303117281,1548118.40387926
2015-12-08,394.87,625219.908580448,2011322.09818367
2015-12-09,413.6,695999.520872574,1928283.58427873
2015-12-10,416.49,770711.333847596,2394933.75130075
2015-12-11,415.15,688135.119506782,1804649.21755335
2015-12-12,450.87,656677.514043615,1867996.46203759
2015-12-13,436.2,585897.901751489,1708678.21946461
2015-12-14,433.39,692067.320189678,2388698.33163941
2015-12-15,443.78,758914.731798908,2285879.63538638
2015-12-16,463.98,660609.714726511,2022863.29446252
2015-12-17,455.47,625219.908580448,1875537.44081037
2015-12-18,456.58,629152.109263344,2034155.34189937
2015-12-19,463.0,720030.586381441,2184464.32719886
2015-12-20,461.75,785065.607086862,1982086.17501883
2015-12-21,442.54,715385.227759626,1776647.77870964
2015-12-22,438.35,654995.565676021,1818652.9814179
2015-12-23,435.28,766484.172599599,1990561.11738404
2015-12-24,442.54,692158.434650547,1768771.21282915
2015-12-25,456.0,622478.055323311,1907156.27856526
2015-12-26,455.5,864036.70365773,2206898.75650771
2015-12-27,417.11,905844.931254072,2453742.10126722
2015-12-28,422.42,747902.738112336,1773620.49239852
2015-12-29,420.97,706094.510515994,1936191.76775738
2015-12-30,433.23,803647.041574125,1932066.48256296
2015-12-31,428.23,743604.444166195,1603061.39578171
2016-01-01,430.89,697129.166405808,1554768.75755142
2016-01-02,434.75,707457.005908116,1671419.65771845
2016-01-03,432.76,769424.042921966,1720316.24243469
2016-01-04,430.78,903685.956451973,2076921.46623175
2016-01-05,434.17,841718.919438123,1819807.57014198
2016-01-06,432.43,702293.086156962,1702648.04376976
2016-01-07,429.26,743604.444166195,1851106.2358306
2016-01-08,458.66,903685.956451973,2195603.80444425
2016-01-09,452.64,821063.240433507,1781625.14493402
2016-01-10,448.47,877866.357696202,1962534.29120554
2016-01-11,448.43,877866.357696202,2152938.81762614
2016-01-12,447.98,908849.876203127,1983181.23212657
2016-01-13,437.0,862135.539441777,1729484.4874725
2016-01-14,432.63,743803.210498788,1487692.37910672
2016-01-15,429.55,693089.355237507,1269376.69776952
2016-01-16,363.75,783247.320146451,1330605.24420353
2016-01-17,387.87,783247.320146451,1525313.77287368
2016-01-18,380.16,986102.741191575,1668226.93407003
2016-01-19,385.49,839596.048214541,1307603.42428136
2016-01-20,377.41,822691.429794114,1619573.12254121
2016-01-21,420.35,755072.956112406,1506011.15416668
2016-01-22,409.62,929754.013123485,1806867.98377984
2016-01-23,381.5,1008642.23241881,1812144.66066603
2016-01-24,385.09,935388.885930294,1839837.02678914
2016-01-25,403.19,974832.995577957,1709654.30005389
2016-01-26,390.92,978569.91544418,1707435.98861896
2016-01-27,391.66,918901.018160999,1647804.54807091
2016-01-28,394.36,883099.679791089,1461337.71102289
2016-01-29,379.82,1014371.25381409,1750044.21085572
2016-01-30,378.18,1056139.48191232,1949050.86713421
2016-01-31,376.6,1068073.26136895,1789231.66455001
2016-02-01,367.86,1050172.592184,1613765.19778435
2016-02-02,371.99,978569.91544418,1926651.73845393
2016-02-03,373.05,1038238.81272736,1939358.51591312
2016-02-04,368.46,1103874.59973886,1768733.96009392
2016-02-05,388.0,1074040.15109727,1995379.17486341
2016-02-06,384.07,1139675.93810877,2006181.99318944
2016-02-07,375.29,1303860.28146122,1802661.61108245
2016-02-08,375.0,1153414.86436954,1464134.16736285
2016-02-09,371.55,1210727.40421399,1753222.98567767
2016-02-10,373.46,1210727.40421399,1609224.84661884
2016-02-11,379.14,1375500.95626678,1934251.63630816
2016-02-12,378.02,1139086.72940843,1699237.6600938
2016-02-13,382.62,1096102.32452509,1784279.9863397
2016-02-14,389.88,1289532.14650011,1752957.85194894
2016-02-15,405.08,1060281.98712231,1552280.09414739
2016-02-16,399.21,1067446.05460287,1487411.48818647
2016-02-17,407.0,1002969.44727786,1622217.09511937
2016-02-18,414.87,1289532.14650011,1897401.34945604
2016-02-19,420.53,1129682.7804329,1602889.46259119
2016-02-20,419.98,1284099.85113956,1805928.39735308
2016-02-21,435.19,1024028.99521256,1426735.74026685
2016-02-22,438.0,1056537.85220343,1478179.5581374
2016-02-23,436.76,1097173.92344203,1519269.64747097
2016-02-24,419.25,999647.352469403,1283176.88337384
2016-02-25,423.79,1178446.06591922,1682349.25056426
2016-02-26,423.46,1219082.13715781,1586359.0966024
2016-02-27,430.0,1064665.06645115,1648617.78551953
2016-02-28,431.59,1210954.92291009,1607228.49144493
2016-02-29,431.89,1097173.92344203,1478331.67942042
2016-03-01,436.75,1040283.423708,1666885.76819113
2016-03-02,433.66,1275972.63689184,1732093.70686982
2016-03-03,422.5,1080919.49494659,1509986.8712148
2016-03-04,420.06,1235336.56565325,1646394.13086879
2016-03-05,408.4,1292227.06538728,1560093.31900579
2016-03-06,399.17,1094688.8032164,1506590.24991306
2016-03-07,405.69,1220696.14747152,1395555.07369046
2016-03-08,412.37,1055311.50813667,1624142.06222708
2016-03-09,412.15,1299450.73763098,1833517.33163624
2016-03-10,412.84,1267948.9015672,1663384.8986263
2016-03-11,416.0,1283699.81959909,1698526.22555897
2016-03-12,420.11,1141941.55731207,1523923.19793845
2016-03-13,409.9,1031685.13108884,1408430.95627883
2016-03-14,412.85,1189194.31140774,1591449.5456802
2016-03-15,414.99,1197069.77042369,1733877.6950389
2016-03-16,415.7,1338828.0327107,1660327.56166116
2016-03-17,416.64,1063186.96715262,1535746.08174758
2016-03-18,418.49,1135311.13692768,1421213.43305208
2016-03-19,407.96,1110630.46003795,1397614.32979625
2016-03-20,409.11,1242260.73678319,1573282.93989296
2016-03-21,411.81,1036588.42936875,1440493.04973998
2016-03-22,411.95,1225806.95219003,1575608.81685465
2016-03-23,416.39,1242260.73678319,1633014.90774603
2016-03-24,417.96,1242260.73678319,1648883.85586512
2016-03-25,415.17,1192899.38300372,1529331.78758435
2016-03-26,415.98,1209353.16759688,1627195.0051157
2016-03-27,416.96,1258714.52137634,1494367.76722401
2016-03-28,425.0,1168218.70611399,1843050.64211507
2016-03-29,422.86,1398571.69041816,1685402.33992106
2016-03-30,415.83,1308075.8751558,1535014.08389477
2016-03-31,413.74,1028361.53707217,1368870.75063678
2016-04-01,414.83,1136310.01873561,1653575.35497218
2016-04-02,416.31,1244135.05700979,1775950.81331598
2016-04-03,419.13,1219252.35586959,1527746.7022819
2016-04-04,418.51,1360254.32899737,1864182.28252061
2016-04-05,419.71,1235840.82329639,1675042.62859603
2016-04-06,421.66,1285606.22557678,1703077.74932614
2016-04-07,421.6,1210958.12215619,1524704.23553882
2016-04-08,419.95,1169486.9535892,1535340.2633668
2016-04-09,417.86,1343665.86157057,1744821.9160503
2016-04-10,418.58,1443196.66613135,1849714.70662907
2016-04-11,420.75,1252429.29072319,1760063.14577406
2016-04-12,422.63,1260723.52443658,1617822.82632772
2016-04-13,425.69,1302194.69300358,1760973.81845251
2016-04-14,423.87,1465554.23046872,1759740.83015229
2016-04-15,424.38,1287911.29344221,1635538.84372571
2016-04-16,429.45,1270146.99973955,1502139.35296911
2016-04-17,430.58,1358968.46825281,1710232.83511893
2016-04-18,427.31,1199089.82492895,1478746.25211548
2016-04-19,427.42,1332322.02769883,1696206.85354848
2016-04-20,435.95,1465554.23046307,1832539.79336054
2016-04-21,441.82,1341204.17454499,1700340.26831736
2016-04-22,451.0,1270146.99973466,1780084.41598157
2016-04-23,447.7,1279029.14658595,1632732.39419212
2016-04-24,451.92,1172443.38437046,1524430.62208016
2016-04-25,460.03,1128032.650114,1511285.52745621
2016-04-26,462.5,1341204.17454499,1989524.25548891
2016-04-27,467.55,1145796.94381658,1604017.73514968
2016-04-28,445.29,1207843.18309188,1546945.81020272
2016-04-29,449.98,1403229.58035675,1870335.26271789
2016-04-30,455.97,1296655.18184864,1670773.98764185
2016-05-01,448.84,1376585.98072972,1871929.73891462
2016-05-02,453.0,1394348.38048107,1812582.09284387
2016-05-03,443.84,1341061.18122702,1703857.25537367
2016-05-04,450.61,1492041.5791135,2071544.22122565
2016-05-05,446.84,1385467.1806054,1777313.43296302
2016-05-06,449.37,1438754.37985945,1922038.9319142
2016-05-07,458.98,1332179.98135134,1740688.07438266
2016-05-08,459.02,1447635.57973513,1989166.5650913
2016-05-09,458.31,1536447.57849188,2007975.36233487
2016-05-10,460.66,1403229.58035675,1822228.2693226
2016-05-11,450.78,1284309.11258538,1525267.31928856
2016-05-12,452.84,1342247.86954412,1677295.06474701
2016-05-13,454.26,1467781.84295472,1841534.81442935
2016-05-14,455.82,1390530.16700974,1732518.8218621
2016-05-15,456.31,1342247.86954412,1630707.25784764
2016-05-16,457.34,1361560.78853037,1636434.02969314
2016-05-17,454.0,1361560.78853037,1623754.46176097
2016-05-18,453.08,1487094.76194097,1922740.52136182
2016-05-19,452.99,1168431.5986679,1415299.1043766
2016-05-20,436.05,1438812.46447535,1660231.90590849
2016-05-21,442.52,1361560.78853037,1622037.95339863
2016-05-22,443.21,1776788.54673466,2084432.9315678
2016-05-23,438.47,1747819.1682553,2024580.43243308
2016-05-24,442.99,1456454.92275853,1700948.82194883
2016-05-25,444.1,1377192.06981929,1612802.54919923
2016-05-26,448.7,1357376.35658448,1544642.46973921
2016-05-27,452.05,1377192.06981929,1754891.30091071
2016-05-28,469.98,1317744.93011486,1698374.90534981
2016-05-29,526.64,1456454.92275853,2057252.27903373
2016-05-30,511.3,1436639.20952372,2018224.67513172
2016-05-31,526.42,1258297.79041043,1778686.46398968
2016-06-01,531.97,1426731.35290631,2013539.9424602
2016-06-02,538.37,1367284.21320188,1975979.77430595
2016-06-03,538.0,1406915.6396715,2039808.39737328
2016-06-04,567.88,1179034.93747119,1744238.04390032
2016-06-05,573.85,1694243.48157625,2522539.86191635
2016-06-06,573.91,1684335.62495884,2559529.57997022
2016-06-07,583.72,1406915.6396715,2112246.9920755
2016-06-08,578.07,1403462.33970866,2145380.92356513
2016-06-09,583.1,1608133.93091617,2457044.36954684
2016-06-10,574.32,1403462.33970866,2173991.83633509
2016-06-11,577.95,1520417.53468438,2349957.48801954
2016-06-12,608.01,1422954.87220461,2439077.77485954
2016-06-13,665.85,1569148.86592427,2856721.9388474
2016-06-14,704.5,1296253.41098092,2450970.35291901
2016-06-15,685.19,1500925.00218843,2663305.40030289
2016-06-16,693.88,1452193.67094854,2869711.66643136
2016-06-17,765.0,1452193.67094854,2906753.58159383
2016-06-18,746.63,1549656.33342831,3023654.81312615
2016-06-19,751.96,1725089.1258919,3437265.72513248
2016-06-20,759.35,1598387.6646682,3373515.51632661
2016-06-21,724.04,1551383.97529172,2775119.94524628
2016-06-22,664.46,1343144.51552102,2188906.86421333
2016-06-23,592.81,1457676.2183949,2108466.94761902
2016-06-24,622.08,1353556.48850955,2182850.42645951
2016-06-25,665.0,1728387.51609681,2763256.93758464
2016-06-26,660.44,1530560.02931465,2371668.56970925
2016-06-27,630.19,1530560.02931465,2391834.81733159
2016-06-28,651.85,1551383.97529172,2439741.46224226
2016-06-29,645.15,1520148.05632611,2683107.4031348
2016-06-30,635.99,1561795.94828025,2633620.98633594
2016-07-01,667.95,1634679.7592,2764288.96679377
2016-07-02,675.63,1551383.97529172,2670572.17736555
2016-07-03,701.41,1603443.84023439,2740471.37629679
2016-07-04,656.97,1601825.83564846,2700421.99441035
2016-07-05,681.98,1538177.1269472,2605017.70598256
2016-07-06,668.0,1485136.53636281,2396656.07126144
2016-07-07,673.76,1463920.30012906,2261647.9229562
2016-07-08,638.5,1538177.1269472,2475149.39324244
2016-07-09,663.0,1580609.5994147,2183467.64173552
2016-07-10,647.41,1654866.42623285,1302059.98664871
2016-07-11,648.35,1516960.89071344,1228801.46825101
2016-07-12,649.33,1516960.89071344,1208033.63462136
2016-07-13,664.5,1379055.35519404,1122089.40705959
2016-07-14,652.87,1506352.77259656,1195721.66045832
2016-07-15,659.12,1432095.94577842,1173602.64682308
2016-07-16,663.19,1665474.54434972,1368206.70391263
2016-07-17,661.32,1580609.5994147,1302807.64960481
2016-07-18,679.58,1581302.69929601,1315012.07276704
2016-07-19,673.46,1358434.53362342,1116148.16735075
2016-07-20,674.95,1591915.46908995,1316402.11844625
2016-07-21,667.5,1411498.38259309,1161033.13308396
2016-07-22,664.0,1369047.30341735,1107969.92834577
2016-07-23,649.75,1390272.84300522,1125668.79916968
2016-07-24,655.53,1337208.99403555,1067915.61424964
2016-07-25,661.48,1400885.61279915,1153071.35165051
2016-07-26,654.98,1369047.30341735,1097353.61936999
2016-07-27,651.16,1358434.53362342,1144988.34874322
2016-07-28,655.37,1453949.46176882,1162120.40106215
2016-07-29,655.54,1560077.15970815,1303077.23490882
2016-07-30,654.88,1262919.60547802,1051981.06383704
2016-07-31,654.68,1634366.54826568,1268565.34183433
2016-08-01,623.91,1623753.77847174,1263152.05726083
2016-08-02,605.56,1555605.72192362,1192809.47297064
2016-08-03,530.74,1686075.87924624,1188501.68506983
2016-08-04,564.01,1535533.39002783,1121450.88469978
2016-08-05,577.44,1696112.04519414,1242755.64397669
2016-08-06,572.72,1676039.71329835,1222113.38649704
2016-08-07,589.5,1485352.56028836,1141124.52928231
2016-08-08,592.56,1495388.72623625,1155198.82591718
2016-08-09,591.69,1254520.74348679,966415.459013121
2016-08-10,584.98,1525497.22407993,1156905.9662556
2016-08-11,591.5,1505424.89218414,1158024.44083935
2016-08-12,586.01,1495388.72623625,1132020.0574617
2016-08-13,585.91,1645931.21545466,1246207.63593223
2016-08-14,583.34,1645931.21545466,1221143.85479657
2016-08-15,567.34,1577645.90337332,1075738.8686402
2016-08-16,565.69,1469587.96478611,1025918.18680799
2016-08-17,574.94,1329112.64462273,937466.832930533
2016-08-18,570.92,1664092.25424309,1175744.73944837
2016-08-19,570.3,1664092.25424309,1176985.7122929
2016-08-20,572.84,1685703.84196053,1153764.11771597
2016-08-21,577.52,1761344.39897158,1226001.05087731
2016-08-22,577.24,1718121.2235367,1187049.47846855
2016-08-23,583.3,1588451.69723204,1216079.79066823
2016-08-24,581.98,1653286.46038437,1166209.72683511
2016-08-25,578.75,1404753.20163378,999130.047657512
2016-08-26,575.75,1426364.78935122,1031828.28690519
2016-08-27,577.77,1556034.31565588,1074187.61363033
2016-08-28,567.2,1642480.66652565,1110157.40925665
2016-08-29,573.2,1635101.5230873,1163538.90681157
2016-08-30,571.5,1810682.89469399,1276013.34389926
2016-08-31,575.97,1481467.82293144,996156.215479853
2016-09-01,570.76,1547310.83728395,1035320.33588952
2016-09-02,571.0,1678996.86598897,1168675.05010076
2016-09-03,572.0,1382703.30140268,954626.193137187
2016-09-04,595.01,1964316.59484984,1380345.26421974
2016-09-05,603.95,1536337.00155853,1113759.73722878
2016-09-06,604.99,1492441.65865686,1069697.01779606
2016-09-07,608.16,1668023.03026355,1227879.9212051
2016-09-08,615.33,1580232.34446021,1169617.72190821
2016-09-09,625.06,1569258.50873479,1157646.00172084
2016-09-10,622.0,1700944.53743981,1270465.14445106
2016-09-11,621.65,1799709.05896857,1361698.80676195
2016-09-12,604.02,1829872.71366204,1370352.4124918
2016-09-13,608.01,1863551.35256379,1290425.53589363
2016-09-14,608.82,1751289.22289128,1220655.05340674
2016-09-15,608.99,1728836.79695677,1218166.34954387
2016-09-16,606.72,1571669.81541525,1121897.37515543
2016-09-17,607.04,1829872.71366204,1266257.82710608
2016-09-18,604.09,1627800.88025151,1130889.27081297
2016-09-19,607.31,1493086.32464449,1050392.16564215
2016-09-20,608.66,1717610.58398952,1186651.77858515
2016-09-21,605.5,1863551.35256379,1270877.51763904
2016-09-22,595.46,1582896.0283825,1130268.14869535
2016-09-23,594.08,1526764.96354624,1066390.24163683
2016-09-24,600.7,1874777.56553105,1328177.02590705
2016-09-25,599.33,2230413.26476147,1430506.21156199
2016-09-26,598.98,1834694.78230379,1203421.87947542
2016-09-27,606.79,2026558.28894994,1300095.42739402
2016-09-28,604.26,1774737.43647687,1169060.70236937
2016-09-29,603.85,1714780.09064995,1121004.32180228
2016-09-30,604.13,1702788.62148456,1115142.13838442
2016-10-01,608.38,1882660.65896533,1254664.0524631
2016-10-02,612.98,1690797.15231918,1131200.930422
2016-10-03,608.6,1822703.31313841,1206848.12820648
2016-10-04,612.98,1894652.12813071,1244767.25236389
2016-10-05,607.18,2002575.35061917,1316947.96851393
2016-10-06,608.0,1930626.53562686,1335294.42831591
2016-10-07,609.41,1726771.55981533,1140029.908164
2016-10-08,614.74,2171858.80432592,1341669.22650482
2016-10-09,614.46,2056197.68456892,1292901.5453841
2016-10-10,613.06,1606404.44106947,994860.923783746
2016-10-11,614.77,1786321.73846925,1145287.98184433
2016-10-12,638.3,1863429.15164058,1236297.9955292
2016-10-13,635.16,1644958.14765514,1124610.24223968
2016-10-14,634.02,1747768.03188358,1140527.31006577
2016-10-15,638.2,1824875.44505492,1173084.48254233
2016-10-16,636.86,1670660.61871225,1089308.27431962
2016-10-17,638.97,1606404.44106947,1040267.86487848
2016-10-18,635.54,1991941.50692614,1280096.20431063
2016-10-19,635.95,1619255.67659802,1025580.94892297
2016-10-20,627.72,1722065.56082647,1105524.36919576
2016-10-21,628.89,2107602.62668314,1337225.23260072
2016-10-22,629.0,1878507.28210418,1234167.03593925
2016-10-23,653.25,1815470.12498659,1238346.54510843
2016-10-24,649.69,1802862.69356308,1212723.46130469
2016-10-25,643.93,1752432.967869,1198651.51325496
2016-10-26,651.45,1752432.967869,1225525.90699722
2016-10-27,674.63,2042403.89060992,1472099.83342669
2016-10-28,685.0,1916329.57637474,1374557.9766865
2016-10-29,685.91,1878507.28210418,1385240.01796821
2016-10-30,712.0,2130655.91057455,1557511.31311322
2016-10-31,697.23,1853292.41925715,1356064.41434344
2016-11-01,697.01,1815470.12498659,1361972.77932251
2016-11-02,726.6,1676788.3793279,1264758.56416812
2016-11-03,741.12,1966759.30206881,1465722.49495801
2016-11-04,683.69,1462462.04512809,1069025.79055043
2016-11-05,702.71,1885928.48644027,1338541.70057247
2016-11-06,703.48,1949214.67726041,1398507.93276922
2016-11-07,709.96,1847956.77194818,1383893.2973044
2016-11-08,703.23,2139073.24972084,1552167.96521807
2016-11-09,708.15,1860614.01011221,1411825.60284686
2016-11-10,721.5,2126416.01155681,1561547.59528767
2016-11-11,714.48,2063129.82073667,1544865.43788623
2016-11-12,716.2,2126416.01155681,1553329.97702898
2016-11-13,702.28,1809985.0574561,1293790.37331889
2016-11-14,700.38,2177044.96421293,1565494.16935848
2016-11-15,705.03,1974529.15358847,1446536.15839886
2016-11-16,711.73,2177044.96421293,1610431.45475799
2016-11-17,739.42,2012500.86808055,1569383.41259187
2016-11-18,736.84,2073243.13718006,1459383.09526013
2016-11-19,748.98,1989192.73972682,1383144.3251755
2016-11-20,750.71,1807083.54524478,1238419.33684534
2016-11-21,727.09,1961175.94057573,1397668.69518897
2016-11-22,736.97,1877125.54312249,1316852.60132128
2016-11-23,749.26,2059234.73760452,1465121.43453299
2016-11-24,740.17,2297377.53038872,1627500.36901964
2016-11-25,735.64,2129276.73548223,1529894.90367721
2016-11-26,737.07,2157293.53463331,1474013.03718897
2016-11-27,729.91,2017209.5388779,1373271.48889146
2016-11-28,727.31,2297377.53038872,1597296.21486173
2016-11-29,729.45,2115268.33590669,1434742.80343235
2016-11-30,730.02,1989192.73972682,1403948.03317051
2016-12-01,742.05,2045226.33802898,1463645.44942327
2016-12-02,750.81,2052749.31684044,1466287.62234334
2016-12-03,769.99,2451895.01733719,1739298.91235309
2016-12-04,762.97,2109770.13119712,1483715.011258
2016-12-05,762.0,2166790.94555379,1552837.33794235
2016-12-06,750.59,2138280.53837545,1505792.02940228
2016-12-07,758.99,2494660.6281047,1755763.96567812
2016-12-08,766.48,2238066.96349964,1739442.31525962
2016-12-09,767.28,1924452.48453791,1391454.01813442
2016-12-10,769.08,1881686.8737704,1343110.88425076
2016-12-11,772.28,2679978.2747639,1927032.75663099
2016-12-12,768.19,2223811.75991047,1582652.84350321
2016-12-13,777.99,2537426.23887221,1827022.88954622
2016-12-14,778.49,1981473.29889459,1423000.53395811
2016-12-15,777.09,1958064.6377955,1311989.79252931
2016-12-16,775.88,2050571.62855749,1370894.32487847
2016-12-17,781.32,2235585.61008148,1482780.18654429
2016-12-18,787.28,2173914.28290682,1552267.90632871
2016-12-19,788.67,2343510.43263714,1655157.98436667
2016-12-20,791.03,2127660.78752582,1446090.60333747
2016-12-21,801.51,2451435.25519279,1773147.30675459
2016-12-22,834.97,2451435.25519279,1862227.14911738
2016-12-23,860.18,2343510.43263714,1799933.61503585
2016-12-24,913.93,2112242.95573216,1621324.26453935
2016-12-25,892.6,2574777.90954212,1979342.87428383
2016-12-26,890.99,2189332.11470048,1683253.41220312
2016-12-27,896.82,2405181.7598118,2034777.5281031
2016-12-28,930.34,2589949.6705277,2109464.64662514
2016-12-29,975.89,2368856.40597046,1966088.79433389
2016-12-30,970.35,2479403.03824908,1988622.5339292
2016-12-31,958.12,2337271.65389085,1895472.30273961
2017-01-01,964.84,2463610.66220928,1970085.32495516
2017-01-02,997.36,2526780.16636849,2138666.02144959
2017-01-03,1013.42,2589949.6705277,2245225.0916189
2017-01-04,1037.83,2432025.91012967,2332472.03537403
2017-01-05,1109.16,2210932.64557243,2009800.81508544
2017-01-06,999.65,2542572.54240829,1998357.99063241
2017-01-07,891.95,2195140.26953263,1591509.29207556
2017-01-08,906.16,2637326.79864711,1990960.48636603
2017-01-09,910.49,2147763.14141322,1630568.17954383
2017-01-10,896.92,2679581.83959097,1939796.80987879
2017-01-11,903.66,2562350.13410886,1724412.85485079
2017-01-12,780.92,2897297.86405773,1782924.4669254
2017-01-13,805.52,2528855.36111398,1590739.0391092
2017-01-14,825.0,2880550.47756029,1922419.87738231
2017-01-15,819.55,2796813.54507307,1759094.94140748
2017-01-16,822.01,2830308.31806796,1890860.27174246
2017-01-17,830.56,2646087.06659608,1911475.33973285
2017-01-18,906.6,2528855.36111398,1743249.94841247
2017-01-19,885.44,2914045.25055518,2054585.92331712
2017-01-20,903.1,3165256.04801683,2264569.90227644
2017-01-21,895.64,3031276.95603728,2201839.33023417
2017-01-22,921.99,3398969.89226469,2075068.61317516
2017-01-23,922.33,2715269.05186662,1683925.09571495
2017-01-24,919.97,2910612.14912321,1810841.27035711
2017-01-25,883.59,2930146.45884887,1783698.25711042
2017-01-26,893.14,3066886.62692848,1864867.30879591
2017-01-27,915.05,3320832.65336205,2050038.68072294
2017-01-28,918.01,2969215.07830019,1879276.99660809
2017-01-29,918.62,3262229.72418507,2072803.25974792
2017-01-30,912.19,2852009.21994623,1795537.90492621
2017-01-31,920.0,2832474.91022057,1941511.11537906
2017-02-01,964.1,3750587.46732655,2481667.38481435
2017-02-02,983.42,3066886.62692848,2186504.05543344
2017-02-03,1008.67,2910612.14912321,2050478.54314309
2017-02-04,1015.65,3043000.84286989,1975355.92149189
2017-02-05,1034.07,3336807.82080216,2203638.3140676
2017-02-06,1011.08,2623276.58868094,1757705.55725816
2017-02-07,1023.96,3168918.11912658,2175238.10451828
2017-02-08,1052.84,3063987.05557934,2085023.01932909
2017-02-09,1050.7,3546669.94789663,2395178.56798342
2017-02-10,985.34,3105959.48099823,1972446.17663961
2017-02-11,997.59,2917083.5666132,1853403.10750002
2017-02-12,1012.46,2959055.9920321,1849457.27798897
2017-02-13,1000.74,3420752.67163994,2178384.19906273
2017-02-14,1001.2,3546669.94789663,2357500.75735773
2017-02-15,1007.08,2917083.5666132,1906440.00391577
2017-02-16,1011.25,3189904.33183602,2102990.20200481
2017-02-17,1035.2,3168918.11912658,2146125.84434262
2017-02-18,1054.55,3330515.74407375,2210588.07426995
2017-02-19,1056.0,2936112.56385449,2008419.45710556
2017-02-20,1050.87,3242870.59291391,2148454.96743745
2017-02-21,1084.06,3023757.71501432,2107035.34411835
2017-02-22,1125.0,3045669.00280428,2152117.27459859
2017-02-23,1130.01,3286693.16849383,2411188.06820923
2017-02-24,1187.41,3637273.77313317,2699193.33772453
2017-02-25,1180.14,3659185.06092313,2897863.03706052
2017-02-26,1150.37,3900209.22661268,2837916.15793509
2017-02-27,1180.46,3155225.44175408,2365572.16922033
2017-02-28,1194.17,3352427.03186371,2548889.19696578
2017-03-01,1190.89,3155225.44175408,2448421.99923073
2017-03-02,1224.98,3440072.18302354,2775953.23922825
2017-03-03,1257.6,3458650.32318652,2741612.92575066
2017-03-04,1287.0,3069265.84971519,2424004.59063409
2017-03-05,1262.2,3367030.44707561,2599170.73441836
2017-03-06,1271.04,3252505.60193699,2635445.79832531
2017-03-07,1279.5,3504460.26124197,2870767.75288175
2017-03-08,1233.88,3252505.60193699,2442222.93782909
2017-03-09,1155.11,3389935.41610334,2451454.02995886
2017-03-10,1192.09,3573175.16832514,2659880.94752163
2017-03-11,1104.94,3412840.38513106,2432383.77414662
2017-03-12,1176.59,3550270.19929742,2573064.17280145
2017-03-13,1227.68,3321220.50902016,2616524.97282541
2017-03-14,1240.72,3573175.16832514,2813129.1106143
2017-03-15,1246.72,3252505.60193699,2585616.41375917
2017-03-16,1257.0,3504460.26124197,2731477.73133023
2017-03-17,1170.2,3641704.83720129,2500138.20176983
2017-03-18,1068.3,3712647.13922469,2307093.25713339
2017-03-19,967.69,3925474.04529489,2330150.15719242
2017-03-20,1010.99,3216051.02506088,2014133.75075982
2017-03-21,1031.5,3357935.62910768,2221575.56090287
2017-03-22,1113.0,3807236.87525589,2425381.94528102
2017-03-23,1030.2,3499820.23315448,2160694.82563264
2017-03-24,1029.99,4161948.3853729,2405463.76315141
2017-03-25,927.93,3145108.72303748,1714220.76165261
2017-03-26,961.81,3925474.04529489,2211048.92844111
2017-03-27,959.47,3121461.28902967,1843886.29357483
2017-03-28,1041.04,3665352.27120909,2264423.9847332
2017-03-29,1042.77,3263345.89307648,2063813.43903711
2017-03-30,1039.77,4073274.03319987,2413075.13239019
2017-03-31,1034.74,3352999.96635355,2209101.93465589
2017-04-01,1073.09,3278488.85599014,2025106.75893696
2017-04-02,1082.81,3924251.81247304,2378690.40697005
2017-04-03,1079.99,4371318.47465352,2916926.0233745
2017-04-04,1146.98,3104629.59847551,2045569.04519407
2017-04-05,1141.23,4023599.95962426,2673677.81014339
2017-04-06,1133.53,3651044.4078072,2432718.25899512
2017-04-07,1193.73,4023599.95962426,2835523.66877157
2017-04-08,1190.22,3402674.03992916,2302445.27107197
2017-04-09,1184.03,3949088.84926085,2639028.47971234
2017-04-10,1206.18,3675881.444595,2501424.10992396
2017-04-11,1209.99,4147785.14356328,2847416.31547419
2017-04-12,1219.09,3526859.22386818,2459161.23770251
2017-04-13,1212.17,3287972.00662321,2152057.9103319
2017-04-14,1174.43,3598646.52693406,2375849.27766758
2017-04-15,1170.36,3909321.04724491,2472770.08792718
2017-04-16,1190.5,3779873.33044872,2422454.87110332
2017-04-17,1161.1,3572756.98357482,2405342.14992486
2017-04-18,1176.97,3779873.33044872,2573482.22738259
2017-04-19,1201.2,3702204.70037101,2444733.65965674
2017-04-20,1205.0,3598646.52693406,2424413.35644996
2017-04-21,1236.63,4323553.74099272,2938953.71533901
2017-04-22,1243.61,3753983.78708949,2504139.26343094
2017-04-23,1233.24,3961100.13396339,3003304.22483801
2017-04-24,1240.84,3210303.37654549,2166919.0113154
2017-04-25,1253.57,3831652.4171672,2730056.14610532
2017-04-26,1272.67,3961100.13396339,2834899.00327354
2017-04-27,1288.02,3814281.63369607,2802873.46151354
2017-04-28,1330.33,3528859.19852154,2599659.64724063
2017-04-29,1330.7,4488916.48047225,3282240.04874294
2017-04-30,1333.0,3918071.61012318,2841932.31112448
2017-05-01,1354.8,3892124.1160164,3028192.09419664
2017-05-02,1390.86,4099704.06887061,3252918.8674867
2017-05-03,1447.55,3425069.22209443,2801412.84630984
2017-05-04,1501.0,4359179.00993837,3837374.260237
2017-05-05,1537.23,3347226.73977411,2992751.47780483
2017-05-06,1518.75,4359179.00993837,3736751.78381375
2017-05-07,1554.04,4333231.51583159,3798375.63516212
2017-05-08,1558.74,4670548.93921968,4358595.02512714
2017-05-09,1651.1,4021861.58655028,3851908.9605326
2017-05-10,1720.26,4119773.00240534,3872761.35724353
2017-05-11,1774.52,3757901.04949136,3603539.08867485
2017-05-12,1829.0,4286790.82682718,4010123.29189492
2017-05-13,1692.88,4398136.0431084,3887658.1693149
2017-05-14,1770.8,4565153.86753024,4502606.74509519
2017-05-15,1780.0,4732171.69195208,4329595.85547557
2017-05-16,1717.91,3674392.13728044,3642086.24030577
2017-05-17,1708.99,4314627.13089748,4421399.76340616
2017-05-18,1783.98,3952755.1779835,4037060.37897186
2017-05-19,1879.99,4565153.86753024,4815456.24257254
2017-05-20,1957.38,4592990.17160055,4886339.56454024
2017-05-21,2008.84,4091936.69833503,4467333.32139705
2017-05-22,2017.55,4064100.39426473,4964459.57266732
2017-05-23,2099.98,4976737.78165219,5849528.14907328
2017-05-24,2256.32,4562009.63318118,5777645.70954402
2017-05-25,2421.49,4828620.58576969,6652086.79657236
2017-05-26,2277.01,4532386.19400468,5857614.17179412
2017-05-27,2279.82,4976737.78165219,5550225.48785938
2017-05-28,2047.76,4887867.46412269,5637036.09336445
2017-05-29,2177.38,4473139.31565167,5363911.6870551
2017-05-30,2290.02,5302595.6125937,6715480.58337219
2017-05-31,2204.89,4858244.02494618,5896299.59870206
2017-06-01,2298.01,5035984.6600052,6453340.2971392
2017-06-02,2409.93,4325022.11976917,5582333.53083948
2017-06-03,2488.98,5687700.32188822,7556602.02583455
2017-06-04,2541.29,5432357.04184814,6277178.51580928
2017-06-05,2529.53,5533581.08610618,6653843.25890711
2017-06-06,2699.12,5094943.56098801,6998125.22728295
2017-06-07,2872.3,5567322.4341922,7719493.89799982
2017-06-08,2683.03,5567322.4341922,7029707.6002043
2017-06-09,2809.01,5094943.56098801,6703956.91372409
2017-06-10,2825.14,4757530.08012788,6249243.42805614
2017-06-11,2898.63,4926236.82055794,6463254.63954548
2017-06-12,2954.96,4959978.16864396,6495311.58752569
2017-06-13,2656.97,4757530.08012788,6081318.61351558
2017-06-14,2706.0,4723788.73204186,5950179.96751802
2017-06-15,2445.0,5162426.25716004,5519035.46403947
2017-06-16,2424.8,4993719.51672997,5412747.31911236
2017-06-17,2477.94,5129905.64429561,5553872.73489071
2017-06-18,2629.76,5129905.64429561,5352903.24473236
2017-06-19,2522.0,5342177.6019906,5967196.34476597
2017-06-20,2600.0,4882255.02698479,5831891.72450183
2017-06-21,2740.0,4953012.34621645,6054325.83660712
2017-06-22,2658.69,4917633.68660062,5940316.94676479
2017-06-23,2713.48,5660585.53853309,6351539.58948352
2017-06-24,2685.05,5165284.30391144,5726988.95952891
2017-06-25,2557.0,4316196.47313148,4568837.75041699
2017-06-26,2502.03,5023769.66544811,5353248.87332519
2017-06-27,2430.0,4634604.40967396,4795574.54295835
2017-06-28,2558.11,5554449.55968559,6013686.13596844
2017-06-29,2558.3,4245439.15389981,4992120.70897841
2017-06-30,2541.69,5448313.58083809,5808462.21420621
2017-07-01,2476.63,5802100.17699641,5723792.55869157
2017-07-02,2421.26,6622798.79067395,6234521.40998292
2017-07-03,2512.71,5988701.03412006,6150160.47587895
2017-07-04,2549.93,5389830.93070805,5722827.44966135
2017-07-05,2598.89,5248920.31814053,5452524.49486299
2017-07-06,2600.0,5002326.74614734,5302487.88461233
2017-07-07,2599.67,5213692.66499864,5325202.36289879
2017-07-08,2502.86,5812562.76841065,6009727.18023164
2017-07-09,2555.14,4861416.13357982,4856461.58253827
2017-07-10,2509.58,6939847.66895089,6632606.65260221
2017-07-11,2327.09,6094383.99354571,5605340.88589458
2017-07-12,2310.93,6235294.60611324,5756410.92076747
2017-07-13,2388.0,5530741.54327559,5143505.4391091
2017-07-14,2338.49,5559049.84406697,4517081.23146398
2017-07-15,2216.1,5079131.8719173,4159161.40474086
2017-07-16,1972.29,6518885.7883663,4283016.91517419
2017-07-17,1910.96,5918988.32317922,4205460.83287287
2017-07-18,2220.07,6598872.11705791,5318674.73797644
2017-07-19,2300.01,5958981.48752502,4764906.23361071
2017-07-20,2265.21,6478892.62402049,5545614.34077037
2017-07-21,2840.0,6158947.30925405,6018796.60358341
2017-07-22,2672.95,6398906.29532888,6110647.80474536
2017-07-23,2825.51,6878824.26747855,6298100.87074725
2017-07-24,2748.36,7118783.25355338,6819394.90780593
2017-07-25,2759.58,5918988.32317922,5561050.82150866
2017-07-26,2564.3,5878995.15883341,5002271.53846552
2017-07-27,2516.93,6585327.48529789,5771434.9816966
2017-07-28,2656.53,6414280.01814729,5722925.45554355
2017-07-29,2784.8,6713613.08566083,5834980.15888111
2017-07-30,2704.53,6285994.41778435,5356955.02068304
2017-07-31,2738.92,6200470.68420905,5611505.18567494
2017-08-01,2862.9,6371518.15135964,5340232.19381795
2017-08-02,2731.34,6499803.75172259,5580585.36103613
2017-08-03,2699.39,5901137.61669551,5137047.94922252
2017-08-04,2790.0,7654374.1549891,6640166.26029489
2017-08-05,2856.52,7568850.42141381,7486508.3617512
2017-08-06,3250.77,5986661.3502708,5937807.54411719
2017-08-07,3210.2,6542565.61851024,6910134.93728859
2017-08-08,3380.5,7012946.15317437,7561715.6925808
2017-08-09,3408.75,6333394.73736857,6474128.57297675
2017-08-10,3340.28,6149818.07831441,6425354.78193725
2017-08-11,3413.41,6608759.72594982,7518972.01439316
2017-08-12,3650.0,6195712.24307795,7177458.75281039
2017-08-13,3868.52,6792336.38500398,8678087.32745057
2017-08-14,4073.76,5966241.41926025,7951134.22504383
2017-08-15,4315.66,6975913.04405814,9519693.7153427
2017-08-16,4179.97,5966241.41926025,8485087.62084421
2017-08-17,4375.8,8215055.49267373,11714248.9006644
2017-08-18,4279.79,6838230.54976752,9384491.83962616
2017-08-19,4104.71,6930018.8792946,8768479.01278978
2017-08-20,4146.09,5966241.41926025,7630711.0097859
2017-08-21,4054.6,5277828.94780714,6995369.37030488
2017-08-22,3986.28,4084580.66395509,5699902.8638271
2017-08-23,4090.89,7297172.19740292,10516192.9367837
2017-08-24,4133.67,4459277.5076504,7293876.044236
2017-08-25,4331.77,4459277.5076504,7365237.84019435
2017-08-26,4357.77,4635882.55745833,7490392.364138
2017-08-27,4339.82,6843445.68005754,9978452.55324677
2017-08-28,4339.05,5695512.85630595,8575624.62760921
2017-08-29,4376.66,6578538.10534563,10414805.8736964
2017-08-30,4594.54,7417412.09193333,11654892.529929
2017-08-31,4582.52,7196655.77967341,11477924.6362609
2017-09-01,4732.87,7682319.66664524,12687490.9230696
2017-09-02,4908.41,7240807.04212539,11028567.4852437
2017-09-03,4585.57,6799294.41760555,9941124.52617333
2017-09-04,4603.54,7726470.92909722,11230260.0600448
2017-09-05,4202.91,8697798.70304087,12122198.042234
2017-09-06,4385.02,7430760.7659943,10596679.5576122
2017-09-07,4612.12,8072925.27663579,11388138.0706551
2017-09-08,4613.84,8027056.38301854,11151766.5641362
2017-09-09,4312.26,7751843.02131504,9960595.28251571
2017-09-10,4330.87,6329907.31918033,7986083.41753111
2017-09-11,4232.93,7981187.48940129,9856433.08844799
2017-09-12,4198.59,8623352.00004277,10615411.2036899
2017-09-13,4169.94,8715089.78727727,10157696.5552383
2017-09-14,3865.22,7981187.48940129,8831890.22231134
2017-09-15,3216.43,8256400.85110478,8179314.31459802
2017-09-16,3707.5,7751843.02131504,8409604.1044016
2017-09-17,3689.11,8072925.27663579,8420246.46027889
2017-09-18,3678.53,6965995.45167762,6915897.47097349
2017-09-19,4092.07,8556655.83040715,8616020.84684647
2017-09-20,3899.35,6417491.87280536,6356831.37323994
2017-09-21,3894.48,9653662.98815166,8852045.82866589
2017-09-22,3600.92,7624199.74632432,6725660.40718536
2017-09-23,3604.79,9105159.40927941,8189263.43790887
2017-09-24,3777.62,7953301.89364767,6998744.17063086
2017-09-25,3666.31,6856294.73590317,6662197.50759276
2017-09-26,3931.98,7569349.3884371,7447375.63477086
2017-09-27,3881.0,8063002.60942212,7976853.33046631
2017-09-28,4204.51,9708513.34603889,9951711.28319571
2017-09-29,4189.38,9269710.48294108,9243216.05366442
2017-09-30,4164.27,7569349.3884371,7783987.87833436
2017-10-01,4354.16,7130546.52533929,7508761.40733887
2017-10-02,4405.01,8380132.03961296,9042032.79197735
2017-10-03,4394.07,10223761.0883278,10862816.3669827
2017-10-04,4308.33,7486251.28872091,7937087.7926728
2017-10-05,4211.55,6983443.36634413,7562750.52994914
2017-10-06,4318.58,8882939.96198973,9444311.29584243
2017-10-07,4369.57,8827072.41505898,9178387.06113139
2017-10-08,4439.46,10167893.5413971,10982026.6986365
2017-10-09,4605.66,8994675.05585124,10167276.2906667
2017-10-10,4773.84,8938807.50892049,10589103.2255027
2017-10-11,4776.5,7765589.02337467,9171956.33224448
2017-10-12,4822.17,8547734.68040521,10642773.5937714
2017-10-13,5435.75,7597986.38258241,11205665.7502199
2017-10-14,5636.24,7877324.11723618,11510644.7555848
2017-10-15,5825.99,11601113.0653046,14834968.3667177
2017-10-16,5691.69,10351762.4275025,13619475.7440538
2017-10-17,5764.24,9756833.55235872,13032444.8256605
2017-10-18,5594.66,8983426.01467175,11245621.2524095
2017-10-19,5571.92,10589733.9775601,13803228.0972498
2017-10-20,5697.16,10649226.8650745,13887260.4956728
2017-10-21,5986.44,9102411.78970051,12830906.7197494
2017-10-22,6012.65,10827705.5276176,14386157.8993985
2017-10-23,5982.49,10173283.7649594,13668326.7206145
2017-10-24,5900.59,9935312.21490186,13135948.051234
2017-10-25,5510.76,11006184.1901607,13615215.0956177
2017-10-26,5732.35,12999790.2869909,14196709.0848065
2017-10-27,5889.82,7510989.94359475,8529517.93616475
2017-10-28,5769.89,6138789.85774571,7127115.61427759
2017-10-29,5728.65,11122042.8010922,13129615.2522256
2017-10-30,6136.49,10616495.4010426,12873410.4360565
2017-10-31,6133.16,9966505.88669303,12195846.9847584
2017-11-01,6416.07,7872095.2293445,14990408.2326317
2017-11-02,6751.98,10833158.5724924,15012708.8262624
2017-11-03,7024.56,8594305.80084399,12745769.1613126
2017-11-04,7213.04,9388737.42949343,14231239.1618025
2017-11-05,7365.99,10183169.0581429,15064674.2892577
2017-11-06,7392.51,9605400.60094328,13802573.4124617
2017-11-07,6960.58,11266484.9153921,15916555.6435329
2017-11-08,7128.64,10399832.2295927,15423711.1757483
2017-11-09,7468.44,11049821.7439423,16678466.0012752
2017-11-10,7092.42,8139094.7449613,12713071.4989362
2017-11-11,6569.22,5426063.16330753,8785091.45149512
2017-11-12,6340.89,5426063.16330753,9479344.92774956
2017-11-13,5890.08,9495610.53578818,16209519.4612957
2017-11-14,6493.63,8681701.06129205,14792712.3267353
2017-11-15,6592.73,10309520.0102843,17885007.8421946
2017-11-16,7279.78,10309520.0102843,17978355.3482826
2017-11-17,7868.77,11326906.8534045,19741865.1639389
2017-11-18,7718.2,9224307.3776228,15573684.4202293
2017-11-19,7791.3,10852126.3266151,17836891.9126454
2017-11-20,8049.72,11869513.1697352,20867770.6104635
2017-11-21,8242.81,11733861.5906525,20674487.3514705
2017-11-22,8095.88,8342572.11358533,17481272.6055298
2017-11-23,8236.72,10648648.957991,18447902.2439344
2017-11-24,8043.31,9977010.84137572,17352431.9783599
2017-11-25,8212.78,10445729.4715075,18139440.136098
2017-11-26,8768.8,10244850.0585939,19771137.9101486
2017-11-27,9311.7,11383166.7317709,22731345.2947229
2017-11-28,9717.32,10445729.4715075,21683705.0389404
2017-11-29,9919.0,11584046.1446846,26294380.2040648
2017-11-30,9646.35,11182287.3188573,23742417.1937056
2017-12-01,9988.19,12253644.1877299,25856448.1705625
2017-12-02,10879.88,10780528.4930301,24108052.6110006
2017-12-03,10912.87,11784925.5575982,27678238.9264086
2017-12-04,11179.52,12119724.5791208,28891001.9578248
2017-12-05,11591.22,11918845.1662072,29210388.2872577
2017-12-06,11660.41,14867776.0589056,33116592.8460115
2017-12-07,13843.93,11941671.1962486,34256501.8456203
2017-12-08,16860.88,12337090.7722833,41311081.4101853
2017-12-09,15875.27,13760601.2460083,42165253.3814881
2017-12-10,14652.37,12969762.0939389,38120250.2377464
2017-12-11,15068.95,13523349.5003875,44253709.9617747
2017-12-12,16732.72,12337090.7722833,42937956.7643401
2017-12-13,16916.8,14709608.2284917,50475052.9011524
2017-12-14,16252.31,14630524.3132847,49974171.3334026
2017-12-15,16408.15,13365181.6699736,48342967.7609509
2017-12-16,17507.86,13523349.5003875,49815223.7422835
2017-12-17,19279.9,14630524.3132847,55498368.9347384
2017-12-18,18905.26,16946489.2356708,54532107.9700656
2017-12-19,18911.79,13035760.950516,44228748.1746236
2017-12-20,17382.94,12663310.6376441,44203326.9660163
2017-12-21,16357.24,12290860.3247722,46165232.3021406
2017-12-22,15521.07,14432449.6237856,48973790.4176209
2017-12-23,13776.61,12942648.372298,41645027.4925059
2017-12-24,14121.53,14153111.8891317,38398460.7292659
2017-12-25,13554.31,12570198.0594261,33837650.8285438
2017-12-26,13740.94,13221986.1069519,38650262.934002
2017-12-27,15677.99,14525562.2020035,43901419.4766467
2017-12-28,15422.19,13873774.1544777,37806663.7832782
2017-12-29,14214.01,15363575.4059653,41872625.551997
2017-12-30,14413.54,13687548.9980418,34517255.3487837
2017-12-31,12612.54,15177350.2495293,34803527.1470655
2018-01-01,13796.0,14975580.9596883,32858099.4405417
2018-01-02,13374.98,16415540.6673506,39946758.985841
2018-01-03,14793.46,15071578.2735325,41037010.8705439
2018-01-04,15039.24,16127548.7258182,42724771.8663199
2018-01-05,15169.66,13727615.8797143,39205380.0155258
2018-01-06,16914.73,16127548.7258182,46563789.9760972
2018-01-07,17155.95,15551564.8427532,44912742.3337695
2018-01-08,16192.91,15935554.0981299,42902516.8338494
2018-01-09,14962.63,15743559.4704415,43234479.1223377
2018-01-10,14437.42,15935554.0981299,39636974.2597653
2018-01-11,14882.86,18527481.5719221,43029257.7252294
2018-01-12,13285.55,17087521.8642597,38771602.2774424
2018-01-13,13791.19,16501289.1137539,34057401.8694134
2018-01-14,14246.18,17165770.5545763,33285730.8286788
2018-01-15,13583.83,16612036.0205577,33038806.9201573
2018-01-16,13554.14,17608758.1817911,31344417.4170149
2018-01-17,11307.27,18494733.4362209,31114647.1407057
2018-01-18,11091.26,19159214.8770432,32739932.5047795
2018-01-19,11174.82,18273239.6226134,30328455.6576096
2018-01-20,11506.51,19712949.4110618,33422916.9660763
2018-01-21,12744.58,20709671.5722952,31881234.2280697
2018-01-22,11513.42,18494733.4362209,27049040.6377818
2018-01-23,10770.49,19602202.504258,26654950.1831213
2018-01-24,10831.49,19491455.5974543,27243321.4419195
2018-01-25,11392.03,20445148.5647756,24802466.4469755
2018-01-26,11150.79,20056949.5413938,23885798.1844209
2018-01-27,11094.24,20315748.890315,23938854.8917502
2018-01-28,11431.37,20445148.5647756,25365404.7629694
2018-01-29,11742.33,19151151.8201696,22393670.4573925
2018-01-30,11186.12,21609745.6349211,24473743.4213841
2018-01-31,10082.52,15139761.9118908,16505765.2319171
2018-02-01,10204.0,20703947.9136968,21564268.9326553
2018-02-02,9098.27,21739145.3093817,20349765.9537948
2018-02-03,8852.73,20445148.5647756,19143008.6973898
2018-02-04,9224.62,23033142.0539877,20590452.2721636
2018-02-05,8202.06,23938939.775212,19165215.2614707
2018-02-06,6925.46,24293141.3193202,15587109.3084814
2018-02-07,7712.37,20149017.2119067,15016975.9975587
2018-02-08,7585.17,18720008.8990056,14093910.2289136
2018-02-09,8245.08,19291612.224166,14654771.0556346
2018-02-10,8688.86,20434818.874487,17003760.4952525
2018-02-11,8561.0,21578025.5248079,16243960.9275333
2018-02-12,8068.02,23721537.9941597,18718332.5740756
2018-02-13,8895.72,23435736.3315795,18275325.065837
2018-02-14,8527.87,25579248.8009313,20752674.9936762
2018-02-15,9471.64,18720008.8990056,16956455.4438234
2018-02-16,10033.77,22435430.5125487,20250868.4877061
2018-02-17,10178.56,21292223.8622277,20350444.8424035
2018-02-18,11085.83,23149934.6689992,23072914.4326253
2018-02-19,10392.46,23149934.6689992,23360784.6795428
2018-02-20,11171.78,21079198.6660777,20908106.0649931
2018-02-21,11245.98,25265138.8267172,23304639.0999643
2018-02-22,10485.78,22275181.5691176,19598925.7553184
2018-02-23,9850.78,22125683.7062376,19432244.5627423
2018-02-24,10171.3,21677190.1175976,18950033.89873
2018-02-25,9699.76,25564134.5524772,21134989.7819502
2018-02-26,9582.29,21079198.6660777,18189790.7038972
2018-02-27,10319.46,23919658.0607974,21628887.7869834
2018-02-28,10628.61,23172168.7463975,21634661.2243493
2018-03-01,10332.14,24667147.3751973,23098876.8038155
2018-03-02,10931.12,23321666.6092775,22178930.8207862
2018-03-03,11040.53,26909615.3183971,26214536.4268542
2018-03-04,11453.34,22125683.7062376,21193664.6514841
2018-03-05,11516.83,24372959.7309369,21974887.3290891
2018-03-06,11442.48,25517998.1075581,21958387.1614346
2018-03-07,10727.69,25681575.018504,21157511.2468039
2018-03-08,9920.46,26499459.5732334,20427544.5522535
2018-03-09,9324.5,23882228.9980992,16855150.3795833
2018-03-10,9262.8,22900767.5324239,16539689.0997224
2018-03-11,8777.37,25027267.3747204,18210037.1103318
2018-03-12,9538.93,26335882.6622875,19331971.3140078
2018-03-13,9130.0,25845151.9294498,18857575.5936039
2018-03-14,9153.54,23555075.1762075,16628207.7251464
2018-03-15,8214.99,23555075.1762075,14891789.5575998
2018-03-16,8263.34,25517998.1075581,16433524.3290414
2018-03-17,8297.89,24372959.7309369,15253956.5768365
2018-03-18,7885.08,25990711.2963892,14858429.9832526
2018-03-19,8214.46,26679206.9598697,16605902.4023534
2018-03-20,8605.64,21859737.3155061,14186967.874644
2018-03-21,8909.95,26162835.2122593,17547837.7941897
2018-03-22,8909.26,24613719.9694282,15970290.9102052
2018-03-23,8725.37,22892480.8107269,14416156.914284
2018-03-24,8917.48,26851330.8757398,17932503.4804805
2018-03-25,8533.76,23236728.6424672,14782031.2754538
2018-03-26,8457.96,25818587.3805191,15836955.2390767
2018-03-27,8146.5,26162835.2122593,15343941.6498773
2018-03-28,7797.25,23236728.6424672,13721935.6203732
2018-03-29,7950.61,26162835.2122593,14889676.7701514
2018-03-30,7099.17,27884074.3709606,14139824.0095985
2018-03-31,6854.19,22031861.2313763,11496221.1522506
2018-04-01,6937.56,28274794.2168317,13925230.1575455
2018-04-02,6827.54,27227579.6162083,13937108.1865593
2018-04-03,7065.29,28449329.9836022,15280200.9895155
2018-04-04,7426.48,25656757.7152732,13317444.6543738
2018-04-05,6810.71,27227579.6162083,13335649.4596023
2018-04-06,6786.66,24085935.8143381,11856536.2728565
2018-04-07,6634.68,31416438.0187018,15810472.7254065
2018-04-08,6910.12,28100258.4500611,14381384.2556293
2018-04-09,7029.71,25656757.7152732,12870549.029244
2018-04-10,6784.41,28623865.7503728,14212196.9640589
2018-04-11,6849.3,28100258.4500611,14153735.4143258
2018-04-12,6955.36,26878508.0826671,14467514.3872462
2018-04-13,7941.46,28798401.5171434,16743292.6560078
2018-04-14,7895.25,26146926.5194725,13886865.8879943
2018-04-15,8013.91,31109116.953825,17099064.2208301
2018-04-16,8368.1,26910340.4324498,14466032.4235628
2018-04-17,8069.03,30918263.4755807,16690427.1207468
2018-04-18,7907.19,30536556.519092,16302064.2693652
2018-04-19,8175.96,33971919.1274899,18490345.7646953
2018-04-20,8288.12,26146926.5194725,14670398.2209767
2018-04-21,8876.51,30345703.0408477,18417858.1100073
2018-04-22,8930.6,30536556.519092,18212921.6189653
2018-04-23,8812.76,29200582.1713817,17276582.7361094
2018-04-24,8952.68,30345703.0408477,19313819.5456429
2018-04-25,9658.11,23474977.824052,15079053.7777244
2018-04-26,8870.14,26910340.4324498,16228099.344968
2018-04-27,9294.67,28391145.8892854,16863598.9093141
2018-04-28,8928.55,25592018.8297784,15653776.3788926
2018-04-29,9349.41,31590148.2430077,19062958.9541718
2018-04-30,9398.4,30990335.3016848,18355130.6040407
2018-05-01,9239.55,31590148.2430077,18261853.150436
2018-05-02,9074.98,27991270.5950701,16550285.1275183
2018-05-03,9220.76,30190584.7132542,18065019.7593026
2018-05-04,9753.35,27591395.3008549,17306276.9658842
2018-05-05,9696.13,32189961.1843307,20833828.1418501
2018-05-06,9837.92,27391457.6537472,16838802.1726855
2018-05-07,9631.44,29990647.0661466,18103183.2869905
2018-05-08,9369.16,27791332.9479625,16408115.8781141
2018-05-09,9186.69,31990023.537223,19367520.3701015
2018-05-10,9310.37,30790397.6545772,19067802.4806501
2018-05-11,9015.88,26161151.1691398,14126392.4253011
2018-05-12,8396.83,33988897.1882526,18033347.7293567
2018-05-13,8463.52,30487010.8112811,15995382.6618611
2018-05-14,8691.46,27191117.750602,14739381.0305533
2018-05-15,8671.51,30075024.1786962,16103188.3153369
2018-05-16,8471.06,36872803.6163467,19398271.8614679
2018-05-17,8343.27,27191117.750602,14350337.7490409
2018-05-18,8063.86,30487010.8112811,15763512.3289478
2018-05-19,8239.08,31722970.7090357,16144063.7583699
2018-05-20,8242.07,29663037.5461113,15235623.0821206
2018-05-21,8520.59,32340950.657913,17282837.0820059
2018-05-22,8396.63,31104990.7601584,15794378.6165236
2018-05-23,7987.38,33370917.2393752,15983293.2896781
2018-05-24,7511.91,30616246.3183454,13875883.1127304
2018-05-25,7576.78,37681533.9302713,16707898.3872744
2018-05-26,7465.12,34684139.1858179,15506006.4825006
2018-05-27,7334.71,35112338.4350255,15313094.104962
2018-05-28,7344.56,33399541.438195,14547701.9131361
2018-05-29,7106.06,29759847.8199301,12836137.4531791
2018-05-30,7457.02,37253334.6810636,16513656.6717777
2018-05-31,7386.72,36396936.1826484,16302254.4158229
2018-06-01,7489.66,35540537.6842331,15642337.9880188
2018-06-02,7518.67,32543142.9397797,14536335.5297674
2018-06-03,7637.14,34898238.8104217,16165187.1658882
2018-06-04,7713.85,39180231.302498,17479742.989664
2018-06-05,7495.47,42980660.1034435,16505061.8327038
2018-06-06,7619.43,36103754.4868926,14329592.5450201
2018-06-07,7653.96,35121339.3988139,13918250.6520602
2018-06-08,7687.37,35612546.9428532,14114417.177542
2018-06-09,7615.54,35121339.3988139,13978762.823424
2018-06-10,7497.1,31191679.046499,11638700.4682901
2018-06-11,6762.1,34384528.0827548,11987207.9874201
2018-06-12,6879.31,35612546.9428532,12573789.8257324
2018-06-13,6553.0,35121339.3988139,11932624.9425915
2018-06-14,6299.89,37577377.1190106,12563621.7041841
2018-06-15,6637.41,37577377.1190106,13178785.7305518
2018-06-16,6391.16,40770226.1552664,13504867.2356099
2018-06-17,6488.68,38559792.2070893,13246220.7271786
2018-06-18,6445.79,40279018.6112271,13469448.2687865
2018-06-19,6712.5,39122596.140543,13569989.109128
2018-06-20,6743.41,39122596.140543,14482144.8535347
2018-06-21,6760.83,42908653.8315633,14808109.3756117
2018-06-22,6719.79,38112980.7562709,12460024.7147648
2018-06-23,6059.3,40384615.3708831,13084984.3584379
2018-06-24,6170.46,43161057.6776313,13455402.0964478
2018-06-25,6157.04,39627403.832679,12514807.2617257
2018-06-26,6249.62,36850961.5259308,11522845.2247558
2018-06-27,6097.46,30540865.3742303,9410792.753692
2018-06-28,6143.97,39627403.832679,12428430.3582216
2018-06-29,5878.14,38112980.7562709,11427014.5125669
2018-06-30,6223.28,35588942.2955907,11359646.682706
2018-07-01,6408.91,37103365.3719988,11937510.4443779
2018-07-02,6365.66,37594816.2562869,11654033.0293607
2018-07-03,6626.44,30929068.6931155,9914650.33867422
2018-07-04,6518.97,35728406.9385989,11310340.4852283
2018-07-05,6602.32,36528296.6461795,11406742.2965554
2018-07-06,6555.51,42660784.4042972,13385359.5510441
2018-07-07,6628.59,41594264.7941898,13246362.8842491
2018-07-08,6778.38,42127524.5992435,13573744.7619332
2018-07-09,6724.04,36261666.7436526,11538923.6101558
2018-07-10,6682.68,39727855.4765018,12706743.0565668
2018-07-11,6329.27,35995036.8411258,11007393.2006476
2018-07-12,6403.18,37594816.2562869,11243498.5172732
2018-07-13,6239.47,38128076.0613406,11580161.27454
2018-07-14,6220.1,35461777.0360721,10454811.3292918
2018-07-15,6248.84,35461777.0360721,10753180.2948952
2018-07-16,6348.09,31995588.3032229,9907260.87328925
2018-07-17,6732.81,40931868.4915103,14162648.5568392
2018-07-18,7321.62,44793365.5190113,17110731.1022447
2018-07-19,7371.11,44021066.1135111,16004613.1001464
2018-07-20,7473.9,39644702.8156767,14466795.3986963
2018-07-21,7334.99,35268339.5178422,12868685.0037298
2018-07-22,7408.99,46852830.6003451,17426428.2747925
2018-07-23,7406.66,42733900.4376774,16326406.797981
2018-07-24,7715.1,40931868.4915103,16222402.2983168
2018-07-25,8418.11,45565664.9245115,18521932.1199499
2018-07-26,8171.65,42476467.3025107,17302326.280585
2018-07-27,7939.81,42991333.5728441,17336563.9502542
2018-07-28,8178.33,37327804.5991761,15379062.9397877
2018-07-29,8219.92,50277183.1008373,17783188.6373367
2018-07-30,8220.91,39630250.2088953,13844660.4345173
2018-07-31,8171.49,43474975.9754299,14743282.0602165
2018-08-01,7735.28,44362220.3830918,14364964.4006987
2018-08-02,7607.7,45249464.7907536,14896249.0194185
2018-08-03,7535.88,49094190.5572882,15553038.2159899
2018-08-04,7414.77,52051671.9161698,16086605.4056142
2018-08-05,7011.28,47319701.7419725,14248433.3225004
2018-08-06,7032.3,38743005.80124,11561668.3213017
2018-08-07,6937.23,44657968.5189865,13496173.2906021
2018-08-08,6718.23,46432457.3343105,12946324.4208638
2018-08-09,6277.59,44066472.2472119,12039937.0283364
2018-08-10,6532.36,52051671.9161698,14364533.2889265
2018-08-11,6138.96,52376369.8984008,13368973.044828
2018-08-12,6227.85,49230273.0794216,12290113.44632
2018-08-13,6313.42,47642199.754279,12178415.4735653
2018-08-14,6252.13,43195594.4438796,10463532.7086275
2018-08-15,6189.97,51135961.0695928,13104013.770886
2018-08-16,6270.67,50183117.0745072,12659503.8533433
2018-08-17,6312.75,48277429.084336,12438186.3901863
2018-08-18,6577.74,50818346.4045642,13176949.401446
2018-08-19,6394.18,46054126.4291363,11859087.978662
2018-08-20,6486.58,47642199.754279,12603282.3247694
2018-08-21,6262.64,47006970.4242219,11982908.8447179
2018-08-22,6472.41,50818346.4045642,13754538.29512
2018-08-23,6354.57,47324585.0892504,12091834.7282683
2018-08-24,6525.96,47211617.4407006,12238689.2251961
2018-08-25,6691.39,45145645.9144977,11462792.4453193
2018-08-26,6738.27,57853309.2089489,14782108.510734
2018-08-27,6707.96,61866255.5124598,16066331.7938682
2018-08-28,6901.26,51165065.369764,13671393.3547545
2018-08-29,7078.19,46483294.6823347,12427793.5368428
2018-08-30,7032.13,51499477.5617233,13524159.9511415
2018-08-31,6986.54,51833889.7536825,13715513.6566594
2018-09-01,7018.78,50496240.9858456,13547550.913617
2018-09-02,7197.43,48155355.6421309,13150417.7856014
2018-09-03,7291.84,48155355.6421309,13221829.9042709
2018-09-04,7265.08,42135936.1868645,11701743.2339903
2018-09-05,7359.19,44142409.33862,11985554.4900887
2018-09-06,6695.32,50161828.7938863,12250781.5532615
2018-09-07,6501.19,52673943.1674501,12582725.3198711
2018-09-08,6399.85,52338942.9548846,12048687.1478142
2018-09-09,6184.06,56874984.6776413,13080457.3585849
2018-09-10,6240.98,47105048.6593962,10889256.6129215
2018-09-11,6306.59,49198606.3775916,11243962.7129766
2018-09-12,6283.54,58619616.1094708,13463775.4691272
2018-09-13,6326.04,51641090.3821529,12034014.0992328
2018-09-14,6479.6,46058269.8002985,11020990.7438311
2018-09-15,6487.12,48849680.0912257,11500218.9046532
2018-09-16,6522.39,48500753.8048598,11508923.5203562
2018-09-17,6497.37,47105048.6593962,10885340.8378286
2018-09-18,6253.99,49547532.6639575,11443545.954193
2018-09-19,6342.39,54432500.67308,13390617.4929546
2018-09-20,6389.3,53827510.7460175,12451118.6507425
2018-09-21,6496.02,51200543.8778585,12165754.7145117
2018-09-22,6756.12,55111696.535195,13446563.414452
2018-09-23,6718.7,53333899.8727693,12664817.2593975
2018-09-24,6705.66,52622781.2077991,12554837.9484404
2018-09-25,6583.45,60089527.1899868,14010771.0450735
2018-09-26,6432.71,49422747.2154329,11668565.4156512
2018-09-27,6459.35,50844984.5453734,11811663.0811172
2018-09-28,6686.08,54756137.2027098,13204326.5707306
2018-09-29,6628.66,54045018.5377396,12553831.9780196
2018-09-30,6592.64,57956171.195076,13520452.4014684
2018-10-01,6611.02,56178374.5326503,13302756.841859
2018-10-02,6586.58,48711628.5504627,11376483.8858544
2018-10-03,6521.31,51556103.2103437,12003041.5148518
2018-10-04,6483.73,54911962.6283177,12562461.6316862
2018-10-05,6568.14,48176505.2061266,10781240.5783847
2018-10-06,6620.63,46323562.6981987,10527206.7148305
2018-10-07,6573.62,52623567.2251537,12012909.058277
2018-10-08,6588.93,50029447.7140546,11390596.3257734
2018-10-09,6641.33,48176505.2061266,10819341.6623845
2018-10-10,6626.85,53364744.2283249,11849538.474848
2018-10-11,6581.07,58923571.7521087,12798532.0061516
2018-10-12,6207.79,48917682.2092978,10340801.3185147
2018-10-13,6247.0,52252978.7235681,11153382.1683486
2018-10-14,6265.9,42247089.1807572,8943885.14525063
2018-10-15,6265.16,60035337.2568655,13207214.2058592
2018-10-16,6599.17,50029447.7140546,10986126.9450593
2018-10-17,6616.45,51141213.2188113,11388324.9367584
2018-10-18,6595.51,50951835.5499124,11365265.4685435
2018-10-19,6509.61,50702736.5834647,11605843.6408558
2018-10-20,6463.58,51059798.1087004,11688690.9616224
2018-10-21,6504.92,49274490.4825221,11177638.2230549
2018-10-22,6504.78,55344536.4115284,12520199.9094473
2018-10-23,6493.89,54987474.8862927,12421483.0739698
2018-10-24,6476.85,40347952.3516304,9185666.64055766
2018-10-25,6489.77,48917428.9572864,11078368.7086216
2018-10-26,6466.29,51059798.1087004,11721332.382434
2018-10-27,6472.17,48560367.4320507,11140721.6138833
2018-10-28,6457.21,49988613.5329934,11312884.7907702
2018-10-29,6449.37,52130982.6844074,11701707.396594
2018-10-30,6307.51,54987474.8862927,12343537.160952
2018-10-31,6301.61,58201028.6134137,12904937.9077428
2018-11-01,6338.78,54988709.7918046,12416572.2474633
2018-11-02,6373.08,51070835.0767129,11791348.731355
2018-11-03,6390.42,57499331.7996558,12840788.9076941
2018-11-04,6361.3,44285199.6469399,9959012.66897705
2018-11-05,6454.0,51070835.0767129,11736833.1320736
2018-11-06,6437.76,45713754.4742605,10388473.3176845
2018-11-07,6477.84,46428031.8879208,10876602.4539338
2018-11-08,6536.83,43213783.5264494,9902899.04333268
2018-11-09,6444.97,45356615.7674304,10262802.9310726
2018-11-10,6377.4,46785170.594751,10836466.3614449
2018-11-11,6388.46,52142251.1972034,11660743.772251
2018-11-12,6408.53,49999418.9562224,11404614.5659448
2018-11-13,6384.75,42856644.8196192,9557212.46284918
2018-11-14,6358.25,48213725.4220716,10486098.1233794
2018-11-15,5756.77,45356615.7674304,8932985.47548184
2018-11-16,5658.73,44946674.6331138,8908268.51787117
2018-11-17,5592.58,47956936.4976083,10338423.7285062
2018-11-18,5572.44,40680711.6496954,8599720.95927254
2018-11-19,5616.29,41672924.1289562,8462806.97951401
2018-11-20,4848.78,43657349.0874779,7923554.71569229
2018-11-21,4491.98,34727436.7741302,6049615.52431331
2018-11-22,4616.44,40349974.1566084,6996199.90465438
2018-11-23,4312.31,41342186.6358693,6900149.06328676
2018-11-24,4352.98,47295461.5114344,7770115.71803217
2018-11-25,3862.01,42003661.6220432,6188075.90968278
2018-11-26,4010.72,36711861.7326519,5473562.85458386
2018-11-27,3793.35,43326611.594391,6208586.79845478
2018-11-28,3828.45,39027024.1842606,6083835.51046033
2018-11-29,4256.55,34727436.7741302,5723625.76989976
2018-11-30,4278.77,33404486.8017824,5401820.88924666
2018-12-01,4013.52,41011449.1427823,6537919.26876445
2018-12-02,4188.09,37704074.2119128,5968275.42689432
2018-12-03,4140.6,35101305.9820655,5738092.55036062
2018-12-04,3894.21,38734427.5898666,7036398.75283324
2018-12-05,3956.94,36488953.5266859,6291958.87095126
2018-12-06,3744.98,37892374.8161739,6343227.25560129
2018-12-07,3484.94,31998005.4003246,4960658.03065221
2018-12-08,3425.69,35646900.7529932,5447972.13209918
2018-12-09,3453.66,35927585.0108908,5614631.98059117
2018-12-10,3588.44,34804847.9793004,5539420.91983261
2018-12-11,3472.98,35085532.237198,5337996.89872892
2018-12-12,3407.28,33682110.9477101,5160390.73972739
2018-12-13,3487.73,36769637.7845835,5827864.07679684
2018-12-14,3308.11,40979901.6530473,5982323.51585555
2018-12-15,3242.42,41821954.42674,6057975.8545267
2018-12-16,3231.91,32278689.6582222,4666604.25778655
2018-12-17,3246.64,44909481.2636135,6740883.10593796
2018-12-18,3556.54,35766529.4260719,5692744.16182017
2018-12-19,3714.09,37822407.4037378,7089582.70129913
2018-12-20,3734.55,34268624.157749,6721946.32294331
2018-12-21,4135.19,35537832.4598879,7076086.73385245
2018-12-22,3899.83,44422290.5748598,8594155.30261391
2018-12-23,4031.85,44676132.2352876,8916949.29743681
2018-12-24,3995.17,38583932.3850211,8231393.77197834
2018-12-25,4075.15,40360824.0080155,7569827.66594972
2018-12-26,3821.52,39853140.68716,7478293.74229318
2018-12-27,3848.21,44168448.9144321,8145258.25043105
2018-12-28,3638.9,42391557.2914377,7898836.22197374
2018-12-29,3923.19,35030149.1390323,6745781.21785835
2018-12-30,3770.36,44676132.2352876,8578278.95546906
2018-12-31,3865.26,40440248.2951255,7453243.5205335
2019-01-01,3737.91,41615985.2733737,7012103.64869832
2019-01-02,3855.88,42174589.1025465,7474829.0609802
2019-01-03,3931.31,43291796.7608921,7679486.80141432
2019-01-04,3822.87,41615985.2733737,7115351.21898818
2019-01-05,3856.62,45526212.0775833,8052390.56037927
2019-01-06,3831.94,39381569.9566825,7171471.57828049
2019-01-07,4071.77,39381569.9566825,7286414.81783128
2019-01-08,4032.25,47202023.5651017,8944897.01275319
2019-01-09,4020.97,45805513.9921697,8518054.36444044
2019-01-10,4016.92,43571098.6754785,7609635.02307813
2019-01-11,3646.25,41336683.3587873,6809814.94266555
2019-01-12,3656.9,38543664.2129233,6407919.17001489
2019-01-13,3637.31,38264362.2983369,6266417.92080623
2019-01-14,3531.96,43423390.2168908,6736884.25294018
2019-01-15,3682.48,38609293.9848521,6183026.05905401
2019-01-16,3600.16,38901788.6362525,6073704.51253915
2019-01-17,3621.43,37146820.7278501,5891153.31180589
2019-01-18,3658.41,40364261.8932544,6307175.11619796
2019-01-19,3625.73,38901788.6362525,6354782.86391987
2019-01-20,3703.98,45921660.2698619,7150096.95018807
2019-01-21,3548.98,43874197.7100592,6879083.71968765
2019-01-22,3540.02,38024304.6820513,5844342.94107825
2019-01-23,3587.35,42704219.1044576,6683461.53319797
2019-01-24,3566.4,47384133.5268639,7364947.5714072
2019-01-25,3586.25,40364261.8932544,6309969.92281265
2019-01-26,3577.79,43874197.7100592,6857448.82582505
2019-01-27,3576.3,40071767.241854,6393436.19789755
2019-01-28,3554.5,42070546.8156134,6318406.83135573
2019-01-29,3448.58,42201068.245197,6364552.33446091
2019-01-30,3421.6,39310584.1188136,5884537.24604336
2019-01-31,3470.0,44802503.958942,6731427.32322348
2019-02-01,3444.81,45669649.196857,6857975.37196296
2019-02-02,3475.33,41622971.4199203,6325531.02417506
2019-02-03,3506.22,39888680.9440903,6044025.21308595
2019-02-04,3456.02,42490116.6578353,6411524.44993395
2019-02-05,3452.35,42490116.6578353,6422102.20494889
2019-02-06,3467.34,47403939.672687,6985845.57387517
2019-02-07,3405.7,50294423.7990704,7375022.02374828
2019-02-08,3394.76,47114891.2600487,7184754.2731582
2019-02-09,3661.08,43357261.8957503,6845104.34819661
2019-02-10,3664.38,41018987.2961362,6454979.70124316
2019-02-11,3686.29,43691361.6410373,6693602.40799548
2019-02-12,3629.47,38568926.138295,6031364.55755759
2019-02-13,3632.42,46101919.5246807,6976103.87653069
2019-02-14,3614.5,42486082.6992156,6566282.2719383
2019-02-15,3600.31,38267606.4028396,5762323.41641078
2019-02-16,3608.2,45197960.3183144,6898485.34101117
2019-02-17,3619.55,47909837.9374133,7185045.4307252
2019-02-18,3670.74,46704558.9955916,7556019.10851886
2019-02-19,3910.8,47005878.731047,7748245.9382798
2019-02-20,3926.53,39171565.6092058,6596656.21482153
2019-02-21,3987.18,35857048.5191961,6051778.48558182
2019-02-22,3944.88,48813797.1437796,8096363.88186099
2019-02-23,3983.48,43088722.1701264,7190247.7828969
2019-02-24,4139.6,41298258.2978092,7119748.03220931
2019-02-25,3766.89,43162133.913638,6913971.36597182
2019-02-26,3848.33,48595129.7908791,7878415.30725483
2019-02-27,3831.45,42558467.7050556,6801908.84662639
2019-02-28,3833.23,45274965.6436762,7350871.43467336
2019-03-01,3850.08,48896962.8951703,7830758.1178926
2019-03-02,3834.62,39841969.766435,6565214.95545392
2019-03-03,3831.44,44067633.2265115,7016670.61795451
2019-03-04,3814.58,41351135.2878909,6497311.76435429
2019-03-05,3730.98,44973132.539385,7114388.35176686
2019-03-06,3872.25,38634637.3492703,6388631.33749861
2019-03-07,3876.85,42860300.8093468,7588198.87987363
2019-03-08,3886.82,44067633.2265115,7193574.07638771
2019-03-09,3875.96,41652968.3921821,7087594.99280831
2019-03-10,3950.56,41045042.9709582,6690849.40826923
2019-03-11,3928.17,42839445.3543434,6977449.87654973
2019-03-12,3881.09,43141131.5892332,7088005.70444551
2019-03-13,3892.51,40727641.7101152,6637474.19377045
2019-03-14,3877.77,46761366.4079101,7600598.59424684
2019-03-15,3885.21,46157993.9381306,7723228.79179382
2019-03-16,3936.5,49174856.287028,8496146.10726474
2019-03-17,4015.95,44046190.2939024,7297849.33901329
2019-03-18,3994.92,48571483.8172485,8269486.75644039
2019-03-19,3998.77,52493404.8708152,8830120.09324167
2019-03-20,4029.11,48571483.8172485,8742662.15328318
2019-03-21,4056.4,43141131.5892332,7388901.05848648
2019-03-22,3992.34,48571483.8172485,8113657.07200504
2019-03-23,3999.06,43744504.0590126,7382484.15111263
2019-03-24,4011.92,47490106.9905989,7499624.0874357
2019-03-25,3994.11,46933020.833036,7512795.86116405
2019-03-26,3935.89,42493410.7542353,6780907.83753621
2019-03-27,3947.74,47250135.8386646,7721974.78508324
2019-03-28,4048.51,46298790.8217788,7609348.21050804
2019-03-29,4037.37,46615905.8274074,7807462.60003831
2019-03-30,4115.55,44078985.7823784,7321449.75025686
2019-03-31,4114.44,44078985.7823784,7280099.53845046
2019-04-01,4114.16,43127640.7654926,7260086.68771618
2019-04-02,4152.53,49787055.8836936,9796335.10708989
2019-04-03,4882.88,45030330.7992643,9794906.73422098
2019-04-04,4959.81,44396100.788007,9872137.44577406
2019-04-05,4911.24,50104170.8893222,10526385.5093253
2019-04-06,5028.77,44081037.5636847,9151289.67996446
2019-04-07,5053.52,44809649.5150327,9465714.63768817
2019-04-08,5189.39,47034242.0441478,10509444.218827
2019-04-09,5268.71,41949459.1204562,9214713.9963386
2019-04-10,5175.81,47034242.0441478,10332304.7364178
2019-04-11,5310.18,49894432.4387244,10673185.0684278
2019-04-12,5035.02,47987638.84234,10032844.6937624
2019-04-13,5072.85,42902855.9186484,8912797.68267318
2019-04-14,5064.62,38771469.7931489,8025830.56805046
2019-04-15,5152.51,46080845.2459556,9812670.32039005
2019-04-16,5036.18,46080845.2459556,9626718.55527819
2019-04-17,5196.65,43856252.7168405,9679415.78377375
2019-04-18,5220.37,47352040.9768785,10319254.1749627
2019-04-19,5276.31,48305437.7750707,10531918.6568264
2019-04-20,5277.04,41631660.1877254,9275897.46327422
2019-04-21,5309.28,51199133.0238072,11248346.3029415
2019-04-22,5281.83,42318655.5416624,9411111.8267204
2019-04-23,5377.19,36634060.0211406,8538019.90240713
2019-04-24,5518.16,51477170.5469476,12202481.9130956
2019-04-25,5434.19,45160953.3019234,10225360.6553522
2019-04-26,5195.61,47687440.1999331,10183521.9482851
2019-04-27,5292.83,43266088.1284161,9112041.03117378
2019-04-28,5280.19,51477170.5469476,10771720.9485933
2019-04-29,5301.29,51477170.5469476,11244134.7806778
2019-04-30,5260.65,44213520.7151697,9672352.74232865
2019-05-01,5269.79,54003657.4449573,11945018.6431959
2019-05-02,5326.67,58109198.6542231,12941749.3453502
2019-05-03,5390.16,48003251.0621843,11122649.2294458
2019-05-04,5657.14,43006075.3622154,10035261.3673471
2019-05-05,5771.08,42978500.6950398,9591032.60781153
2019-05-06,5717.66,50308167.4802404,11100910.0764288
2019-05-07,5684.47,42312167.3509307,10026818.2871987
2019-05-08,5755.72,50641334.152295,11731703.7301483
2019-05-09,5936.72,49975000.8081859,12149462.758915
2019-05-10,6146.91,41645834.0068216,10770042.575463
2019-05-11,6348.02,43311667.3670944,11877938.2790655
2019-05-12,7248.31,52640334.1846224,15580744.7153727
2019-05-13,6978.63,55638834.2331136,16443665.5226962
2019-05-14,7823.11,50641334.152295,16211651.6224218
2019-05-15,7992.69,49641834.1361313,16983774.4918891
2019-05-16,8206.9,48642334.1199676,16642489.0435273
2019-05-17,7885.96,50308167.4802404,15398528.2663666
2019-05-18,7362.22,50986743.450853,14984659.8529589
2019-05-19,7265.05,54326123.0260958,17128952.0847312
2019-05-20,8193.7,53659544.8294566,17411194.2865449
2019-05-21,8007.03,50993232.0428998,16828129.8548241
2019-05-22,7952.5,55659279.4193742,18104557.6470407
2019-05-23,7625.93,52659677.5344978,16469421.0512328
2019-05-24,7880.29,50993232.0428998,16833084.3068115
2019-05-25,8003.26,46660473.7647449,15115205.1345969
2019-05-26,8071.45,54992701.222735,17530637.7421003
2019-05-27,8744.42,55659279.4193742,20943626.1747347
2019-05-28,8770.06,54659412.1244154,20098452.3035233
2019-05-29,8719.88,57992303.1076115,20660475.7496612
2019-05-30,8662.98,53664058.5059824,18924858.1213242
2019-05-31,8272.46,43386260.5763838,13928405.3729962
2019-06-01,8553.81,55994233.735333,17500366.3831521
2019-06-02,8554.8,48577778.9359511,15462127.8066285
2019-06-03,8739.03,44127906.056322,14378777.9286266
2019-06-04,8134.92,57106701.9552403,17028462.3207378
2019-06-05,7675.8,59331638.3950548,16774166.520507
2019-06-06,7786.04,58219170.1751475,16576546.9153716
2019-06-07,7803.23,58589992.9151166,16904713.8524406
2019-06-08,7998.29,45982019.7561675,12882272.7216123
2019-06-09,7931.34,54510942.7754566,15040475.2089595
2019-06-10,7640.61,58219170.1751475,16318423.0157517
2019-06-11,8020.38,53027651.8155803,14984664.3562564
2019-06-12,7917.58,48577778.9359511,14041153.3883298
2019-06-13,8173.06,55994233.735333,16311181.085572
2019-06-14,8237.88,62264123.1632496,18846894.0773128
2019-06-15,8693.6,53775192.2320125,16609185.0992313
2019-06-16,8859.47,47882020.4805591,15480924.6966563
2019-06-17,8978.99,48986990.1839566,16680372.7946155
2019-06-18,9327.48,60036687.2179318,19759220.101567
2019-06-19,9076.18,65193212.5004535,21219685.8900861
2019-06-20,9281.7,53038545.7630809,17906834.4189632
2019-06-21,9531.35,48986990.1839566,17538287.9154746
2019-06-22,10209.38,51933576.0596833,20226178.7284416
2019-06-23,10668.63,66666505.4383169,25447586.8029726
2019-06-24,10814.48,65193212.5004535,25683149.7809107
2019-06-25,11017.5,53775192.2320125,22012700.0893407
2019-06-26,11766.4,60773333.6868635,28602342.1291297
2019-06-27,12932.55,55539973.1845089,23684931.4245074
2019-06-28,11132.85,64293187.5738079,25937334.7871369
2019-06-29,12374.35,68631991.643206,27405858.844721
2019-06-30,11890.38,59954383.5044098,23170049.1634577
2019-07-01,10737.73,56404452.902175,20510124.4180096
2019-07-02,10578.72,62321003.9058997,21634656.1809865
2019-07-03,10805.4,67843118.1760427,25660429.8291376
2019-07-04,11984.76,65870934.5081345,25608368.4262575
2019-07-05,11160.49,74548542.6469306,27132379.4818537
2019-07-06,10955.16,70209738.5775326,26335706.9788643
2019-07-07,11232.04,60348820.2379915,22174981.6766463
2019-07-08,11477.01,70209738.5775326,27968213.8393009
2019-07-09,12313.08,65740170.4585491,25335914.8683845
2019-07-10,12586.78,58125055.9333793,21508972.6758214
2019-07-11,12099.9,58125055.9333793,19960968.6079638
2019-07-12,11352.87,73895419.9463116,24773188.3315347
2019-07-13,11803.97,63532037.8806704,20609810.0301931
2019-07-14,11389.1,65334365.1964341,20182908.1297771
2019-07-15,10186.96,65784947.025375,19638311.2811761
2019-07-16,10873.5,72994256.2884298,22149573.0409782
2019-07-17,9397.72,59927383.249143,16501101.4444106
2019-07-18,9674.28,54520401.3018519,15933222.4948449
2019-07-19,10638.56,53168655.8150291,16208139.7509873
2019-07-20,10535.75,79752983.7225436,24399901.5665187
2019-07-21,10764.9,67136692.5121977,20103997.7422695
2019-07-22,10587.41,71191928.9726661,21529384.3624169
2019-07-23,10323.62,64212845.1846116,18769327.203324
2019-07-24,9844.3,62282811.3455415,17345757.0026475
2019-07-25,9772.17,67211666.9196491,19605754.2098214
2019-07-26,9875.17,74380911.3910783,20745948.0011575
2019-07-27,9848.65,68107822.4785777,18834366.1429315
2019-07-28,9473.99,78413611.4062573,20994348.8070565
2019-07-29,9530.0,75277066.950007,20887751.4846716
2019-07-30,9501.33,63627044.6839344,17750997.0400789
2019-07-31,9589.13,76621300.2883999,21676009.1554116
2019-08-01,10084.7,63627044.6839344,18606541.3941747
2019-08-02,10407.17,75725144.7294713,22617508.8714294
2019-08-03,10529.55,77517455.8473286,23901417.8952569
2019-08-04,10814.57,74828989.1705426,23105969.697715
2019-08-05,10980.23,70305379.0080994,22256372.3249701
2019-08-06,11787.99,79916269.034042,24239820.6588186
2019-08-07,11465.67,75945274.2994312,23489547.2769286
2019-08-08,11960.82,70485156.5393414,22052437.2260143
2019-08-09,11996.41,72967028.2484731,22823177.0107999
2019-08-10,11856.64,74952525.6157785,22285954.3660375
2019-08-11,11282.22,75945274.2994312,22402406.2328598
2019-08-12,11566.84,66017787.4629043,19835024.1828409
2019-08-13,11386.26,77930771.6667366,23339417.3415891
2019-08-14,10858.12,75448899.9576049,20751478.0270537
2019-08-15,10016.96,77930771.6667366,20403806.3045699
2019-08-16,10302.17,72967028.2484731,20175209.2411482
2019-08-17,10359.44,63535915.7537725,16818757.380567
2019-08-18,10214.52,62740159.3489764,16497323.400871
2019-08-19,10317.6,82514504.7903757,22512416.2143436
2019-08-20,10917.26,77452265.232684,21381940.8221323
2019-08-21,10760.56,68846457.984608,18133519.9255694
2019-08-22,10129.4,71377577.7634539,18244786.7421254
2019-08-23,10111.98,77452265.232684,20303216.6174991
2019-08-24,10405.81,80995832.9230682,20913191.154222
2019-08-25,10143.8,78464713.1442223,20023054.2210009
2019-08-26,10135.06,69352681.9403772,18051599.1536065
2019-08-27,10360.28,68340234.0288388,17790117.8193427
2019-08-28,10171.95,76439817.3211456,19285143.4357694
2019-08-29,9717.82,83526952.7019141,20199158.8493224
2019-08-30,9484.55,80995832.9230682,19625872.0325795
2019-08-31,9577.99,84033176.6576833,20380765.5464991
2019-09-01,9600.9,75959123.8204752,17386554.1806439
2019-09-02,9769.79,79786349.9315495,19567794.8424031
2019-09-03,10386.64,87818532.8105646,22232234.965443
2019-09-04,10621.29,72825124.7697365,18375693.837806
2019-09-05,10584.16,88354011.6691656,22456931.6286019
2019-09-06,10577.8,84605659.6589586,21464687.5948385
2019-09-07,10317.47,80321828.7901505,20094042.8606613
2019-09-08,10487.21,94779757.9723776,23644815.6797411
2019-09-09,10406.31,78179913.3557465,19160369.4909431
2019-09-10,10313.66,97457152.2653826,23662199.3205437
2019-09-11,10101.03,98528109.9825847,23997270.4992307
2019-09-12,10159.32,84605659.6589586,20481339.8621805
2019-09-13,10420.16,81711974.361587,19643241.8545153
2019-09-14,10363.9,91618125.6260619,20523303.2794348
2019-09-15,10361.33,86889448.1743942,19411747.0473599
2019-09-16,10310.43,96346803.0777296,21460937.0914746
2019-09-17,10265.63,87480532.8558527,19262723.365071
2019-09-18,10190.36,102848734.573773,22533478.5270288
2019-09-19,10157.59,87480532.8558527,19373703.7112655
2019-09-20,10275.88,89253786.9002281,19539823.5858986
2019-09-21,10173.11,98120057.122105,21079948.1168425
2019-09-22,9979.49,98120057.122105,21169975.568586
2019-09-23,10033.05,67383653.6862649,14647183.7982298
2019-09-24,9683.38,92800294.9889788,19220354.7854656
2019-09-25,8553.61,92209210.3075204,17222704.4025811
2019-09-26,8432.23,102155715.0684,18142040.4350672
2019-09-27,8055.64,83726816.3184488,13731933.7325467
2019-09-28,8193.9,100852756.01995,16399123.5708253
2019-09-29,8225.0,86263992.570523,14292283.4733979
2019-09-30,8056.74,82458228.1924117,13436667.5184307
2019-10-01,8307.74,90704051.0116529,15347785.3282141
2019-10-02,8322.92,93875521.3267456,15983802.9460234
2019-10-03,8382.03,93241227.2637271,15446657.0071901
2019-10-04,8236.17,93241227.2637271,15198779.2000248
2019-10-05,8155.48,100218461.956931,16377861.1718337
2019-10-06,8147.69,94509815.3897642,15379216.3300375
2019-10-07,7869.74,98315579.7678755,15743886.0120569
2019-10-08,8212.02,102755638.209005,17060959.4496355
2019-10-09,8190.0,87532580.6965601,14626389.9733706
2019-10-10,8587.92,103681264.292523,17831123.6787614
2019-10-11,8586.9,100875176.08461,17060812.1042193
2019-10-12,8269.73,86002553.9695715,14021139.9221787
2019-10-13,8308.01,91822275.6667605,15185999.1606783
2019-10-14,8283.76,87295825.4578357,14628224.1898534
2019-10-15,8353.54,98935268.8522138,16240085.9584146
2019-10-16,8162.16,92468911.4108927,14633533.2162171
2019-10-17,8002.51,96995361.6198175,15858419.0770184
2019-10-18,8076.78,103461719.061139,16329289.2152908
2019-10-19,7954.15,91822275.6667605,14484979.8988221
2019-10-20,7960.04,94408818.643289,14984777.0324384
2019-10-21,8231.06,102815083.317007,16722180.4358311
2019-10-22,8222.52,109281440.758328,17496598.3543647
2019-10-23,8026.76,109144376.317496,17079475.3941129
2019-10-24,7469.56,90520752.8588387,12594197.4342478
2019-10-25,7431.88,93923788.6805996,13909079.2686761
2019-10-26,8666.79,95285003.0093039,16769057.9170478
2019-10-27,9259.8,78269823.9004996,13879519.9511491
2019-10-28,9551.54,91201360.0231908,16254462.7222859
2019-10-29,9218.76,90520752.8588387,15907595.3936571
2019-10-30,9433.35,91201360.0231908,15935289.7344978
2019-10-31,9164.62,89840145.6944865,15460313.802921
2019-11-01,9147.98,88478931.3657822,15476389.7763189
2019-11-02,9252.99,91201360.0231908,16052149.3645515
2019-11-03,9301.18,93923788.6805996,16402669.8082591
2019-11-04,9206.16,89840145.6944865,15941423.7726535
2019-11-05,9418.05,98007431.6667126,17451427.0960617
2019-11-06,9310.19,89840145.6944865,15769410.013443
2019-11-07,9343.34,91737090.3690835,15970955.4356528
2019-11-08,9204.24,80936306.1161364,14762408.0373763
2019-11-09,8766.04,91053344.3806535,16111246.6162539
2019-11-10,8809.41,104964271.994364,18896479.028929
2019-11-11,9037.12,95479548.6213797,16881322.7128666
2019-11-12,8717.81,85362510.3568626,14989182.4021882
2019-11-13,8801.52,85362510.3568626,15067619.9304147
2019-11-14,8762.42,106861216.668961,18779474.737608
2019-11-15,8632.32,99905752.8621059,17351278.970832
2019-11-16,8457.69,93582603.9467827,15864379.2041146
2019-11-17,8482.7,97376493.2959766,16582477.2990228
2019-11-18,8503.93,88524084.8145242,14963381.5186087
2019-11-19,8175.99,92950289.0552504,15599060.2593914
2019-11-20,8120.8,89788714.5975888,14807093.0673851
2019-11-21,8081.81,87143254.9641945,13715760.945241
2019-11-22,7617.07,85127203.6530772,12538677.9776505
2019-11-23,7286.35,111568229.030169,16178363.034655
2019-11-24,7324.03,84482300.5950993,11832812.5764915
2019-11-25,6907.4,80612882.2472322,11205569.8205629
2019-11-26,7130.25,78678173.0732986,11167150.5679495
2019-11-27,7163.63,89641525.0589222,12848987.4919461
2019-11-28,7523.83,105119198.450391,15917751.9149121
2019-11-29,7431.0,87706815.8849886,14142605.488628
2019-11-30,7757.47,81257785.30521,12281980.5701858
2019-12-01,7557.72,89641525.0589222,12925726.3722973
2019-12-02,7402.69,93510943.4067893,13446041.6564058
2019-12-03,7309.59,101894683.160501,14637722.1146156
2019-12-04,7296.77,107698810.682302,15591131.4044838
2019-12-05,7192.85,93386357.4980277,13451289.4192284
2019-12-06,7395.97,92816137.3771571,13603961.7470767
2019-12-07,7547.19,99217250.2997196,15286888.4929326
2019-12-08,7504.83,94736471.2539258,13969510.4009207
2019-12-09,7522.39,94736471.2539258,13970881.9664841
2019-12-10,7337.42,94736471.2539258,13646564.1053916
2019-12-11,7220.76,84494690.5778258,12062018.8328855
2019-12-12,7202.31,85134801.870082,12076200.2025003
2019-12-13,7189.16,97296916.4229509,14060284.4659923
2019-12-14,7251.87,96656805.1306946,13824044.9576452
2019-12-15,7067.74,79373800.2397757,11126047.8730105
2019-12-16,7111.14,100497472.884232,14132643.7105247
2019-12-17,6879.54,90255692.208132,12121833.9540971
2019-12-18,6612.12,85774913.1623382,11695182.7772287
2019-12-19,7284.29,100622310.115052,14591652.0228841
2019-12-20,7150.86,100413778.963629,14124384.4575268
2019-12-21,7190.17,113287340.369223,15844785.3183124
2019-12-22,7143.2,108781593.877265,15337832.9734668
2019-12-23,7514.41,92045964.0499934,13758030.7646397
2019-12-24,7322.08,80459758.7849593,11525831.9084891
2019-12-25,7250.69,82390792.9957983,11634910.2863679
2019-12-26,7192.72,107494237.736706,15752637.611085
2019-12-27,7194.4,93333320.1905527,13514433.1871364
2019-12-28,7243.93,95908032.4716714,13698700.7384132
2019-12-29,7301.07,99770100.8933494,14317659.0176258
2019-12-30,7385.36,106850559.666426,15446347.0361434
2019-12-31,7219.6,93333320.1905527,13152944.2201164
2020-01-01,7168.31,112718458.532564,15907075.7858818
2020-01-02,7175.68,96717718.3123778,12576131.2232563
2020-01-03,6944.33,115924073.721928,15705586.471209
2020-01-04,7326.35,115238132.457301,15650931.3942571
2020-01-05,7347.89,111808426.134167,15404396.6232259
2020-01-06,7351.57,92602070.7246171,13051403.0811154
2020-01-07,7759.24,120725662.574316,17646229.3032322
2020-01-08,8165.47,97403659.5770046,14890476.7245234
2020-01-09,8042.65,107692778.546407,15730239.7133437
2020-01-10,7817.92,102205248.429392,15541380.5657432
2020-01-11,8184.66,111808426.134167,16893865.3907386
2020-01-12,8021.49,103577130.958646,15625350.6674988
2020-01-13,8173.97,98089600.8416314,14633330.0813923
2020-01-14,8105.24,99607271.2200415,15748081.3734265
2020-01-15,8842.42,110915119.366187,16792710.0748656
2020-01-16,8813.89,116791417.080951,17478168.636505
2020-01-17,8722.03,116791417.080951,17783148.0200682
2020-01-18,8900.34,96958912.29362,14834325.0760483
2020-01-19,8910.85,110180582.151841,16961771.1248425
2020-01-20,8703.36,111649656.580532,16034934.2929324
2020-01-21,8626.47,112384193.794878,16708344.241405
2020-01-22,8722.26,114587805.437915,17310387.5912493
2020-01-23,8658.94,116791417.080951,17169132.3178694
2020-01-24,8388.11,111649656.580532,16478219.0489395
2020-01-25,8428.17,120464103.152679,17146239.26569
2020-01-26,8327.36,105038821.651422,15373871.852787
2020-01-27,8588.42,94755300.6505832,14226813.8664812
2020-01-28,8895.78,107321517.0167,16242549.0084109
2020-01-29,9385.69,123011831.712795,18887556.2843298
2020-01-30,9279.81,119936535.919975,18922276.3946485
2020-01-31,9502.37,110710648.541515,17040641.8640666
2020-02-01,9333.77,116092416.17895,17858163.3183205
2020-02-02,9378.09,109941824.59331,16944231.593907
2020-02-03,9314.56,113785944.334335,17467129.7546416
2020-02-04,9284.51,101484761.163056,15415016.36326
2020-02-05,9162.14,122243007.76459,19130672.8183499
2020-02-06,9614.9,103791233.007671,17105098.5956135
2020-02-07,9755.66,106866528.80049,17296713.6149433
2020-02-08,9807.54,106866528.80049,17511947.9489374
2020-02-09,9907.12,117630064.07536,19747647.2563808
2020-02-10,10162.41,93796521.681006,15671545.1161284
2020-02-11,9854.79,114190850.876276,19051941.2100874
2020-02-12,10275.38,109742275.18922,18763378.4859796
2020-02-13,10354.3,108969442.265353,18474198.4419548
2020-02-14,10242.43,104332444.722146,17892676.3265022
2020-02-15,10368.53,109742275.18922,18294966.9414571
2020-02-16,9904.17,109742275.18922,17801511.08347
2020-02-17,9937.67,121334769.047237,19823862.1987849
2020-02-18,9703.93,115924938.580162,19007001.5279857
2020-02-19,10180.65,108969442.265353,18406770.3412521
2020-02-20,9604.72,97376948.4073364,15368284.8740307
2020-02-21,9606.86,119016270.275633,18886942.6943443
2020-02-22,9696.58,114379272.732427,18051502.9659413
2020-02-23,9669.63,109742275.18922,17684305.8236258
2020-02-24,9989.39,108969442.265353,17377835.2213733
2020-02-25,9663.75,111020255.745151,17822599.4317669
2020-02-26,9309.15,104700775.427287,15629013.6810431
2020-02-27,8785.52,113169220.498612,16401715.3340557
2020-02-28,8804.72,121637665.569937,17412081.0567263
2020-02-29,8712.35,107010351.35583,15277906.3501235
2020-03-01,8531.42,136264979.784043,19058740.702697
2020-03-02,8534.17,114708937.784307,16697791.7547892
2020-03-03,8912.82,117788372.355698,17037037.2303219
2020-03-04,8754.34,128566393.355566,18948989.9695022
2020-03-05,8758.9,125486958.784175,18562608.9764852
2020-03-06,9067.39,119328089.641393,18084440.7557398
2020-03-07,9155.89,120867806.927089,18200369.580492
2020-03-08,8898.63,121637665.569937,17385259.2570763
2020-03-09,8039.38,119877105.097528,15003719.0413104
2020-03-10,7931.94,108616241.391911,13309094.5286119
2020-03-11,7885.46,97919187.3154346,11906436.352487
2020-03-12,7936.65,124250397.349837,13544827.8769228
2020-03-13,4830.21,102856289.196885,8634486.98165652
2020-03-14,5609.03,105324840.13761,8986521.2261113
2020-03-15,5166.26,97919187.3154346,8103100.66412195
2020-03-16,5348.44,97919187.3154346,7889846.94060429
2020-03-17,5026.35,101210588.569735,8477516.57450476
2020-03-18,5357.61,82285031.3575081,6941254.71929466
2020-03-19,5410.23,88044983.5525337,7981376.24196957
2020-03-20,6195.2,89690684.1796838,9446456.6579134
2020-03-21,6226.44,102033438.88331,9873966.12841585
2020-03-22,6189.85,104501989.824035,9996191.20726949
2020-03-23,5822.62,92159235.1204091,8912695.38775182
2020-03-24,6502.16,108616241.391911,11290318.1081887
2020-03-25,6768.49,75702228.8489074,8111093.56505244
2020-03-26,6698.46,112492821.358516,13691118.2118555
2020-03-27,6763.75,107197274.863781,13411241.2554212
2020-03-28,6369.09,93365368.4297446,10989618.9333618
2020-03-29,6260.95,104430893.576974,11822813.2911171
2020-03-30,5885.41,101664512.290166,11637863.3799015
2020-03-31,6405.29,109963656.150588,13165642.8313156
2020-04-01,6428.28,105814084.220377,12386579.1867395
2020-04-02,6652.87,105814084.220377,13018917.4093132
2020-04-03,6809.11,91290582.4646392,11436511.5514712
2020-04-04,6741.67,108580465.507185,13560678.0014824
2020-04-05,6871.69,121029181.297817,14957634.8766792
2020-04-06,6777.44,88524201.1778319,11485342.6768563
2020-04-07,7343.2,116188014.045904,15735459.9608062
2020-04-08,7205.55,103061194.836332,13302461.4215237
2020-04-09,7365.03,112650577.826398,14241012.6272215
2020-04-10,7293.69,119234053.153915,14368680.593185
2020-04-11,6873.24,116308064.119463,13917060.6896329
2020-04-12,6891.6,111919080.567785,13349664.7131069
2020-04-13,6915.37,125086031.222819,14683700.7327373
2020-04-14,6857.66,122891539.44698,14587959.1353395
2020-04-15,6871.95,123623036.705593,14558871.7374524
2020-04-16,6623.8,112650577.826398,13495677.8347836
2020-04-17,7112.27,92900151.843848,11584618.6908067
2020-04-18,7034.89,115576566.86085,14261973.7785588
2020-04-19,7259.36,111187583.309172,13731416.2140145
2020-04-20,7130.04,117771058.636689,14513595.7291591
2020-04-21,6840.24,115730561.554044,13280755.4956055
2020-04-22,6852.52,103923467.233466,11597010.0622321
2020-04-23,7130.99,112649865.245436,13203833.9171429
2020-04-24,7477.6,114236483.065795,14000287.8021753
2020-04-25,7507.08,107890011.784362,13029925.9247904
2020-04-26,7549.52,108683320.694541,13360910.3301689
2020-04-27,7699.27,111856556.335257,13997087.9010893
2020-04-28,7790.66,122169572.167586,15084394.0350117
2020-04-29,7765.33,115029791.975974,15737371.4387275
2020-04-30,8777.63,107096702.874182,16397343.7651328
2020-05-01,8628.77,111856556.335257,17578400.0138616
2020-05-02,8824.66,117409718.706511,17019209.5407702
2020-05-03,8973.82,133275896.910094,19630255.3423323
2020-05-04,8903.95,125342807.808302,17898623.6303281
2020-05-05,8885.93,126294576.814336,18282730.7640675
2020-05-06,9030.96,123288445.655594,20611754.9554308
2020-05-07,9170.79,117684425.398522,18246780.7005844
2020-05-08,10002.48,109678682.174133,18271845.620501
2020-05-09,9821.8,108878107.851694,17375844.0015605
2020-05-10,9527.39,136097634.814617,19252835.575272
2020-05-11,8754.46,125690168.622911,17168436.3390022
2020-05-12,8617.25,116883851.076083,8950520.33366681
2020-05-13,8814.53,95268344.370232,7822621.0542868
2020-05-14,9305.93,91265472.7580373,8245134.85128987
2020-05-15,9790.31,100071790.304866,8969982.47707204
2020-05-16,9303.59,100872364.627304,8429266.32745205
2020-05-17,9385.7,81658580.8887703,7112392.24211133
2020-05-18,9669.4,102473513.272182,9800851.10620265
2020-05-19,9719.37,92066047.0804763,8879553.7575469
2020-05-20,9785.74,86971887.3185643,8810740.96343472
2020-05-21,9510.67,98579623.7035512,9450405.20057815
2020-05-22,9057.57,83529299.4740014,7770388.92415917
2020-05-23,9167.26,89549429.1658213,7843058.63019165
2020-05-24,9178.32,87291880.5313888,7286826.33878152
2020-05-25,8730.73,94064526.4346863,7689659.79284451
2020-05-26,8899.66,93312010.2232088,7687822.76814688
2020-05-27,8842.85,103847237.183894,9241012.00693874
2020-05-28,9197.54,98579623.7035512,8457127.38821037
2020-05-29,9569.21,95569558.8576412,8526743.18954307
2020-05-30,9425.98,117392528.990488,9913195.96576446
2020-05-31,9698.1,112877431.721623,9542417.4585863
2020-06-01,9450.84,100837172.337984,8910754.39107795
2020-06-02,10204.23,97074591.2805962,8941264.80720643
2020-06-03,9525.57,104599753.395371,9081230.36860107
2020-06-04,9658.04,108668660.65278,9764314.20040038
2020-06-05,9794.56,122192367.725211,11573082.6899895
2020-06-06,9623.75,133797229.464477,12477168.3999888
2020-06-07,9670.43,108539589.208428,9821022.7645001
2020-06-08,9753.85,110587505.985945,10379765.6243221
2020-06-09,9782.59,109222228.134267,10182263.0439178
2020-06-10,9775.15,111952783.837623,10401186.386667
2020-06-11,9892.13,126288201.280246,11473619.1499784
2020-06-12,9286.42,111270144.911784,9866334.58133083
2020-06-13,9459.97,107856950.282588,9622452.78417518
2020-06-14,9473.5,116048617.392658,10380781.5378385
2020-06-15,9330.07,94204171.7658051,8280410.59960841
2020-06-16,9426.7,106374812.691088,9617963.21008684
2020-06-17,9526.0,108283617.573483,8709273.10823802
2020-06-18,9454.81,97298323.0370428,7714420.95468918
2020-06-19,9380.03,111422273.155323,8736099.47769752
2020-06-20,9300.15,107498953.678023,8238014.00234774
2020-06-21,9357.43,114560928.737163,9006615.2058985
2020-06-22,9284.78,112206937.050783,8923565.20117743
2020-06-23,9691.9,123976895.482684,9964641.89522986
2020-06-24,9621.49,109068281.468943,8594577.4593605
2020-06-25,9276.58,110637609.259863,8504016.54820617
2020-06-26,9240.85,128684878.855444,9950436.65769901
2020-06-27,9154.45,108283617.573483,8059992.05896448
2020-06-28,9004.23,117699584.319003,8666896.61256926
2020-06-29,9127.47,113776264.841703,8562734.80271627
2020-06-30,9185.35,115344676.145677,8801310.46204946
2020-07-01,9133.97,127111309.039231,10124055.9362646
2020-07-02,9236.38,128680584.459468,9907317.70423729
2020-07-03,9087.98,127895946.749349,9873738.20676215
2020-07-04,9072.42,123188120.488637,9203934.10591
2020-07-05,9131.31,127895946.749349,9453537.18129459
2020-07-06,9089.09,120834207.358281,9573702.5263014
2020-07-07,9348.91,126326671.329112,9827305.84595956
2020-07-08,9256.23,118480294.227925,9269106.00709557
2020-07-09,9440.07,128680584.459468,10324012.452296
2020-07-10,9238.04,126326671.329112,9821730.66445103
2020-07-11,9287.4,122403482.778518,9308390.99757443
2020-07-12,9235.96,119264931.938044,9012154.57131376
2020-07-13,9295.9,121086665.700822,8910800.3628078
2020-07-14,9238.13,124167138.542574,9003009.80517444
2020-07-15,9254.52,118993507.769967,8552242.70922882
2020-07-16,9193.51,117268964.179098,8476261.34494985
2020-07-17,9131.0,101748071.861276,7439212.40619956
2020-07-18,9154.19,112095333.40649,8257260.54422192
2020-07-19,9174.71,112957605.201925,8030628.81677879
2020-07-20,9214.66,121580323.15627,8809861.14917053
2020-07-21,9163.87,107783974.429318,8215338.73446885
2020-07-22,9392.66,124167138.542574,9764974.36846801
2020-07-23,9537.4,117268964.179098,9402091.57921377
2020-07-24,9613.11,138825759.064961,10810915.0426475
2020-07-25,9551.28,122442594.951705,9515131.31193061
2020-07-26,9707.5,136238943.678657,10587041.6037513
2020-07-27,9938.83,128205972.903398,11099308.3016979
2020-07-28,11042.4,121437040.395232,12037341.111269
2020-07-29,10934.94,123949530.886168,12189404.7472878
2020-07-30,11102.67,113062072.092113,11301864.6984554
2020-07-31,11114.93,128137015.037728,12639960.4220093
2020-08-01,11343.88,114737065.752737,11439834.2341845
2020-08-02,11823.69,118087053.073985,11205874.8463142
2020-08-03,11077.77,135674486.510536,12873862.5784736
2020-08-04,11242.57,121437040.395232,11438679.0832375
2020-08-05,11194.25,108037091.110241,10806917.3916886
2020-08-06,11750.28,130649505.528664,13771270.4382111
2020-08-07,11772.94,127299518.207416,12898632.9438048
2020-08-08,11605.6,118924549.904297,11292366.647165
2020-08-09,11767.6,130649505.528664,12105371.3641104
2020-08-10,11684.06,114901504.532898,11774383.1865932
2020-08-11,11893.03,129741892.842126,12966824.4492047
2020-08-12,11392.43,132269332.313077,12684820.6087768
2020-08-13,11573.11,123844534.076575,11879252.2971003
2020-08-14,11777.43,140694130.549579,13709961.9922364
2020-08-15,11774.38,131426852.489427,12537672.5372401
2020-08-16,11873.98,128056933.194826,12130221.317492
2020-08-17,11914.01,105309977.956271,10390360.2175087
2020-08-18,12293.72,117947175.311024,12747409.9454137
2020-08-19,11969.53,116262215.6637237,11920459.626279147
2020-08-20,11734.0,123002054.25292505,12309250.391919043
2020-08-21,11865.82,130584372.66577661,12988330.809193192
2020-08-22,11522.8,114577256.01642336,11060458.286919411
2020-08-23,11683.44,132269332.31307696,12250514.724347962
2020-08-24,11653.02,128441437.17505692,11845489.149642441
2020-08-25,11763.93,111720008.69546376,10414543.565818902
2020-08-26,11337.4,123939384.6465301,11345447.778234858
2020-08-27,11467.37,112592821.26339707,10690122.01226198
2020-08-28,11302.01,142268448.57312962,13003916.081702596
2020-08-29,11534.75,127430634.91826336,11257775.012961268
2020-08-30,11481.64,110847196.12753047,9959939.36462156
2020-08-31,11707.78,130921885.1899966,12191565.474340877
2020-09-01,11659.57,134413135.46172985,12943722.052071035
2020-09-02,11923.25,125685009.78239675,12071209.204979686
2020-09-03,11397.44,112592821.26339707,10387319.325323954
2020-09-04,10187.51,117829696.67099695,10521917.64225536
2020-09-05,10467.89,123066572.0785968,10426131.583986409
2020-09-06,10159.62,130921885.1899966,10418304.66587639
2020-09-07,10254.93,151762133.7678071,12203310.681068864
2020-09-08,10367.74,133652505.32879263,10676168.86571476
2020-09-09,10121.52,128478859.9612265,10385265.13427389
2020-09-10,10227.83,136239328.01257572,11342158.755076
2020-09-11,10352.66,118993843.45402186,9984827.136857176
2020-09-12,10395.44,146586618.74770805,11755971.409291402
2020-09-13,10446.44,139688424.9242865,11038733.637861196
2020-09-14,10330.77,151760264.11527425,12485219.771708764
2020-09-15,10674.64,134514779.55672038,11329376.27027292
2020-09-16,10785.62,133652505.32879263,11397006.21477204
2020-09-17,10948.43,153484812.57112962,12881875.598747488
2020-09-18,10943.89,142275247.6080696,12027086.744657055
2020-09-19,10931.79,128478859.9612265,10777756.114914745
2020-09-20,11081.43,135165071.8298032,10041684.798421945
2020-09-21,10919.65,139219832.7594406,10351909.518035322
2020-09-22,10430.46,123857644.31701957,9208013.41541779
2020-09-23,10532.22,136339422.42648664,10252434.95536237
2020-09-24,10234.48,131538738.5382301,9928235.838903904
2020-09-25,10732.43,162263115.42307216,12502201.347978113
2020-09-26,10692.84,144020516.64769718,10759364.728825692
2020-09-27,10732.4,145940790.2029998,10713359.143363992
2020-09-28,10774.24,123857644.31701957,9531618.970526235
2020-09-29,10692.33,135379285.64883536,10337349.261857346
2020-09-30,10840.8,149781337.3136051,11484361.336782591
2020-10-01,10777.92,119056960.428763,9416443.242984341
2020-10-02,10619.24,130578601.76057878,10232863.851096012
2020-10-03,10575.06,144980653.4253485,10855303.17414383
2020-10-04,10551.77,151592064.050859,11055916.218426451
2020-10-05,10673.46,134303836.4311328,10710768.428353487
2020-10-06,10788.56,124710705.25748046,10054284.607074086
2020-10-07,10603.74,144856280.7221504,11193916.28524024
2020-10-08,10670.8,155408725.01316798,12084850.912867788
2020-10-09,10923.3,136222462.66586328,10965183.362031737
2020-10-10,11063.19,137181775.78322852,11127194.8560519
2020-10-11,11302.67,134303836.4311328,10659930.880493835
2020-10-12,11376.61,142937654.4874199,11515021.100733979
2020-10-13,11540.04,159245977.48262888,12872175.626639746
2020-10-14,11428.24,142937654.4874199,11605343.496273927
2020-10-15,11431.32,144856280.7221504,11814116.192273524
2020-10-16,11503.73,148693533.1916113,11742282.088889891
2020-10-17,11327.57,152419671.45957646,11674223.51603316
2020-10-18,11366.51,119288755.69898501,8982105.736832837
2020-10-19,11508.2,124259120.51977606,9776921.35454538
2020-10-20,11758.16,143146506.838782,11710523.407490088
2020-10-21,11925.46,129229485.3405671,11562043.137415789
2020-10-22,12831.56,136187996.08967456,13585268.793336762
2020-10-23,12990.25,130223558.30472532,12640081.09752187
2020-10-24,12944.52,151099090.55204767,13768787.568247974
2020-10-25,13128.46,116306536.80651039,10397996.375269836
2020-10-26,13036.77,109348026.05740291,10435984.482452529
2020-10-27,13076.37,98413223.45166263,10871089.34394712
2020-10-28,13651.47,99407296.41582084,11446509.259696554
2020-10-29,13289.0,107359880.12908651,12458484.387886178
2020-10-30,13458.66,110342099.02156112,12828892.041338578
2020-10-31,13564.72,112330244.94987755,13341986.845960088
2020-11-01,13810.32,124259120.51977606,13377441.175498055
2020-11-02,13758.88,94436931.5950298,10902576.25650482
2020-11-03,13575.17,124332259.04844461,15826226.373946056
2020-11-04,14023.31,132689483.0919183,16641138.126188194
2020-11-05,14155.59,122675182.48120748,20893224.438920554
2020-11-06,15591.39,127682332.78656289,18889243.164551694
2020-11-07,15595.77,121840657.43031493,16132958.559332216
2020-11-08,14839.84,115164457.02317438,15148276.024686076
2020-11-09,15490.6,154387134.41512507,20216887.388651714
2020-11-10,15328.53,122675182.48120748,16459647.090100147
2020-11-11,15317.04,122675182.48120748,16020485.034676496
2020-11-12,15708.65,133524008.14281088,17804675.564513773
2020-11-13,16295.57,115998982.07406694,16032046.443972783
2020-11-14,16339.33,118502557.22674464,15597257.884330552
2020-11-15,16091.07,125178757.63388519,15662707.440931926
2020-11-16,15968.16,135534841.86269382,17711414.833960325
2020-11-17,16725.15,137334450.8705656,18324639.99735234
2020-11-18,17679.72,147831351.5740483,21194109.321156435
2020-11-19,17798.45,119839616.36476107,16988027.064900875
2020-11-20,17820.57,146956609.8487581,20641618.88821196
2020-11-21,18687.45,147831351.5740483,20655875.924064286
2020-11-22,18699.75,152205060.20049945,20906345.739519313
2020-11-23,18422.28,128587033.61766332,18011288.3905691
2020-11-24,18398.91,118964874.63947083,17683648.930801246
2020-11-25,19172.52,135584967.41998515,20363512.95999495
2020-11-26,18739.8,131211258.79353401,18340061.78604947
2020-11-27,17151.44,134710225.69469494,17988301.561259545
2020-11-28,17138.87,134710225.69469494,17630656.51384634
2020-11-29,17732.42,135399801.26976258,18023228.15797287
2020-11-30,18191.6,107610727.917311,14684437.13730185
2020-12-01,19709.73,144750713.6586838,21143567.33429405
2020-12-02,18792.52,124752259.79794464,18291019.906802543
2020-12-03,19226.97,149512250.29219317,21762338.78996689
2020-12-04,19454.54,137132255.0450689,19296507.660683624
2020-12-05,18670.49,137132255.0450689,18632287.72198453
2020-12-06,19155.06,129513796.43145394,17217876.55490936
2020-12-07,19377.66,142846099.00528008,19343628.017927807
2020-12-08,19181.41,137132255.0450689,18941288.637713753
2020-12-09,18318.87,132370718.41155955,17187411.942549206
2020-12-10,18554.15,123799952.47124276,16448918.976491643
2020-12-11,18247.76,131418411.08485769,16978667.126258247
2020-12-12,18029.36,125704567.1246465,16396977.017211141
2020-12-13,18803.44,148463110.1109586,19661607.518971115
2020-12-14,19164.48,134574371.39496115,18516458.628991954
2020-12-15,19276.59,129933875.82961763,18584575.835623957
2020-12-16,19439.75,132718173.16882376,19816346.525156554
2020-12-17,21379.48,119724785.58586197,22338873.247198086
2020-12-18,22847.46,145711560.75178552,27241477.875482038
2020-12-19,23150.79,146639659.8648542,25884376.309846204
2020-12-20,23869.92,140142966.07337332,24027162.60963906
2020-12-21,23490.58,126221479.37734285,23298120.991149504
2020-12-22,22745.48,132718173.16882376,23995220.12075107
2020-12-23,23824.99,142927263.41257942,26038110.232698534
2020-12-24,23253.37,116940488.24665588,20751169.501283977
2020-12-25,23715.53,133646272.28189245,23792132.986943312
2020-12-26,24693.58,127149578.49041158,23722327.94400382
2020-12-27,26443.21,137358668.73416725,27533619.89224247
2020-12-28,26246.58,147938033.9968089,29968235.311181773
2020-12-29,27036.69,140537799.38571388,28221057.092363108
2020-12-30,27376.37,159029615.0943604,33896444.42080255
2020-12-31,28856.59,153482070.38176647,33284139.091827303
2021-01-01,28982.56,137764027.0294169,29068047.02881674
2021-01-02,29393.75,139613208.60028157,31908499.940662753
2021-01-03,32195.46,146085344.09830785,35922359.22404933
2021-01-04,33000.78,159954205.87979275,39752808.81415808
2021-01-05,32035.03,145160753.31287554,35314776.48318403
2021-01-06,34046.67,163652569.02152207,43004565.11013959
2021-01-07,36860.41,155331251.95263115,45226287.01495596
2021-01-08,39486.04,136839436.24398455,42358095.25666046
2021-01-09,40670.25,133808024.52210465,40693122.11401789
2021-01-10,40240.72,162879650.9247733,43171347.77742759
2021-01-11,38240.09,157757649.32336533,37697672.105572425
2021-01-12,35544.94,151611247.4016758,38534703.86316562
2021-01-13,34011.82,155708848.68280214,37493720.35220138
2021-01-14,37393.13,150586847.08139417,42518141.3229426
2021-01-15,39158.47,158782049.6436469,41733817.69406035
2021-01-16,36828.52,150586847.08139417,38126679.70239878
2021-01-17,36065.2,136245242.59745187,31937013.5207863
2021-01-18,35793.01,148538046.440831,36250411.753908925
2021-01-19,36632.35,152635647.72195736,38439879.37535342
2021-01-20,36020.13,144440445.1597046,34297105.93950238
2021-01-21,35538.98,132147641.31632549,30287474.72314571
2021-01-22,30797.88,145464845.4799862,31865792.143227555
2021-01-23,33002.38,159781151.23197326,33751644.506897256
2021-01-24,32099.74,143884925.38771522,30284997.15879116
2021-01-25,32276.84,144920068.73582825,33137293.923932903
2021-01-26,32243.26,166658079.0462025,35209827.729441255
2021-01-27,32541.8,146990355.43205437,30148573.701184303
2021-01-28,30419.17,150095785.47639358,32031715.884661224
2021-01-29,33403.17,157341788.913185,39455373.63302356
2021-01-30,34314.26,140779495.34337604,33651946.62402073
2021-01-31,34318.1,149060642.12828052,33412205.26586177
2021-02-01,33136.46,124217201.7735671,30096215.73409861
2021-02-02,33522.9,157341788.913185,38671645.45825114
2021-02-03,35529.66,155271502.21695888,39131400.439372316
2021-02-04,37676.25,165622935.69808948,43879560.217283756
2021-02-05,37002.09,174939225.83110696,45671119.753917314
2021-02-06,38278.61,169021265.50315762,45346981.332109064
2021-02-07,39323.26,166219498.0035569,41085629.48255814
2021-02-08,38928.1,172612555.6190783,48670642.79997875
2021-02-09,46364.3,152367873.16992718,51636507.497528024
2021-02-10,46589.58,152367873.16992718,49429153.26156691
2021-02-11,44878.17,137450738.7337105,47377470.06192563
2021-02-12,48013.38,151302363.56734022,53308083.0824142
2021-02-13,47471.4,167285007.6061438,53952453.191675015
2021-02-14,47185.19,158760930.78544855,50339561.18150959
2021-02-15,48720.37,160891949.9906224,51761591.27857075
2021-02-16,47951.85,128926661.9130153,42832906.95827337
2021-02-17,49160.1,147040325.15699264,51285528.64317585
2021-02-18,52118.23,145974815.55440575,53678746.908786446
2021-02-19,51608.15,163181402.20420986,59244126.437538244
2021-02-20,55916.5,157667240.0893604,59691256.6875985
2021-02-21,56001.2,152267677.07260144,57635434.78941177
2021-02-22,57487.86,143628376.2457872,52905473.90020501
2021-02-23,54123.4,137148900.6256765,48487887.64094238
2021-02-24,48880.43,171706103.93293357,59746178.57906681
2021-02-25,50624.84,168466366.12287825,57792548.4154015
2021-02-26,46800.42,150107851.8658979,47395143.797322005
2021-02-27,46340.31,169546278.72623003,51148405.64582984
2021-02-28,46155.87,141468551.03908366,40396048.67600178
2021-03-01,45113.92,140388638.43573186,44513744.099418715
2021-03-02,49618.43,154427502.27930507,50567917.70753806
2021-03-03,48356.04,164146715.7094711,55147754.83271214
2021-03-04,50477.7,138228813.22902828,45722350.32302363
2021-03-05,48448.91,160906977.89941573,49815984.01444393
2021-03-06,48861.38,162254330.9888254,49711918.89213497
2021-03-07,48881.59,155665151.9066483,49451162.50304934
2021-03-08,51169.7,165260948.9419896,53803631.21964566
2021-03-09,52299.33,149267953.88308737,52888356.46482327
2021-03-10,54881.52,158863750.91842875,57652864.476403445
2021-03-11,55997.23,140738356.51833954,52736912.574518405
2021-03-12,57764.0,159929950.58902222,60000114.24336446
2021-03-13,57253.28,152466552.89486787,59410978.32581383
2021-03-14,61258.73,167393348.28317663,64756375.034695014
2021-03-15,59133.47,157797551.24783528,59673362.68696073
2021-03-16,55754.72,158863750.91842875,57657199.41954258
2021-03-17,56872.38,145003155.2007135,54456146.879519716
2021-03-18,58913.0,162062349.9302092,64386085.97207126
2021-03-19,57665.9,158357615.36380938,61617467.94631133
2021-03-20,58075.1,167389189.0439892,61522483.4952451
2021-03-21,58085.8,169563074.61598912,60066262.67738397
2021-03-22,57411.17,164128360.68598944,58540676.97897906
2021-03-23,54204.96,174997788.54598877,60904323.71943131
2021-03-24,54477.46,165215303.47198936,56905120.7290735
2021-03-25,52508.23,167389189.0439892,55913485.57796882
2021-03-26,51415.92,147824218.8959905,49554041.05561001
2021-03-27,55074.47,172823902.97398886,59212965.29536148
2021-03-28,55863.93,172823902.97398886,58772016.35476238
2021-03-29,55783.71,164128360.68598944,59732041.28817989
2021-03-30,57627.67,158693646.7559898,58978791.97986809
2021-03-31,58730.13,170650017.401989,63698731.011946015
2021-04-01,58735.25,157606703.96998987,58722692.65813852
2021-04-02,58736.92,160517766.38346806,57243512.862984665
2021-04-03,59031.32,150672055.73110902,54056516.12378918
2021-04-04,57076.49,167924581.1965032,56501558.977773495
2021-04-05,58206.55,179426264.84009933,62213130.42119343
2021-04-06,59054.1,165624244.467784,58865753.6739137
2021-04-07,58020.46,180576433.20445892,61699929.39559078
2021-04-08,55947.27,154122560.82418784,53025106.53857864
2021-04-09,58048.59,174825591.38266087,62936805.508286126
2021-04-10,58102.58,180576433.20445892,64092742.42249997
2021-04-11,59774.0,166774412.8321436,58799840.659562446
2021-04-12,59964.87,165624244.467784,59662203.17826638
2021-04-13,59834.74,163323907.73906472,61441759.0375718
2021-04-14,63554.44,155272729.1885475,63141327.402798735
2021-04-15,62969.12,198514005.70963436,80172244.97007681
2021-04-16,63252.63,120743465.5644424,48356808.52401327
2021-04-17,61455.98,106676265.69285686,45028087.58663974
2021-04-18,60087.09,145361065.33971703,57721965.5233542
2021-04-19,56251.48,113709865.62864962,47180246.47068432
2021-04-20,55703.14,150050131.96357888,62004693.81146113
2021-04-21,56507.91,118398932.25251147,49225543.81325493
2021-04-22,53808.8,167634131.8030608,64293952.906998485
2021-04-23,51731.71,158255998.5553371,55567384.88797259
2021-04-24,51153.13,169978665.11499172,53877732.96517578
2021-04-25,50110.53,165289598.49112985,49453312.869487576
2021-04-26,49075.58,133638398.78006244,47389587.56067316
2021-04-27,54056.64,166461865.14709532,57182089.25851064
2021-04-28,55071.46,166461865.14709532,56029341.15713478
2021-04-29,54884.1,143016532.0277861,48848197.60179543
2021-04-30,53584.15,169978665.11499172,59389761.303177826
2021-05-01,57796.62,158954589.9843886,56995422.307202466
2021-05-02,57857.5,189527186.50027975,70637245.5046327
2021-05-03,56610.46,181331416.27324066,71252796.33298717
2021-05-04,57213.33,185429301.3867602,68034176.30412355
2021-05-05,53241.72,160841990.70564282,61161963.09240894
2021-05-06,57473.23,174160117.3245814,66659326.27502956
2021-05-07,56428.16,176209059.88134116,71663298.61460015
2021-05-08,57380.27,175184588.60296133,67678884.92096624
2021-05-09,58928.81,190551657.77865964,71465404.01503558
2021-05-10,58280.73,184404830.1083803,71072062.4963203
2021-05-11,55883.5,176209059.88134116,64607298.400094174
2021-05-12,56750.0,176209059.88134116,64585949.4848341
2021-05-13,49007.09,185896531.25400168,53650242.51126909
2021-05-14,49702.27,166839065.28467855,45652932.824427664
2021-05-15,49922.52,153143321.1195184,41386831.59001042
2021-05-16,46736.58,164348929.98192218,41709082.876608536
2021-05-17,46441.64,150653185.81676203,36875391.36590077
2021-05-18,43596.24,124506765.13781983,30628667.240716435
2021-05-19,42912.19,155633456.42227483,36558890.15030742
2021-05-20,36964.27,139447576.95435822,33135536.43756745
2021-05-21,40784.32,136957441.6516018,31984319.396481585
2021-05-22,37280.35,144427847.55987102,31076144.881794974
2021-05-23,37528.3,148163050.51400563,28944158.98421438
2021-05-24,34754.54,156878524.07365298,32668797.23653627
2021-05-25,38728.59,153143321.1195184,32577927.94728843
2021-05-26,38410.5,151898253.46814018,32976616.14112848
2021-05-27,39266.04,145672915.21124923,30872457.374978814
2021-05-28,38445.29,148163050.51400563,29892496.4361271
2021-05-29,35689.62,144427847.55987102,27237217.139367037
2021-05-30,34647.67,151858199.84334671,33235125.091146626
2021-05-31,35684.59,147526659.02062267,33914623.681255355
2021-06-01,37310.54,148572947.38247102,34238305.81555942
2021-06-02,36662.64,173683868.0668324,41033277.7360982
2021-06-03,37585.24,153804389.191713,37237145.28549553
2021-06-04,39188.59,137063775.4021388,32433139.613245476
2021-06-05,36885.51,137063775.4021388,31004148.542508267
2021-06-06,35530.38,156943254.27725816,34551597.29480198
2021-06-07,35816.17,139156352.12583557,32065211.206185155
2021-06-08,33514.87,155896965.91540977,31680869.696719125
2021-06-09,33450.19,131832333.59289683,29082024.72863661
2021-06-10,37338.36,123462026.69810976,28990968.607225362
2021-06-11,36704.57,109860277.9940807,25753794.507168025
2021-06-12,37313.18,138110063.76398718,31189778.559382275
2021-06-13,35494.9,136724465.12868512,31382108.55365283
2021-06-14,39066.82,133766696.2189013,36421303.120417744
2021-06-15,40525.8,129803238.5531561,34465050.9411636
2021-06-16,40188.56,121876323.22166562,31780141.800057426
2021-06-17,38324.87,128812374.13671976,32585835.143843785
2021-06-18,38068.04,122867187.63810194,29858234.31511843
2021-06-19,35729.82,102059034.89293952,23856840.00185822
2021-06-20,35524.17,104040763.72581212,23743052.0992393
2021-06-21,35592.35,104040763.72581212,23126700.279965036
2021-06-22,31686.55,90168661.89570382,19804046.130290017
2021-06-23,32447.59,100077306.0600669,23621428.331087295
2021-06-24,33674.66,104040763.72581212,23766132.38608606
2021-06-25,34639.38,108995085.80799364,24364896.164727684
2021-06-26,31640.58,88186933.06283121,18459502.48536148
2021-06-27,32160.91,58461000.569742054,13064509.932234002
2021-06-28,34644.45,86205204.22995861,20581265.559633788
2021-06-29,34456.67,89177797.47926754,21860395.240822982
2021-06-30,35847.7,88186933.06283121,21597056.01010785
2021-07-01,35047.36,94132119.56144907,22482193.59954811
2021-07-02,33536.88,89177797.47926754,20787750.55088921
2021-07-03,33856.86,98706076.21227616,29286315.156302497
2021-07-04,34688.98,82108836.0775171,26850966.694825143
2021-07-05,35309.3,94246664.01941094,29781454.423735674
2021-07-06,33747.97,101386562.80876024,31922406.81313202
2021-07-07,34211.01,87820755.10899657,27871474.456535358
2021-07-08,33839.04,99244593.17195547,29946768.12842675
2021-07-09,32877.41,93532674.14047602,28042394.08723746
2021-07-10,33818.52,114952370.50852396,34562838.34397255
2021-07-11,33515.57,89248734.86686642,27450462.488367923
2021-07-12,34227.64,89962724.74580133,27887294.46842595
2021-07-13,33158.25,97102623.53515066,28926080.150108404
2021-07-14,32686.56,121378279.41893831,35713899.102159716
2021-07-15,32814.61,91390704.50367121,26360965.372066207
2021-07-16,31738.59,107098481.84023969,30312671.303400345
2021-07-17,31421.25,101997588.09440474,28583415.04251025
2021-07-18,31520.66,97872242.08868839,28985344.268370077
2021-07-19,31783.49,115543619.13247934,33665753.26013767
2021-07-20,30815.94,82919538.43624988,23622405.807595752
2021-07-21,29790.24,98551910.4365265,28599770.53082254
2021-07-22,32118.06,103989257.2192314,32359585.956606735
2021-07-23,32297.89,91755226.95814537,27972459.84596659
2021-07-24,33581.63,104668925.56706952,33022007.456692234
2021-07-25,34279.34,103989257.2192314,33196893.294046123
2021-07-26,35365.2,101950252.17571706,36493145.8849538
2021-07-27,37318.14,115543619.13247934,40625844.53592668
2021-07-28,39405.95,106707930.61058386,39723886.333062276
2021-07-29,40002.53,108746935.65409821,40901817.89725001
2021-07-30,40005.93,112824945.7411269,42087445.1906185
2021-07-31,42214.15,112465862.12588961,41621939.121906385
2021-08-01,41659.06,110975800.79118258,40874038.11368588
2021-08-02,40000.46,103048957.87752669,35937889.12802676
2021-08-03,39193.94,121785132.03707698,41637592.37890438
2021-08-04,38138.0,98004603.29610927,33520445.171270356
2021-08-05,39750.14,115299533.28954034,39935192.170622125
2021-08-06,40882.0,114578911.20648071,41573126.86150505
2021-08-07,42825.95,120343887.87095772,45850268.790412456
2021-08-08,44634.13,113858289.12342106,44179354.81712923
2021-08-09,43816.14,109534556.62506332,43228448.21630561
2021-08-10,46333.46,118902643.70483847,48233368.67053298
2021-08-11,45608.37,105931446.20976518,42939210.622138664
2021-08-12,45611.46,108813934.5420037,42929376.7834287
2021-08-13,44417.78,108175319.62792763,42018438.48174473
2021-08-14,47833.98,126820808.5468918,48765927.53500252
2021-08-15,47112.19,140740165.58252627,53211493.46389551
2021-08-16,47056.41,124500915.70761941,47962042.2573277
2021-08-17,45982.55,133007189.45161822,51238797.93256642
2021-08-18,44648.57,104395177.76725851,38733931.86284885
2021-08-19,44777.86,119087832.41598378,44064382.99067613
2021-08-20,46734.65,123727618.0945286,48449546.18566341
2021-08-21,49327.75,131460594.22543663,52705962.505506665
2021-08-22,48932.02,126820808.5468918,50723143.42981716
2021-08-23,49335.68,152339629.77888831,62783444.839141734
2021-08-24,49523.5,119087832.41598378,48446097.43704099
2021-08-25,47744.58,130687447.2547367,48840322.24348587
2021-08-26,48972.09,127844614.11993943,44344740.93695561
2021-08-27,46962.8,127844614.11993943,44045251.69675718
2021-08-28,49056.86,123466373.91035247,43653820.949328326
2021-08-29,48897.65,136601094.53911337,48550300.09798564
2021-08-30,48806.78,118212485.65884812,41207632.496016696
2021-08-31,47074.77,126093318.03610466,43189750.75463795
2021-09-01,47155.87,119963781.7426829,41665458.82355731
2021-09-02,48862.76,130471558.24569161,47307177.29767034
2021-09-03,49329.01,129595910.20377423,47116728.859512806
2021-09-04,50035.33,135725446.49719596,49149539.307197995
2021-09-05,49947.38,143606278.8744525,52134864.51670021
2021-09-06,51769.06,150611463.20979166,57266555.76617543
2021-09-07,52677.4,133974150.41336119,50271634.77666399
2021-09-08,46809.17,129910433.67934506,41770433.46465715
2021-09-09,46078.38,125412870.36132078,40368816.125831656
2021-09-10,46368.69,124497447.94992428,39761194.02916377
2021-09-11,44847.48,135482516.8866823,42455401.022459485
2021-09-12,45144.79,134567094.4752858,42869858.34315411
2021-09-13,46059.12,145552163.4120438,45344744.03230823
2021-09-14,44968.76,153790965.11461234,49469863.80813275
2021-09-15,47072.12,129989982.41830327,43026873.39652887
2021-09-16,48167.85,124497447.94992428,41447857.65982055
2021-09-17,47785.26,134567094.4752858,45000740.70677981
2021-09-18,47263.6,141890473.7664578,47817679.60133659
2021-09-19,48259.45,146467585.8234403,48131991.96049828
2021-09-20,47249.38,150129275.4690263,46493150.405059814
2021-09-21,42901.56,113928907.44351819,33328734.036510628
2021-09-22,40619.27,126546633.84005067,36087715.34087247
2021-09-23,43604.76,155822347.6388684,46022168.07568965
2021-09-24,44888.96,139767923.94274256,40572791.526409164
2021-09-25,42815.56,135990412.4848306,38679199.26482163
2021-09-26,42742.01,131268523.16244063,38084247.824875385
2021-09-27,43182.63,146378568.99408844,43218816.609998696
2021-09-28,42238.2,143545435.4006545,40399023.488103874
2021-09-29,41011.16,122769122.38213871,34503900.23399902
2021-09-30,41522.38,161488614.82573634,46789306.0477054
2021-10-01,43757.81,132212901.02691859,40884975.737541296
2021-10-02,48140.11,177543038.52186212,56739068.277852364
2021-10-03,47727.1,141656679.6716985,45436120.54418755
2021-10-04,48205.72,147411968.39584854,47639372.834770404
2021-10-05,49143.95,162177735.83152118,52076953.33832859
2021-10-06,51505.83,129544410.9385932,43942894.697324865
2021-10-07,55343.76,139433297.2697835,49405388.008102894
2021-10-08,53801.1,118666635.97428384,41966394.782137804
2021-10-09,53867.3,148333294.9678548,52134455.4356277
2021-10-10,55122.59,157233292.66592607,55625852.15177321
2021-10-11,54625.74,144377740.43537864,52898159.498963125
2021-10-12,57452.01,132511076.83795026,48626582.2756845
2021-10-13,56242.94,167122178.99711636,60196305.44825861
2021-10-14,57406.69,135477742.7373074,51775839.05997654
2021-10-15,57397.74,139433297.2697835,54670343.84247817
2021-10-16,61641.17,131522188.20483124,51917022.70940908
2021-10-17,60948.78,158222181.29904512,61555796.558050446
2021-10-18,61546.21,146534419.32302314,58173901.823325954
2021-10-19,61971.59,154737198.72913387,61804734.85684274
2021-10-20,64287.64,148747371.68155453,61742492.207179874
2021-10-21,66063.56,147749067.17362463,60807152.14749298
2021-10-22,62354.86,157732112.25292358,63205405.89871215
2021-10-23,60697.06,144754153.64983496,56004608.352318116
2021-10-24,61277.28,152740589.71327412,58596760.65179703
2021-10-25,60884.18,181691420.4432411,74417752.58679873
2021-10-26,63070.54,149745676.18948442,59364122.89428637
2021-10-27,60345.17,156733807.7449937,59080371.713124186
2021-10-28,58538.49,152740589.71327412,58309865.54726451
2021-10-29,60587.09,170710070.85601225,68395070.2356678
2021-10-30,62249.18,154737198.72913387,60386548.96774499
2021-10-31,61731.29,140175299.14944655,53663037.31103792
2021-11-01,61373.44,159350397.00608382,57638512.187306106
2021-11-02,61029.5,170117315.72271112,62861190.1269139
2021-11-03,63241.11,173347391.33769932,64240988.99089417
2021-11-04,62954.86,153966937.6477702,56277841.55081707
2021-11-05,61441.83,166887240.1077229,60649721.91761671
2021-11-06,61072.32,165810548.2360602,59379244.680895254
2021-11-07,61516.31,164733856.36439747,60030049.95190955
2021-11-08,63293.22,145353402.67446837,57270493.48673426
2021-11-09,67562.17,163657164.49273473,65840419.26028567
2021-11-10,66954.11,160427088.87774655,63548112.515628144
2021-11-11,64976.73,170117315.72271112,65183349.254919946
2021-11-12,64838.81,152890245.77610743,57924016.809395894
2021-11-13,64254.67,164733856.36439747,62698179.56412874
2021-11-14,64420.94,175094161.92837763,65428799.071050175
2021-11-15,65468.75,170197841.36837798,63153343.37694485
2021-11-16,63584.25,169070703.34607086,58617039.19308355
2021-11-17,60172.26,167943565.3237637,56531418.51943135
2021-11-18,60381.35,162307875.21222803,53828907.24201124
2021-11-19,56921.34,154417909.05607805,49667132.61160643
2021-11-20,58133.02,163435013.23453516,53936028.205529585
2021-11-21,59777.98,148782218.94454235,50108593.37844211
2021-11-22,58755.9,158926461.1453066,51325923.632378705
2021-11-23,56301.52,148782218.94454235,48326099.813289404
2021-11-24,57578.22,176960669.50222084,57141084.06903095
2021-11-25,57187.54,146527942.89992806,48130860.01937926
2021-11-26,58935.45,148782218.94454235,46589569.53114692
2021-11-27,53588.21,161180737.1899209,49251516.20260195
2021-11-28,54801.15,155225116.619112,47788162.453428775
2021-11-29,57292.28,158774565.17985132,52131631.55640632
2021-11-30,57828.45,148781760.37832215,48794504.356670626
2021-12-01,57025.79,152112695.31216523,50326073.90682207
2021-12-02,57229.76,172098304.91522342,56025370.80177908
2021-12-03,56508.48,186532356.29520994,60163624.383973464
2021-12-04,53713.84,172098304.91522342,48318140.19851063
2021-12-05,49253.86,184311733.00598127,52043857.44207013
2021-12-06,49380.43,190973602.87366727,53085916.57636109
2021-12-07,50564.63,170987993.2706091,49684990.70866684
2021-12-08,50645.41,186532356.29520994,53150535.42389043
2021-12-09,50511.12,180980798.07213816,50546267.60547939
2021-12-10,47659.68,173208616.55983782,47537565.141738296
2021-12-11,47137.46,176161777.07292455,46068658.14190287
2021-12-12,49379.67,168385593.54016247,43658657.58972005
2021-12-13,50117.25,169588347.7797351,43671664.546457544
2021-12-14,46757.09,178007627.4567432,44651133.47405578
2021-12-15,48392.79,169588347.7797351,43208574.52487161
2021-12-16,48884.66,138316737.55084777,35647706.322254986
2021-12-17,47658.38,179210381.69631582,45001267.21451994
2021-12-18,46173.51,153952542.66529143,37344542.956068635
2021-12-19,46863.67,179210381.69631582,44556197.850929074
2021-12-20,46689.28,173196610.49845287,42533811.43613241
2021-12-21,46910.13,193643432.5711869,48349569.819188565
2021-12-22,48934.57,178007627.4567432,45795454.37454408
2021-12-23,48628.35,182818644.41503358,47340546.687688515
2021-12-24,50785.69,181615890.175461,49180777.12235141
2021-12-25,50814.92,177149566.7855162,47109105.267881535
2021-12-26,50470.89,161682278.52670813,42660691.90296564
2021-12-27,50801.11,178574456.88024485,47659524.9782583
2021-12-28,50692.3,161682278.52670813,43360200.30927323
2021-12-29,47601.26,174954704.37591556,43919738.49894784
2021-12-30,46408.87,143583516.00506175,35335901.07549222
2021-12-31,47132.96,179781041.0483546,44744369.164881885
2022-01-01,46249.56,207532476.9148791,50149010.75444461
2022-01-02,47763.33,190640298.56134245,48206934.99043735
2022-01-03,47327.87,168921783.5353667,41960366.0938647
2022-01-04,46441.99,177367872.71213505,43285514.636499785
2022-01-05,45862.98,180987625.21646434,43723000.844989486
2022-01-06,43436.17,176161288.5440253,40297229.196211085
2022-01-07,43120.63,168921783.5353667,38347303.45149112
2022-01-08,41528.04,174242949.24269608,37777816.26905982
2022-01-09,41690.93,170826076.6426718,37068053.16263282
2022-01-10,41864.44,172037609.10113046,37634287.25433144
2022-01-11,41849.0,191422128.4364691,41815945.08734196
2022-01-12,42723.37,168403011.72575447,37614100.691172846
2022-01-13,43926.0,216864310.0641011,49600693.77700761
2022-01-14,42546.44,192633660.89492777,42691914.993998244
2022-01-15,43099.37,201114388.10413846,45035758.865415215
2022-01-16,43146.53,212018180.23026645,47466219.95913501
2022-01-17,43102.44,195056725.81184512,43763608.21850503
2022-01-18,42248.35,164768414.35037845,36125898.01400663
2022-01-19,42381.48,209595115.3133491,46790137.070109926
2022-01-20,41707.85,204748985.47951442,46535284.65994317
2022-01-21,40684.42,175442615.30802113,32978968.483064435
2022-01-22,36480.85,177474949.66786668,30110451.200228963
2022-01-23,35071.43,186746029.1281284,31485076.13631871
2022-01-24,36280.82,198665988.43417916,33828656.38463798
2022-01-25,36678.82,201314868.2799682,35087221.533111915
2022-01-26,36948.81,172177189.9762886,31353367.591352165
2022-01-27,36823.5,173501629.89918315,30227465.24249586
2022-01-28,37146.85,203963748.12575728,36132765.51223091
2022-01-29,37770.15,197341548.51128462,35684124.95720539
2022-01-30,38186.49,193368228.74260104,35525578.69076615
2022-01-31,37918.62,189394908.97391748,34119747.246724606
2022-02-01,38521.79,203963748.12575728,37673152.98982954
2022-02-02,38739.74,202639308.20286274,36860308.934098706
2022-02-03,36912.68,194692668.66549554,34674721.34039274
2022-02-04,37092.4,172445464.54596007,31845046.91622716
2022-02-05,41584.19,157888391.82261464,31486890.20937454
2022-02-06,41435.43,206979740.54057044,40981670.2961239
2022-02-07,42450.98,180443876.3687024,37290363.04673385
2022-02-08,43834.02,204326154.12338364,43425193.84147107
2022-02-09,44133.28,185751049.20307598,39687367.621881716
2022-02-10,44397.3,195038601.66322982,41628004.65890094
2022-02-11,43531.11,188404635.6202628,39575264.28538539
2022-02-12,42401.27,248110330.00696588,50024190.99933506
2022-02-13,42245.56,209633326.9577572,42217994.28383549
2022-02-14,42104.89,202999360.9147902,40840022.9699916
2022-02-15,42580.94,232188811.50384504,48533029.988415286
2022-02-16,44536.2,206979740.54057044,43917652.26947889
2022-02-17,43948.81,213256529.5453799,42514659.43399647
2022-02-18,40565.69,186294128.8834766,34237766.888329044
2022-02-19,40014.55,207147949.28088072,37609546.79569337
2022-02-20,40115.05,200196675.81507933,35174070.58003432
2022-02-21,38382.32,171001327.25871363,30026576.035308674
2022-02-22,37031.08,211318713.36036152,36863634.739900105
2022-02-23,38262.17,208538203.974041,36162771.65050291
2022-02-24,37291.48,183513619.49715608,30647564.869713258
2022-02-25,38344.78,186294128.8834766,33004416.88059454
2022-02-26,39222.6,173781836.64503416,33937773.77919107
2022-02-27,39103.91,189074638.26979718,33197207.97966266
2022-02-28,37704.56,214099222.7466821,38215480.803591736
2022-03-01,43226.36,225221260.29196426,45022611.375640556
2022-03-02,44418.83,189074638.26979718,38804384.27420314
2022-03-03,43934.85,204908164.05639085,40853667.55342594
2022-03-04,42464.4,190365286.64550212,36333926.06318503
2022-03-05,39141.25,168452735.66472492,31045143.393329486
2022-03-06,39399.58,179409011.15511352,32347699.625522234
2022-03-07,38407.69,202691096.5721893,35836828.333603054
2022-03-08,38032.5,202691096.5721893,36210238.39567659
2022-03-09,38753.1,188995752.20920354,36284340.42352956
2022-03-10,41956.53,198582493.2632936,36518474.15193781
2022-03-11,39437.89,188995752.20920354,34515891.5467418
2022-03-12,38741.04,213647372.0625779,38434246.099250704
2022-03-13,38809.18,206799699.88108504,37950813.21329494
2022-03-14,37820.39,209538768.75368217,37379620.92665644
2022-03-15,39680.6,190365286.64550212,34327601.17776097
2022-03-16,39320.82,212277837.6262793,39891546.92008823
2022-03-17,41133.08,217523034.50856918,41116830.88643309
2022-03-18,40946.78,195149454.73662692,36959271.78465093
2022-03-19,41795.77,211525632.75648364,40889732.80176486
2022-03-20,42222.32,210160951.25482893,40348467.979107276
2022-03-21,41250.83,208796269.7531742,39709506.7408471
2022-03-22,41071.41,203337543.74655527,39888938.43880881
2022-03-23,42372.67,197878817.73993632,38783180.0235644
2022-03-24,42905.06,195149454.73662692,39187876.825965054
2022-03-25,44004.47,212890314.25813842,43756450.86032028
2022-03-26,44334.33,219713721.76641208,45600899.41748507
2022-03-27,44542.39,178773276.7167701,37615484.28724999
2022-03-28,46858.53,216984358.7631026,47542865.0580031
2022-03-29,47115.93,206066906.74986473,45330581.00512871
2022-03-30,47448.01,184232002.723389,40379135.25749871
2022-03-31,47064.16,194247387.85170582,41070779.19109971
2022-04-01,45539.22,200371606.28467658,40957428.26029431
2022-04-02,46282.56,191845154.95341378,40410667.775713935
2022-04-03,45825.36,197529455.84092233,40719203.40116903
2022-04-04,46425.52,224529885.05658796,46006388.367499836
2022-04-05,46611.26,206055907.17218518,43133876.22847358
2022-04-06,45508.16,213161283.28157085,42945671.125871725
2022-04-07,43190.18,196108380.6190452,38455362.05837601
2022-04-08,43464.32,190424079.73153663,37320148.66696341
2022-04-09,42278.94,217424508.94720227,40940631.083559595
2022-04-10,42787.69,198950531.06279945,37708697.08826943
2022-04-11,42144.23,194687305.39716807,35801153.7575258
2022-04-12,39488.62,217424508.94720227,38608644.81354976
2022-04-13,40102.2,198950531.06279945,35934245.390805714
2022-04-14,41148.06,194492275.55499536,35605625.47699982
2022-04-15,39939.9,221692722.83303383,40084844.38845567
2022-04-16,40566.2,188017878.85839576,34087053.88136647
2022-04-17,40388.78,231514552.3256366,41812904.43432423
2022-04-18,39711.45,188017878.85839576,33554776.284819625
2022-04-19,40805.72,173986693.86896327,32209953.668280132
2022-04-20,41507.3,224498959.83092037,41826936.375276946
2022-04-21,41375.79,237127026.3214096,44502886.442155205
2022-04-22,40514.01,189420997.35733905,34361884.54129586
2022-04-23,39727.65,228708315.3277501,40745768.893821314
2022-04-24,39429.01,239933263.31929615,42636545.7644565
2022-04-25,39465.57,227305196.82880685,40289919.57795723
2022-04-26,40472.7,196436589.85205528,35239242.8595404
2022-04-27,38114.94,243130347.43116814,42682531.77661201
2022-04-28,39249.28,195503620.58301136,33133353.767992403
2022-04-29,39770.04,222163205.20796743,37250318.228731774
2022-04-30,38596.28,222163205.20796743,37031311.35450528
2022-05-01,37661.19,247341701.7982037,40525650.90483759
2022-05-02,38475.48,236974085.55516526,39108990.57072583
2022-05-03,38510.65,222163205.20796743,36261069.13022227
2022-05-04,37727.19,216238853.06908828,35874583.44265635
2022-05-05,39674.89,232530821.4510059,38641030.35769125
2022-05-06,36549.9,210314500.93020916,33183643.797513317
2022-05-07,36013.03,211795588.96492898,32602912.26993024
2022-05-08,35471.42,229568645.3815663,33974516.54944232
2022-05-09,34082.21,229568645.3815663,32281111.722359955
2022-05-10,30175.71,226823707.2333046,30465538.02318894
2022-05-11,31003.93,225257597.8912952,28343738.791651182
2022-05-12,28907.15,209722591.14017138,24910276.04431027
2022-05-13,28931.14,236132102.61708185,29699309.994814295
2022-05-14,29234.06,219043595.19084564,26686030.01263232
2022-05-15,30074.61,189527082.3637104,24578778.358040176
2022-05-16,31277.43,254774110.71843037,31772670.37384658
2022-05-17,29834.09,228364599.24151993,28397876.911416225
2022-05-18,30406.69,208169090.46505895,25306893.23674115
2022-05-19,28680.97,189527082.3637104,23435982.235559683
2022-05-20,30289.87,198848086.4143847,24396025.31830604
2022-05-21,29159.5,209722591.14017138,25484061.476900727
2022-05-22,29409.92,189527082.3637104,23009314.62947053
2022-05-23,30278.94,248560108.0179809,30625921.205748186
2022-05-24,29074.33,186420081.01348567,22433703.218245413
2022-05-25,29634.57,219801139.27751222,27361186.722105965
2022-05-26,29518.59,209555369.85718095,26482376.46347083
2022-05-27,29193.92,205096744.96660265,25425348.715936277
2022-05-28,28578.89,219958827.93519703,27065998.546294734
2022-05-29,29013.69,221445036.23205647,27414129.737638846
2022-05-30,29448.74,228876077.71635368,29800801.818885755
2022-05-31,31715.58,216986411.34147817,29372134.95779295
2022-06-01,31776.27,202124328.37288374,27036571.0242234
2022-06-02,29780.81,185776037.10742992,24078261.13086094
2022-06-03,30429.88,212527786.45089987,27375084.123566274
2022-06-04,29681.76,206582953.2634621,26568669.47749069
2022-06-05,29845.23,216986411.34147817,27875286.504213616
2022-06-06,29901.35,222931244.5289159,30106422.182860665
2022-06-07,31349.82,240765744.0912292,30734883.340573177
2022-06-08,31117.83,266405768.7361438,34287068.1631562
2022-06-09,30189.25,219787040.37955952,27926688.309601095
2022-06-10,30083.46,221292431.06709072,27700978.416366063
2022-06-11,29059.41,231830165.87980935,28151998.793329187
2022-06-12,28344.5,191184617.31646615,22570359.738649927
2022-06-13,26593.3,200216961.44165352,21082032.12089888
2022-06-14,22431.22,219787040.37955952,20795095.681292698
2022-06-15,22189.29,248389463.44265285,22563087.3790371
2022-06-16,22550.79,179141491.81621632,16428520.670604495
2022-06-17,20350.48,162582194.2533728,14401300.628939329
2022-06-18,20434.75,234840947.25487182,19163215.151645448
2022-06-19,18977.51,200216961.44165352,16242774.013369894
2022-06-20,20540.38,198711570.75412232,17360898.517726563
2022-06-21,20582.29,225808603.12968442,20006142.935754422
2022-06-22,20703.51,193273708.26929793,16701527.504797904
2022-06-23,19953.71,223431040.49785998,20024451.814883567
2022-06-24,21088.3,189622396.21199957,17574926.41878236
2022-06-25,21194.68,221961099.44195303,20329812.478044495
2022-06-26,21481.38,202851865.7151624,18725062.505838733
2022-06-27,21020.04,199911983.60334843,18196705.11645031
2022-06-28,20702.23,214611394.16241816,19472210.904391408
2022-06-29,20256.61,221961099.44195303,19294230.33796317
2022-06-30,20085.93,251359920.5600925,20986948.239193026
2022-07-01,19865.7,196972101.49153444,16732216.51579779
2022-07-02,19226.7,202851865.7151624,16848775.516847175
2022-07-03,19224.75,227840863.6655809,18764021.978929583
2022-07-04,19288.97,210201570.99469727,17710446.53341544
2022-07-05,20208.45,173453044.59702292,15144619.104130745
2022-07-06,20181.91,186682514.1001857,16778177.282876246
2022-07-07,20545.61,227544125.37384427,20869123.264439654
2022-07-08,21633.44,214480636.40419686,20610085.030495834
2022-07-09,21636.45,194191927.5551512,18735674.272919107
2022-07-10,21582.6,221726603.8502846,20789681.39197659
2022-07-11,20834.61,178250799.1737582,16078738.285628874
2022-07-12,19946.31,218828216.87184954,19253095.526382394
2022-07-13,19292.99,159411283.8139301,13928315.139691427
2022-07-14,20223.69,179699992.6629758,16308882.031267505
2022-07-15,20568.9,205785475.4688916,18967211.435173098
2022-07-16,20835.61,214480636.40419686,19644545.69899658
2022-07-17,21197.1,179699992.6629758,17327703.097352717
2022-07-18,20774.23,189844347.0874986,18303796.242508292
2022-07-19,22538.08,199988701.51202142,19972141.1063353
2022-07-20,23403.29,182598379.64141086,19141473.222768992
2022-07-21,23227.22,199187652.45519632,20768206.558513064
2022-07-22,23154.09,181711862.6387281,19591278.209783014
2022-07-23,22687.08,211997173.07851613,21918540.32658128
2022-07-24,22461.7,216126988.13848722,22447659.673061103
2022-07-25,22582.4,195477912.83863172,20068081.035220552
2022-07-26,21300.72,220256803.19845834,21346601.625572704
2022-07-27,21267.33,227139828.29841012,22439607.328241665
2022-07-28,22950.29,194101307.8186414,21195787.991195064
2022-07-29,23856.25,200984332.91859323,22164587.54094538
2022-07-30,23792.0,177582047.57875702,19669633.42707722
2022-07-31,23647.99,209243963.0385354,22797365.361192845
2022-08-01,23326.49,187218282.71868956,20057094.21660737
2022-08-02,23298.94,213373778.09850645,22887535.789081786
2022-08-03,22981.77,199607727.89860287,21334680.69864296
2022-08-04,22831.85,183173748.80206442,19247521.080682665
2022-08-05,22608.3,210085555.03954557,22040552.556791432
2022-08-06,23295.14,225491829.07577893,23640706.63329386
2022-08-07,22947.19,222690688.3419183,23450786.345573593
2022-08-08,23174.25,201682132.83796376,22072627.08704081
2022-08-09,23816.32,200281562.47103348,21500771.45078992
2022-08-10,23156.31,207284414.30568495,22048657.032706514
2022-08-11,23959.92,196079851.3702425,21798985.531577673
2022-08-12,23953.77,215687836.5072668,23487535.54544685
2022-08-13,24418.38,194679281.00331223,21597981.286947653
2022-08-14,24447.13,186275858.8017304,20561929.591036644
2022-08-15,24314.89,203082703.20489404,22246761.581903826
2022-08-16,24096.19,207284414.30568495,22451185.11887194
2022-08-17,23876.29,180673577.33400917,19823143.47206977
2022-08-18,23332.09,202403376.03316846,21426691.80720861
2022-08-19,23193.99,250867150.78611156,24646037.773745745
2022-08-20,20843.22,209995536.33219454,19906048.078724258
2022-08-21,21150.33,205767438.2852376,19658711.446938902
2022-08-22,21520.51,204358072.2695853,20049502.855463784
2022-08-23,21402.93,242410954.69219768,23241671.09599258
2022-08-24,21516.02,205767438.2852376,19789812.78474593
2022-08-25,21377.51,224089196.48871768,21711435.8619223
2022-08-26,21597.93,248048418.754807,23607458.78269579
2022-08-27,20233.32,204358072.2695853,18417353.539063282
2022-08-28,20035.59,226907928.52002233,20531551.535323694
2022-08-29,19550.07,221270464.45741308,19815545.48503768
2022-08-30,20290.41,228317294.5356746,20898311.567606837
2022-08-31,19793.02,219862688.89188153,18973801.675528973
2022-09-01,20047.68,212503108.15739748,17519322.333246782
2022-09-02,20130.52,198644209.79930627,16573004.97125154
2022-09-03,19952.91,226362006.5154886,18503841.810108278
2022-09-04,19834.94,258699436.01770127,21001414.01336134
2022-09-05,19994.65,235601272.08754936,19217857.628245473
2022-09-06,19789.87,218662618.53877124,17711313.57191243
2022-09-07,18806.7,224822128.92014512,17522524.6768538
2022-09-08,19280.08,195564454.60861945,15580902.145009369
2022-09-09,19327.53,226362006.5154886,19406879.308704853
2022-09-10,21387.58,241760782.46892318,21254611.329074144
2022-09-11,21673.03,281797599.94785315,25190836.06469254
2022-09-12,21794.52,235601272.08754936,21457966.189803272
2022-09-13,22392.71,211972242.0735515,18880378.13599022
2022-09-14,20172.56,202308899.97494468,16390122.367911555
2022-09-15,20219.55,234168569.26233754,18722547.16017402
2022-09-16,19694.69,203901883.4393143,16155813.96987422
2022-09-17,19787.61,270807188.94283926,22046267.351943973
2022-09-18,20122.71,245319453.51292506,19614731.42557514
2022-09-19,19415.86,207087850.36805362,15916507.708788954
2022-09-20,19542.2,242133486.58418575,18547287.27541817
2022-09-21,18879.96,224610668.47611964,17044371.760123417
2022-09-22,18507.36,203901883.4393143,15405709.406264087
2022-09-23,19408.63,215052767.68990183,16388196.049952148
2022-09-24,19280.58,232575585.79796788,17641158.57969013
2022-09-25,18931.79,234168569.26233754,18123081.63232435
2022-09-26,18807.71,238947519.65544644,18586164.0791014
2022-09-27,19227.26,205494866.90368393,16499416.47586462
2022-09-28,19104.89,234283743.87934902,18194817.839215636
2022-09-29,19530.71,222928606.67506388,17625877.85463125
2022-09-30,19598.86,263461080.61598453,20961626.892611515
2022-10-01,19427.2,282168376.2810249,22356100.356481753
2022-10-02,19314.69,244753784.95094424,19049496.73083795
2022-10-03,19049.72,240076961.03468415,18822692.57300482
2022-10-04,19632.61,254107432.78346437,20497223.57467133
2022-10-05,20342.25,272814728.44850475,22220525.211607706
2022-10-06,20167.79,247871667.56178424,20238932.999599468
2022-10-07,19956.49,266578963.2268246,21329735.82923857
2022-10-08,19544.82,272814728.44850475,21693311.538908795
2022-10-09,19417.73,246312726.25636423,19801812.92339956
2022-10-10,19441.88,281762541.4868823,20456350.29360484
2022-10-11,19132.52,277924882.20287925,19592269.926100034
2022-10-12,19049.64,242520438.6101558,16543247.306288254
2022-10-13,19156.21,253141771.68797284,17339850.420349475
2022-10-14,19383.33,276154660.02324307,19349674.895805754
2022-10-15,19184.71,269073771.3046984,18603429.731474027
2022-10-16,19063.1,254911993.867609,17640377.301598247
2022-10-17,19265.53,265533326.94542602,18438405.724884216
2022-10-18,19548.97,251371549.5083366,17605946.973579727
2022-10-19,19330.74,267303549.1250622,18709672.39499181
2022-10-20,19125.65,256682216.04724517,17832142.511155218
2022-10-21,19046.83,276154660.02324307,18823653.62509549
2022-10-22,19171.34,240750216.43051958,16486650.382671941
2022-10-23,19205.45,274506216.9071191,18817002.899194233
2022-10-24,19565.91,249031192.74934924,16704131.75423753
2022-10-25,19338.9,223395628.7898574,15262936.713037344
2022-10-26,20101.27,283822315.2658024,20391787.49715678
2022-10-27,20772.36,247200081.03795698,17781054.472137854
2022-10-28,20288.52,291146762.1113715,20657842.562491424
2022-10-29,20601.63,261848974.7290952,18889102.554937232
2022-10-30,20816.16,247200081.03795698,17765496.375039846
2022-10-31,20628.5,316782326.0708633,22491183.834946454
2022-11-01,20499.29,263680086.4404874,19035680.24022811
2022-11-02,20486.26,223395628.7898574,15923465.095997136
2022-11-03,20153.99,300302320.6683329,21427249.233947724
2022-11-04,20208.16,236213410.7696033,17095479.28911212
2022-11-05,21152.93,276497868.4202333,20477935.245340105
2022-11-06,21292.67,250862304.46074155,18479805.99848374
2022-11-07,20920.33,263186945.48747677,19052783.19726433
2022-11-08,20598.44,297875786.9173795,20378818.583838027
2022-11-09,18540.11,272291363.5011629,16756916.904897429
2022-11-10,15856.95,268636445.8702748,15963715.774192441
2022-11-11,17550.23,244879481.2695022,14900952.885684296
2022-11-12,16990.26,305185622.17915577,17874099.03663277
2022-11-13,16776.4,235742187.19228196,13715309.636890972
2022-11-14,16310.3,224777434.2996177,13223056.11507164
2022-11-15,16587.96,283256116.39382714,16924308.163784713
2022-11-16,16873.56,274118822.31660694,16237808.609929381
2022-11-17,16662.24,252189316.5312784,15097004.518378556
2022-11-18,16682.44,254016775.34672245,15266118.620391032
2022-11-19,16683.22,268636445.8702748,15732345.425249888
2022-11-20,16687.8,272375605.3694332,15982750.015998334
2022-11-21,16260.41,236949653.97082296,13533870.26017263
2022-11-22,15759.61,231439196.90173405,12966806.15387219
2022-11-23,16194.75,258991482.2471786,15202435.491253067
2022-11-24,16606.77,236949653.97082296,13846331.44830637
2022-11-25,16592.67,225928739.83264518,13127718.390905542
2022-11-26,16507.44,200213273.51023027,11674337.0162286
2022-11-27,16453.47,249807387.13203046,14358617.123247962
2022-11-28,16420.2,255317844.20111936,14875224.88563531
2022-11-29,16208.96,240623292.0168823,13816257.51734792
2022-11-30,16432.73,253481025.1780897,15034912.97575721
2022-12-01,17170.62,281033310.52353424,17271537.924430106
2022-12-02,16971.57,229602377.87870446,13741034.339038419
2022-12-03,17091.23,240623292.0168823,14299138.04252222
2022-12-04,16894.23,257154663.22414896,15184340.833291633
2022-12-05,17117.57,268175577.36232677,16039165.975407021
2022-12-06,16967.02,231289584.01772717,14725089.485199377
2022-12-07,17085.45,292794732.7377177,18475685.995101217
2022-12-08,16836.05,284283257.94883054,17938099.11542059
2022-12-09,17234.58,258748833.58216918,16800417.04720075
2022-12-10,17128.55,262153423.49772403,17384313.195406716
2022-12-11,17124.99,250237358.793282,15911653.689838963
2022-12-12,17098.61,243428178.96217236,15426960.975362785
2022-12-13,17206.87,280878668.0332757,18300370.852563936
2022-12-14,17771.03,251939653.75105944,16824168.350794345
2022-12-15,17802.44,236618999.1310626,15628685.822634194
2022-12-16,17357.47,221298344.51106575,14457172.527777765
2022-12-17,16637.6,234916704.1732852,15352368.055325923
2022-12-18,16783.6,246832768.87772718,15369367.34579528
2022-12-19,16745.99,233961255.1644386,14497991.473721288
2022-12-20,16439.89,246114015.1556391,15203920.126164537
2022-12-21,16904.64,251387886.90897432,15330046.709449464
2022-12-22,16813.62,237324228.90008065,14445678.738210894
2022-12-23,16818.68,232050357.14674553,14192911.730580632
2022-12-24,16779.71,156458195.34894204,9886179.74795384
2022-12-25,16838.1,247871972.40675086,15073742.939776683
2022-12-26,16826.86,226776485.39341035,14104102.296292609
2022-12-27,16915.7,202165083.87784645,12489766.06688427
2022-12-28,16699.0,295336818.18676704,17844731.47947442
2022-12-29,16539.28,247871972.40675086,14977089.738394096
2022-12-30,16630.49,277757245.6756499,16715350.712628447
2022-12-31,16599.69,274241331.1734265,16375895.467673866
2023-01-01,16526.78,272483373.92231476,16173353.596591791
2023-01-02,16613.71,274241331.1734265,16447340.744624749
2023-01-03,16671.54,261883481.8059322,16511361.794084923
2023-01-04,16669.6,242356482.01087618,15514421.553151188
2023-01-05,16850.63,266083690.039913,17190903.00793761
2023-01-06,16826.41,305064103.23047346,19587656.115701865
2023-01-07,16951.97,260999288.3194051,16669607.643204877
2023-01-08,16945.2,259304487.74590245,16331614.696256422
2023-01-09,17108.41,257609687.17239982,16568165.610140678
2023-01-10,17192.07,286421296.9219445,18671443.668399256
2023-01-11,17443.68,249135684.30488667,16247214.47177786
2023-01-12,17934.6,255914886.59889722,17645261.628721908
2023-01-13,18859.32,269473291.1869182,19299222.303412113
2023-01-14,19933.36,289810898.0689498,22543151.069033355
2023-01-15,20955.15,280250606.7848099,21360708.697110046
2023-01-16,20880.99,274688843.2470833,19564851.90352845
2023-01-17,21190.49,291506527.527517,20950317.645466994
2023-01-18,21145.18,261608422.14007932,19114033.153556455
2023-01-19,20672.78,270951580.07365364,19225531.967102878
2023-01-20,21087.76,246659369.44636056,18240061.154305376
2023-01-21,22693.45,257871158.96664968,20109654.849325083
2023-01-22,22772.5,282163369.59394276,21838359.94420077
2023-01-23,22724.23,295243790.7009466,22867527.707946565
2023-01-24,22924.37,241053474.68621597,18918440.50491401
2023-01-25,22634.47,327010527.67509925,25676773.61340148
2023-01-26,23089.74,289637895.9408021,22624571.705655094
2023-01-27,23008.29,287769264.3540873,22429274.151801877
2023-01-28,23075.81,313930106.5680952,24442485.75123782
2023-01-29,23032.23,311001352.7915209,23801445.138934355
2023-01-30,23755.85,269948142.5149194,20350898.923218135
2023-01-31,22836.09,224956785.42909947,16954037.602669094
2023-02-01,23133.91,267991996.55466637,20346134.427086793
2023-02-02,23722.02,283641164.23669064,22100256.867046896
2023-02-03,23454.41,260167412.7136542,20380037.06304123
2023-02-04,23440.09,266035850.5944133,20355870.134656116
2023-02-05,23328.24,297334185.95846194,22388253.779740416
2023-02-06,22936.95,289509602.11744976,21621117.121486917
2023-02-07,22763.74,277772726.3559315,21204357.623230755
2023-02-08,23254.79,269948142.5149194,20351657.38350813
2023-02-09,22964.87,316895645.5609923,23332309.14710399
2023-02-10,21794.05,287553456.1571967,20573391.75123331
2023-02-11,21638.55,291465748.0777028,20695417.561901353
2023-02-12,21861.84,313943411.7760057,22415712.264169145
2023-02-13,21787.25,303650131.9290037,21667418.164248344
2023-02-14,21787.99,299757181.5196575,21647341.400688175
2023-02-15,22211.8,317275458.3617154,23873321.525806885
2023-02-16,24340.73,348419061.63648504,28291380.22294443
2023-02-17,23544.67,321168408.7710616,25714299.92522733
2023-02-18,24572.97,327007834.38508093,26343409.639495973
2023-02-19,24641.94,315328983.1570423,25635697.747482333
2023-02-20,24290.18,286131855.0869458,24027013.111182638
2023-02-21,24834.81,325061359.18040776,26512359.26103933
2023-02-22,24438.1,272506528.65423405,21468764.329053212
2023-02-23,24185.67,332847259.9991002,26565544.355084326
2023-02-24,23946.39,262774152.6308686,20417436.704952147
2023-02-25,23192.02,227840889.77873334,16083980.15403232
2023-02-26,23176.76,359556658.1833338,24782400.469027933
2023-02-27,23563.11,299630548.4861114,21360913.713135105
2023-02-28,23497.62,293209893.8756949,20630776.02077309
2023-03-01,23128.3,363837094.5902782,25988722.583811883
2023-03-02,23641.68,308191421.3000004,21657536.22815396
2023-03-03,23467.36,359556658.1833338,24203335.93106573
2023-03-04,22351.72,325313166.92777824,21944599.480469976
2023-03-05,22348.51,331733821.53819484,22389334.56458218
2023-03-06,22427.56,282508802.8583337,19320752.866531476
2023-03-07,22410.62,353136003.57291716,23616222.72450257
2023-03-08,22197.49,284649021.0618059,18928979.35012383
2023-03-09,21698.33,288929457.4687504,19039458.643895354
2023-03-10,20363.36,291564668.6842239,17894803.56988819
2023-03-11,20224.85,357219695.9219277,21477230.284296937
2023-03-12,20656.78,348559824.50563854,21186496.49970484
2023-03-13,22205.32,339899953.08934945,23087128.98074996
2023-03-14,24213.74,316085306.6945542,23955889.051380202
2023-03-15,24767.46,318250274.5486265,23485522.6442761
2023-03-16,24376.39,290105692.4456867,21513991.934607737
2023-03-17,25053.64,318250274.5486265,25280852.552496247
2023-03-18,27462.77,350724792.3597108,28644944.5912276
2023-03-19,26975.39,320415242.4026988,26477878.719646867
2023-03-20,28045.84,333405049.5271326,27627804.86632807
2023-03-21,27790.89,313920338.84048194,26497064.86479075
2023-03-22,28191.53,344229888.79749393,29225710.419680897
2023-03-23,27306.32,398152679.74955547,34269759.33971421
2023-03-24,28332.42,377232885.49311894,29533422.016249567
2023-03-25,27496.2,337646718.49692744,25755315.778535493
2023-03-26,27496.06,335318120.4383279,25539403.027980726
2023-03-27,27999.84,344632512.6727259,26143030.485642947
2023-03-28,27141.23,312032139.85233283,23379336.215017386
2023-03-29,27274.72,342303914.6141264,26591193.533266988
2023-03-30,28355.92,360932699.0829224,28612052.69058096
2023-03-31,28033.06,328332326.2625294,25754269.689730845
2023-04-01,28479.75,326003728.2039299,25771404.496490154
2023-04-02,28465.04,346961110.73132545,27387521.07343141
2023-04-03,28185.2,305046345.6765345,23697637.145516127
2023-04-04,27802.23,377232885.49311894,29712370.380244203
2023-04-05,28169.5,323675130.1453304,25533999.319590658
2023-04-06,28180.4,375327217.1632722,29988656.93568959
2023-04-07,28039.94,338032942.16648775,25883474.596045014
2023-04-08,27925.55,349935510.5526316,26655771.28270032
2023-04-09,27956.01,347554996.87540287,25984841.21278582
2023-04-10,28336.18,292803182.2991408,22540478.67849652
2023-04-11,29656.24,366599106.2932332,30278886.883851
2023-04-12,30234.98,380882188.3566059,30739675.958873477
2023-04-13,29899.24,338032942.16648775,27603326.707211237
2023-04-14,30407.6,333271914.81203014,27977114.940560613
2023-04-15,30486.05,376121161.0021483,31009798.333244104
2023-04-16,30319.32,295183695.97636956,23967480.70486132
2023-04-17,30315.39,368979619.9704619,29788462.913373288
2023-04-18,29447.1,395165270.4199787,31642501.63757007
2023-04-19,30393.64,330891401.13480145,26367118.299820937
2023-04-20,28829.57,319313867.4340018,24467944.962969966
2023-04-21,28243.02,351118490.9644334,26017667.261768978
2023-04-22,27267.99,360804518.3013832,25972883.28916762
2023-04-23,27816.18,355961504.6329083,25740162.140966076
2023-04-24,27590.55,341432463.6274834,25151563.91860913
2023-04-25,27516.48,302688354.2796839,22252108.61633086
2023-04-26,28301.71,314795888.4508713,24384973.37872218
2023-04-27,28429.72,314795888.4508713,25220465.91221518
2023-04-28,29480.35,355961504.6329083,28310744.88306382
2023-04-29,29329.63,331746436.2905336,26352027.404240478
2023-04-30,29244.68,358383011.4671458,28548026.97705134
2023-05-01,29264.14,440714243.83121973,35120914.85198403
2023-05-02,28086.65,312374381.6166337,26436400.048662677
2023-05-03,28678.29,341432463.6274834,28706505.872158974
2023-05-04,29007.66,351888475.1483047,29770202.04218574
2023-05-05,28851.84,283977798.47865146,25724804.124775995
2023-05-06,29535.38,355568840.1119249,32521180.410668414
2023-05-07,28903.41,331705159.5675005,36809638.64957858
2023-05-08,28456.84,326932423.4586156,41744197.067098685
2023-05-09,27691.41,360341576.2208098,38255911.8781401
2023-05-10,27640.09,405682569.25521636,38971069.437675245
2023-05-11,27617.14,360341576.2208098,31079349.01717088
2023-05-12,26993.2,336477895.6763853,27932158.246966116
2023-05-13,26803.05,346023367.89415514,27237496.705574512
2023-05-14,26785.94,415228041.47298616,31630058.255630765
2023-05-15,26926.17,350796104.00303996,27603389.649954077
2023-05-16,27191.97,365114312.32969475,30101350.309985295
2023-05-17,27036.39,381818888.7107919,29549110.27574375
2023-05-18,27398.27,344768089.144806,26859030.9345914
2023-05-19,26833.27,369469365.7613961,28738962.120203372
2023-05-20,26889.6,322669912.76495266,24375940.640033692
2023-05-21,27124.48,371932494.8664721,27415847.9731961
2023-05-22,26756.57,354690591.1309403,26059060.50144273
2023-05-23,26849.97,379321882.1817001,28129493.496464286
2023-05-24,27223.19,347301203.81571233,25204426.061596133
2023-05-25,26327.38,371932494.8664721,27253825.798840698
2023-05-26,26477.29,376858753.07662404,28022067.177655425
2023-05-27,26719.74,357153720.2360163,25895617.414968994
2023-05-28,26873.18,394100656.8121559,29018379.77947518
2023-05-29,28082.7,399026915.0223079,30580345.092994474
2023-05-30,27744.66,379321882.1817001,28992477.242635764
2023-05-31,27704.0,349729770.9452385,25853003.322265837
2023-06-01,27213.71,336187209.4940784,24808640.12866411
2023-06-02,26814.77,417687139.0684004,30128726.13526578
2023-06-03,27251.93,331093463.8956832,23625499.65267871
2023-06-04,27073.27,376937174.2812394,26178919.49258366
2023-06-05,27125.02,351468446.2892638,24355694.08839815
2023-06-06,25747.2,384577792.6788321,27031043.478327114
2023-06-07,27243.64,343827827.89167106,25121515.433733575
2023-06-08,26352.2,392218411.07642484,27695869.968815308
2023-06-09,26507.33,430421503.0643882,30334803.515606057
2023-06-10,26483.52,392218411.07642484,26188014.77306707
2023-06-11,25852.82,415140266.2692028,27237566.629978757
2023-06-12,25933.06,399859029.4740175,26511537.377856184
2023-06-13,25904.32,374390301.4820418,24857915.761624184
2023-06-14,25921.42,312388214.96659184,20934320.22248748
2023-06-15,25127.04,385148460.1631553,24289275.439930815
2023-06-16,25575.69,398160232.4659646,25815640.766585577
2023-06-17,26326.23,364329624.47866035,24576941.293343797
2023-06-18,26509.82,392955523.5448409,25864498.312777586
2023-06-19,26337.08,369534333.3997841,24358877.690667883
2023-06-20,26848.8,353920206.636413,24496915.027535625
2023-06-21,28326.8,314884889.72798514,23415578.90437153
2023-06-22,29992.98,356522561.09697485,27140370.526518404
2023-06-23,29903.73,325294307.5702325,25333271.066190463
2023-06-24,30692.8,379943751.2420316,29007262.104907636
2023-06-25,30548.59,398160232.4659646,30195817.85050738
2023-06-26,30458.97,379943751.2420316,29036935.726409893
2023-06-27,30266.7,364329624.47866035,27695094.94705815
2023-06-28,30699.11,280545974.4417444,21378015.35699098
2023-06-29,30083.59,367574940.3012432,28907158.299600467
2023-06-30,30449.16,397786579.2301125,31268571.422430255
2023-07-01,30471.5,334845664.7949681,26154914.732571002
2023-07-02,30591.53,430515854.7363876,33775253.848481484
2023-07-03,30618.25,344916211.10459125,27990140.909918316
2023-07-04,31150.92,357504393.99162006,28640397.54593083
2023-07-05,30774.87,390233669.4978951,30309671.13015693
2023-07-06,30502.55,349951484.25940275,27125275.64271407
2023-07-07,29918.04,440586401.04601073,34013005.20105904
2023-07-08,30344.53,448139310.7782279,34114021.652351
2023-07-09,30214.55,425480581.581576,33188679.628863256
2023-07-10,30214.55,387716032.92048943,29651100.59188326
2023-07-11,30411.71,339880937.9497796,26664260.808558695
2023-07-12,30622.7,382989765.58074266,28532856.624235082
2023-07-13,30391.64,321592673.51184636,23641573.302443318
2023-07-14,31485.37,369831574.5386234,27519041.337585144
2023-07-15,30330.22,369831574.5386234,27066441.91831429
2023-07-16,30291.67,415390536.6194682,29842687.815297596
2023-07-17,30240.28,364471696.6467593,26196758.55308894
2023-07-18,30144.2,434150109.2409926,31319782.33021599
2023-07-19,29859.24,396630963.9979439,28328021.50246617
2023-07-20,29912.48,343032185.0793028,24707512.102940787
2023-07-21,29802.29,300153161.94439,21607034.364091497
2023-07-22,29907.88,359111818.75489503,26432278.228747524
2023-07-23,29774.36,393951025.0520118,28310247.069138404
2023-07-24,30081.88,401990841.889808,28407356.750944234
2023-07-25,29178.42,369831574.5386234,25712518.25357459
2023-07-26,29226.18,381190141.57452464,26926803.941132326
2023-07-27,29344.56,358973121.2673339,26347218.51898918
2023-07-28,29213.94,364175630.2712082,26233809.358800165
2023-07-29,29316.12,343365594.25571066,24706378.94273607
2023-07-30,29359.89,437010756.32545,31692642.533020645
2023-07-31,29274.94,366776884.7731455,27510234.359162603
2023-08-01,29228.49,361574375.76927114,26122899.546493188
2023-08-02,29683.61,400593193.2983291,29363951.078214865
2023-08-03,29152.45,392789429.79251754,28247538.053915504
2023-08-04,29183.41,314751794.7344015,23104041.166844852
2023-08-05,29075.0,400593193.2983291,28591503.046726555
2023-08-06,29048.01,426605738.3177011,30288540.36209772
2023-08-07,29041.01,379783157.2828315,27209670.747621182
2023-08-08,29181.71,325156812.74215025,23875114.96975787
2023-08-09,29768.29,421650114.697692,30918658.40601437
2023-08-10,29565.82,330756213.4390739,24172398.41337492
2023-08-11,29433.98,393261324.6401588,28454990.93611478
2023-08-12,29399.18,434931398.7742153,31294824.65651836
2023-08-13,29412.84,351591250.5061022,25585662.894784916
2023-08-14,29283.84,445348917.3077294,32337872.752744462
2023-08-15,29413.8,445348917.3077294,31915144.915740907
2023-08-16,29169.09,424513880.24070114,30586968.731064703
2023-08-17,28701.48,406283222.8070514,28424682.20544334
2023-08-18,26662.05,362008769.0396163,23433019.422335666
2023-08-19,26047.05,364613148.6729948,23221911.614093296
2023-08-20,26090.7,421909500.6073226,27190186.429498125
2023-08-21,26189.99,429722639.5074582,27340334.701749604
2023-08-22,26123.41,380936887.22817194,24046155.91841951
2023-08-23,26036.91,392623891.9211836,23718914.63540224
2023-08-24,26426.74,384329020.9651023,23333266.492939506
2023-08-25,26165.4,373269193.0236605,22467915.225991674
2023-08-26,26049.42,378799106.9943814,23075478.398958765
2023-08-27,26006.44,320735010.301812,19271798.243833873
2023-08-28,26088.78,326264924.27253294,19666378.699688364
2023-08-29,26108.31,436863203.68695074,26890150.788067795
2023-08-30,27731.23,348384580.1554164,22094413.287385218
2023-08-31,27301.12,398153805.89190453,24961857.55441304
2023-09-01,25932.99,417508504.7894277,25120794.91081459
2023-09-02,25802.1,420273461.77478814,25144099.92728905
2023-09-03,25869.09,436863203.68695074,26107291.39871566
2023-09-04,25969.05,411978590.8187068,25039640.94070276
2023-09-05,25810.86,342854666.18469554,21245406.274935115
2023-09-06,25785.3,364419397.2930779,22504229.026187494
2023-09-07,25753.31,393005453.9397736,24404908.237159327
2023-09-08,26243.47,358011817.6300677,22598608.962329462
2023-09-09,25906.03,406464544.828122,25270696.568339124
2023-09-10,25894.31,395697272.1174433,24948509.55641232
2023-09-11,25832.82,427999090.2494795,26180834.564799786
2023-09-12,25162.7,379546363.0514252,23588981.36153588
2023-09-13,25835.7,395697272.1174433,24786596.15628565
2023-09-14,26227.98,436074544.7824885,27600711.13450581
2023-09-15,26536.02,506061817.40190023,32037508.81394793
2023-09-16,26605.75,417231817.5388007,26464639.493225966
2023-09-17,26568.65,401080908.4727827,25479813.23061756
2023-09-18,26536.54,419923635.7164705,27760078.561090413
2023-09-19,26763.76,385677556.7313763,25100244.17051251
2023-09-20,27222.12,414558853.7494199,26065716.14019558
2023-09-21,27133.55,391843300.11931473,24381114.451694295
2023-09-22,26569.6,366288302.28544635,22706065.06682296
2023-09-23,26581.86,442953295.78705144,27666483.922672935
2023-09-24,26580.72,414558853.7494199,25269067.88255642
2023-09-25,26252.75,411719409.5456568,24661550.73070846
2023-09-26,26293.29,386164411.7117884,23061586.50874123
2023-09-27,26212.82,445792739.99081457,26698372.824476056
2023-09-28,26357.65,414558853.7494199,25747626.191917732
2023-09-29,27021.15,417398297.95318305,25946534.412971754
2023-09-30,26916.91,391843300.11931473,23854988.05610223
2023-10-01,26970.43,400361632.7306042,24442856.9810465
2023-10-02,27983.92,445792739.99081457,28329529.39362417
2023-10-03,27532.51,466751379.41330886,28995037.486792862
2023-10-04,27430.23,373280259.4846018,23240602.983478393
2023-10-05,27797.56,401774935.7811363,25110031.20892198
2023-10-06,27416.69,455914820.74455184,28870637.172927104
2023-10-07,27946.61,487258964.67073977,31014954.909119453
2023-10-08,27973.26,421721209.1887104,27314613.070051916
2023-10-09,27937.18,444516950.225938,27541014.339650355
2023-10-10,27581.42,461613756.0038587,28707330.94272675
2023-10-11,27395.65,455914820.74455184,27666095.64227482
2023-10-12,26867.79,470162158.89281905,28303571.441823736
2023-10-13,26758.66,393226532.892176,24087147.492945295
2023-10-14,26866.51,416022273.9294035,25258288.02604316
2023-10-15,26855.89,475861094.15212595,28431414.424704663
2023-10-16,27167.87,416156889.9191482,25518086.84010881
2023-10-17,28517.32,491483968.444345,30742974.361832604
2023-10-18,28413.17,439908490.27425945,26281695.00654422
2023-10-19,28331.5,424739231.98894006,25797505.892024655
2023-10-20,28723.49,406536122.04655695,26023036.304821745
2023-10-21,29682.6,455077748.5595787,28815660.222291574
2023-10-22,29921.68,464179303.53077024,28981484.98366903
2023-10-23,29990.73,476314710.1590258,30814659.955034763
2023-10-24,33059.98,382265308.79004604,28536795.17404676
2023-10-25,33902.65,436874638.6171956,32725349.07621698
2023-10-26,34493.19,455077748.5595787,33251001.232997146
2023-10-27,34157.79,467213155.18783414,34005980.050704196
2023-10-28,33911.08,485416265.1302173,34772370.76564866
2023-10-29,34090.68,415637677.0177486,30266520.889385495
2023-10-30,34532.39,482540025.495944,35089903.5789379
2023-10-31,34501.0,481286782.8761844,33982514.00176837
2023-11-01,34662.16,462656326.7648482,32922837.157770928
2023-11-02,35440.51,447130946.6720681,33351243.132835437
2023-11-03,34934.65,422290338.52361983,30526523.557337712
2023-11-04,34736.55,521652771.1174128,40679663.2595844
2023-11-05,35088.05,506127391.02463263,38240754.28128319
2023-11-06,35048.35,394344654.35661566,30426194.06464776
2023-11-07,35035.12,412975110.4679518,32192116.297135763
2023-11-08,35436.28,462656326.7648482,37138019.602830954
2023-11-09,35629.52,444025870.65351206,42386514.038143665
2023-11-10,36696.25,478181706.85762835,41589897.60578385
2023-11-11,37321.65,496812162.9689646,42293293.39069208
2023-11-12,37140.27,506083624.1310116,44174930.492356926
2023-11-13,37058.98,389037994.7160368,31884004.88571462
2023-11-14,36497.35,443696225.37862045,34961118.48011874
2023-11-15,35545.97,475848125.7683755,38830543.630601875
2023-11-16,37891.48,475848125.7683755,45968659.957687706
2023-11-17,36155.5,482278505.8463265,43669781.8707609
2023-11-18,36624.3,479063315.80735093,46206459.47486679
2023-11-19,36588.13,546582306.6258367,46808749.511597805
2023-11-20,37396.17,533721546.46993476,45344546.355345115
2023-11-21,37479.96,488708885.9242776,41691019.301160336
2023-11-22,35808.95,456556985.5345224,38112934.25756094
2023-11-23,37427.42,472632935.72940004,42565103.66364608
2023-11-24,37297.56,540151926.5478858,43175803.346235916
2023-11-25,37720.5,511215216.1971062,41000040.53691879
2023-11-26,37800.94,492891191.48160595,37350394.614752516
2023-11-27,37468.89,439166010.2949663,33990153.118594855
2023-11-28,37248.86,496595411.64123106,37326757.10887134
2023-11-29,37832.75,459435210.7701186,34687799.69065694
2023-11-30,37867.37,452678810.6117344,34288709.36377425
2023-12-01,37711.79,570915813.3834561,44330443.88131468
2023-12-02,38697.81,429031410.0573902,33852262.01674702
2023-12-03,39476.4,557403013.066688,46347878.82500001
2023-12-04,39976.04,523621012.2747674,46775809.09590795
2023-12-05,41985.55,466191610.9285027,46391610.444179684
2023-12-06,44076.76,459435210.7701186,50935074.8445154
2023-12-07,43745.3,388493009.1070856,38956627.59378403
2023-12-08,43298.7,456057010.69092655,43486639.64278974
2023-12-09,44184.18,530377412.4331516,49983455.1733174
2023-12-10,43709.41,469318617.5512489,44686549.54716012
2023-12-11,43787.81,528635575.20314026,47227552.40644524
2023-12-12,41238.31,481794448.2864064,42108188.76068561
2023-12-13,41458.49,498523422.18524003,47685314.57453177
2023-12-14,42887.09,488486037.84593976,53487706.78018544
2023-12-15,43023.24,545364549.1019738,61874809.91705933
2023-12-16,41934.71,508560806.52454,63958242.19172744
2023-12-17,42236.81,501869216.9650066,64128658.064254284
2023-12-18,41341.9,562093523.0008074,59706278.14765298
2023-12-19,41264.8,542018754.3222071,62467181.336199895
2023-12-20,42262.62,485140243.06617314,57630882.3453147
2023-12-21,43639.9,488486037.84593976,59081092.58587713
2023-12-22,43870.89,562093523.0008074,60254531.70180586
2023-12-23,43996.78,560327733.6667341,53244333.618783
2023-12-24,43742.33,612085087.5512694,56344289.0489318
2023-12-25,43013.46,497542848.9451839,45016232.312319785
2023-12-26,43599.61,497542848.9451839,44429205.61532214
2023-12-27,42514.79,461748399.3807821,46783050.714829125
2023-12-28,43470.76,433112839.72926086,42422981.18148732
2023-12-29,42609.23,540496188.4224659,49093691.46371118
2023-12-30,42086.22,519019518.6838249,49356320.35824165
2023-12-31,42148.38,558393413.2046669,56442917.34532426
2024-01-01,42249.69,554813968.2482265,50875146.64536134
2024-01-02,44176.26,468907289.29366255,43517765.64175245
2024-01-03,44958.98,565552303.117547,49942736.51560193
2024-01-04,42854.95,608505642.5948291,51742209.323741384
2024-01-05,44190.1,493963403.98874366,42917989.38384478
2024-01-06,44181.1,509059003.5142141,42219253.582897715
2024-01-07,43975.63,429363547.6531167,35888603.51598232
2024-01-08,43928.07,447556918.3163843,40680377.09676569
2024-01-09,46972.42,553078468.1633366,49538486.491604716
2024-01-10,46143.31,483943659.64291966,41930208.961562425
2024-01-11,46649.42,629490624.9490609,55090803.641925655
2024-01-12,46355.63,611297254.2857933,53989678.34155952
2024-01-13,42843.98,578549187.0919114,48673245.39783318
2024-01-14,42837.18,465750288.9796519,43605321.901035935
2024-01-15,41716.15,414808851.1225025,35351902.51078625
2024-01-16,42497.78,454834266.5816914,38834220.32375118
2024-01-17,43132.4,440279570.0510773,36774948.19774859
2024-01-18,42742.78,516691726.83680135,42582217.75309462
2024-01-19,41262.64,480304985.51026607,38173782.20108948
2024-01-20,41620.04,513378340.1866717,40838677.04548536
2024-01-21,41659.4,489551347.763542,40129996.80070496
2024-01-22,41557.6,559487254.5869052,44483822.24441322
2024-01-23,39505.09,538506482.5398962,41501393.373973474
2024-01-24,39856.34,524519301.1752236,39896278.22309834
2024-01-25,40068.49,632919956.7514365,48344552.33062511
2024-01-26,39925.5,531512891.8575599,41750111.50718081
2024-01-27,41813.44,597952003.3397549,47675471.29990798
2024-01-28,42124.31,559487254.5869052,45107620.53080758
2024-01-29,42030.81,545500073.2222326,43764851.71744079
2024-01-30,43274.65,503538529.1282147,41887695.838599674
2024-01-31,42950.77,458080189.69302857,37948047.32824909
2024-02-01,42557.22,535009687.19872814,43048043.6250182
2024-02-02,43061.16,676117474.0216229,53422971.55081713
2024-02-03,43183.04,566738184.6284933,48887964.89018517
2024-02-04,42991.51,581751116.6716322,45783886.783488914
2024-02-05,42576.16,585504349.682417,45076244.44078093
2024-02-06,42653.29,638049611.833403,47917909.033910885
2024-02-07,43080.9,600517281.7255559,47540598.549763575
2024-02-08,44318.84,517946155.488292,42786545.164145045
2024-02-09,45312.45,623036679.7902641,51030599.762858436
2024-02-10,47134.54,570491417.639278,46943037.64336504
2024-02-11,47771.36,514192922.47750723,48789312.40784685
2024-02-12,48301.95,671828708.9304657,57764470.8403383
2024-02-13,49958.35,506686456.4559378,44242861.69005214
2024-02-14,49739.24,521699388.49907666,47673442.25853746
2024-02-15,51821.86,605343973.9976323,53715187.405378364
2024-02-16,51946.01,544386616.4219546,47283903.32749274
2024-02-17,52172.07,609388003.457412,49886963.26454996
2024-02-18,51685.35,491572989.4556458,41074931.24964146
2024-02-19,52128.57,552511789.8013868,45808218.64349052
2024-02-20,51782.08,572824723.2499672,47322899.81340297
2024-02-21,52269.58,560636963.180819,46674931.29171306
2024-02-22,51862.86,548449203.1116709,45627275.608025245
2024-02-23,51303.43,645951283.6648567,53016307.2479841
2024-02-24,50727.66,556574376.491103,45831218.69224145
2024-02-25,51559.99,666264217.113437,54200240.79129108
2024-02-26,51727.76,540324029.7322387,46477960.251152866
2024-02-27,54529.54,524073682.9733743,48126498.31303941
2024-02-28,57075.01,605325416.7676959,59287809.13205337
2024-02-29,62498.79,540324029.7322387,56281732.801982574
2024-03-01,61172.49,608054004.3789,63104927.27289995
2024-03-02,62437.0,500960510.12181586,51776059.72787791
2024-03-03,62033.66,611408496.6053661,63058947.8407899
2024-03-04,63168.4,508849652.01349825,58085233.07854189
2024-03-05,68377.67,658743347.9554589,75940656.31789975
2024-03-06,63797.73,552239932.41775,61907827.1921857
2024-03-07,66102.23,710022770.2513928,78496285.61822377
2024-03-08,66937.0,607463925.659525,68298914.49705783
2024-03-09,68306.9,642965064.1720946,74825227.26763998
2024-03-10,68499.42,564073645.2552733,64382576.39751776
2024-03-11,69026.97,670577060.7929822,78889620.04037066
2024-03-12,72121.18,556184503.3635911,65796920.769616775
2024-03-13,71489.22,631131351.3345715,75123785.8016119
2024-03-14,73094.37,579720256.0482558,65996346.708157614
2024-03-15,71394.36,529980321.6844611,57055498.61769609
2024-03-16,69495.88,600922569.4689952,64039828.152366556
2024-03-17,65303.67,609268716.2671757,63714127.09892728
2024-03-18,68358.87,600922569.4689952,64782009.90499135
2024-03-19,67601.19,655172523.6571684,66335356.25590292
2024-03-20,61919.44,621787936.4644464,61496810.484660126
2024-03-21,67857.18,500768807.8908293,52650436.9853116
2024-03-22,65493.16,563364908.877183,57763066.570042595
2024-03-23,63795.46,650999450.2580782,67132158.05324538
2024-03-24,64083.37,709422477.8453414,70611540.39952184
2024-03-25,67226.33,550845688.6799122,59244349.82163497
2024-03-26,69962.76,559191835.4780927,61065374.79673613
2024-03-27,69991.48,567537982.2762733,61355577.38783222
2024-03-28,69446.79,630675249.3060845,69026805.74765356
2024-03-29,70754.69,595046224.9834774,65030139.07199751
2024-03-30,69909.85,640501144.9474928,69911455.80526887
2024-03-31,69650.74,566120366.8245583,63236811.094294675
2024-04-01,71331.84,619839817.691122,67281578.10449564
2024-04-02,69701.3,611575286.7885739,63780735.35077506
2024-04-03,65446.52,586781694.0809289,60472741.77505365
2024-04-04,65983.59,570252632.2758324,60862190.09987233
2024-04-05,68526.59,611575286.7885739,63802894.67461135
2024-04-06,67857.42,640501144.9474928,67120728.4404542
2024-04-07,68909.59,702485126.7166051,75192006.26475267
2024-04-08,69373.69,652897941.3013152,72584586.6894471
2024-04-09,71645.91,603310755.8860255,67373619.40642908
2024-04-10,69141.75,626404079.729565,71054532.68350925
2024-04-11,70561.73,566860609.5352726,65559919.89630068
2024-04-12,70035.8,584038203.763614,70825577.10394244
2024-04-13,67198.84,704281363.3620051,76211932.38547996
2024-04-14,64019.74,674220573.4624075,67955125.97572012
2024-04-15,65734.62,605510196.549041,70442667.80740799
2024-04-16,63435.81,708575761.9190906,71877767.00329177
2024-04-17,63820.92,588332602.3206996,61150117.08218653
2024-04-18,61280.51,622687790.7773827,65075293.924565785
2024-04-19,63507.69,648454182.1198951,71037817.02949977
2024-04-20,63823.55,558271812.4211017,107755899.72006707
2024-04-21,64991.71,601215797.9919556,50811252.45242319
2024-04-22,64949.79,652748580.6769805,48173660.1556612
2024-04-23,66844.74,721458957.5903468,65639395.803807706
2024-04-24,66416.37,671772263.1512126,48915600.66247102
2024-04-25,64271.73,630674365.8262494,36409098.09254012
2024-04-26,64486.29,578118168.6740619,32499040.936198883
2024-04-27,63749.7,613155633.4421867,31619688.840946402
2024-04-28,63420.25,613155633.4421867,31312027.141232885
2024-04-29,63112.69,573738485.5780463,29423593.585137557
2024-04-30,63832.72,617535316.5382024,30170492.23089294
2024-05-01,60603.04,578118168.6740619,26377886.0344961
2024-05-02,58268.36,635054048.9222649,28934123.907706067
2024-05-03,59120.4,564979119.3860149,26547169.042081006
2024-05-04,62885.27,617535316.5382024,30920333.825437855
2024-05-05,63901.84,608775950.3461711,35681540.38259586
2024-05-06,64045.15,534321337.7139056,27451699.523492247
2024-05-07,63157.69,534321337.7139056,26542339.523751885
2024-05-08,62323.38,556219753.1939834,26652066.044506725
2024-05-09,61182.24,613867438.0566123,29938747.98728028
2024-05-10,63066.69,599332437.5790136,30606208.36564269
2024-05-11,60794.09,657199017.7590562,32554247.885671068
2024-05-12,60805.78,545599184.5546882,27399423.294996757
2024-05-13,61448.99,607599091.8904481,30355615.83455146
2024-05-14,62913.71,562132493.1775575,27735381.41456481
2024-05-15,61557.4,582799128.9561441,29511955.524139453
2024-05-16,66239.13,586932456.1118613,30728214.692413032
2024-05-17,65231.59,640665709.1361867,35324406.77125815
2024-05-18,67060.24,529065875.9318188,28438160.460786633
2024-05-19,66926.54,636532381.9804695,34160984.651538335
2024-05-20,66266.07,644799036.2919042,34153349.86327814
2024-05-21,71442.94,570399147.4889922,32892686.805258278
2024-05-22,70139.6,632399054.8247522,38917719.969275184
2024-05-23,69133.73,706194547.0096976,39242392.129105315
2024-05-24,67942.23,671140034.7624127,36019989.098269254
2024-05-25,68531.76,671140034.7624127,35951527.47094528
2024-05-26,69272.7,704697036.5005332,38481434.68217408
2024-05-27,68486.54,515938901.7236049,28585797.2530652
2024-05-28,69374.17,562079779.1135205,29815772.688825298
2024-05-29,68289.6,574663654.7653158,32226288.58526037
2024-05-30,67573.91,515938901.7236049,28767073.21231229
2024-05-31,68352.44,620804532.1552316,36161250.32432566
2024-06-01,67484.93,591442155.634376,32832191.95954163
2024-06-02,67719.29,587247530.4171109,32078183.185947884
2024-06-03,67752.27,658556159.1106174,36823366.331727035
2024-06-04,68803.11,562079779.1135205,32048553.89609153
2024-06-05,70553.24,515938901.7236049,31319807.03715118
2024-06-06,71083.68,554910858.050012,34202196.12308967
2024-06-07,70764.24,590944002.9609013,53491882.961922884
2024-06-08,69331.66,715791327.5301057,48119315.7163209
2024-06-09,69297.93,636721355.302943,38340669.02081185
2024-06-10,69645.28,578459270.5039809,34813178.82369563
2024-06-11,69513.23,511874030.7337383,28949556.468733203
2024-06-12,67332.0,607590312.9034619,34256016.743545815
2024-06-13,68239.79,603428735.4178218,34852983.52192254
2024-06-14,66757.59,532681918.1619392,30591674.79776996
2024-06-15,65993.49,557651383.07578,31162127.595971256
2024-06-16,66188.17,678337130.1593444,36292992.32953328
2024-06-17,66636.85,582620847.9896209,31186107.538808763
2024-06-18,66480.82,632559777.8173028,33485505.869520124
2024-06-19,65148.41,570136115.5327007,30061986.735367663
2024-06-20,64960.21,553323137.1046984,30201406.01449225
2024-06-21,64830.29,582332779.002438,29925254.56328548
2024-06-22,64095.5,632247017.2026471,32753923.28446876
2024-06-23,64251.26,465866223.2019504,23464996.032867584
2024-06-24,63167.3,632247017.2026471,31298137.189054944
2024-06-25,60279.54,515780461.4021594,25133580.118261546
2024-06-26,61795.24,503301901.8521072,24985793.043253995
2024-06-27,60808.17,540737580.5022639,26857887.760584537
2024-06-28,61616.04,561535179.7523509,27387262.889348183
2024-06-29,60315.67,653044616.4527341,30942499.76544558
2024-06-30,60871.03,503301901.8521072,24120051.873250388
2024-07-01,62676.36,586492298.8524554,29429485.801967986
2024-07-02,62845.12,615608937.8025774,30046122.863910675
2024-07-03,62028.38,603130378.2525251,29705029.940610602
2024-07-04,60145.84,582332779.002438,26605753.728588175
2024-07-05,57034.05,481691507.2021622,22301675.55097078
2024-07-06,56648.56,652035052.9717106,31130289.064456522
2024-07-07,58265.25,557193590.72128,26070247.73877693
2024-07-08,55848.73,628324687.409103,28821766.3890455
2024-07-09,56706.26,608566049.4402633,28449925.860777948
2024-07-10,58011.47,537434952.7524403,25685789.998779457
2024-07-11,57743.11,553241863.127512,26146374.020168208
2024-07-12,57351.64,592759139.0651915,28054420.058989383
2024-07-13,57907.93,608566049.4402633,30099376.59774986
2024-07-14,59231.12,659938508.1592464,32595709.496098205
2024-07-15,60798.16,604614321.8464954,30910692.54422916
2024-07-16,64859.79,580903956.2838876,30723152.21640699
2024-07-17,65077.23,628324687.409103,33282763.029105972
2024-07-18,64104.91,515102118.23597115,26595779.884649936
2024-07-19,63968.61,599556361.5235602,31188257.506723937
2024-07-20,66712.66,672971426.1999145,35576298.58516339
2024-07-21,67164.74,689285885.0168821,36593236.63656708
2024-07-22,68155.67,730072032.0593011,40503193.649326466
2024-07-23,67597.26,689285885.0168821,36418067.23043895
2024-07-24,65920.76,571006058.5938667,30030873.28241354
2024-07-25,65357.71,664814196.7914306,33681498.18421587
2024-07-26,65790.91,652578352.6787051,34769098.691780806
2024-07-27,67914.86,628106664.4532535,33621812.77255944
2024-07-28,67826.14,603634976.227802,32416704.844024707
2024-07-29,68257.42,725993417.3550591,40280474.14703804
2024-07-30,66777.36,611792205.6362859,31830629.065246847
2024-07-31,66180.0,613215974.0238556,29878304.716119498
2024-08-01,64621.73,630987879.9602102,29941720.637247816
2024-08-02,65297.77,563382035.6787592,25639623.020384252
2024-08-03,61410.11,608452598.53306,26794833.618947934
2024-08-04,60676.68,644509048.8165007,27703218.71189708
2024-08-05,58116.46,703100780.5270916,26644591.438730378
2024-08-06,53978.78,630987879.9602102,24947450.301382836
2024-08-07,56082.71,549860866.8224689,24061710.957340345
2024-08-08,55033.47,581410260.8204794,24746427.922946204
2024-08-09,61698.9,585917317.1059096,25226758.914557975
2024-08-10,60879.41,581410260.8204794,24917672.54543788
2024-08-11,60943.19,725636061.954242,31274508.810764223
2024-08-12,58717.0,617466711.1039201,25788167.68871333
2024-08-13,59350.07,671551386.529081,28725350.5092765
2024-08-14,60600.35,594742777.8026003,25374791.768216494
2024-08-15,58727.43,690944705.8016886,30178079.4854486
2024-08-16,57523.47,613213426.3989986,26519144.89827162
2024-08-17,58886.74,643442257.2778225,28078460.501293756
2024-08-18,59483.03,673671088.1566465,29963139.508225396
2024-08-19,58445.98,561392573.463872,24384186.539100166
2024-08-20,59475.91,647760661.689083,28878023.561539512
2024-08-21,59024.54,634805448.4553014,28080429.310788065
2024-08-22,61170.43,690944705.8016886,36484622.08943517
2024-08-23,60382.01,708218323.4467307,32232355.760426287
2024-08-24,64082.05,660715874.9228647,31977631.277370874
2024-08-25,64174.59,574347786.6976537,27138221.863811824
2024-08-26,64327.86,578666191.1089141,27674781.48507304
2024-08-27,62857.78,613213426.3989986,28461613.063088853
2024-08-28,59466.82,703794017.3679069,30760746.125384457
2024-08-29,59024.11,587091196.5963086,25532872.340284314
2024-08-30,59389.34,631567802.399059,26777389.05608681
2024-08-31,59108.23,653806105.3004345,27970511.075326372
2024-09-01,58968.91,631567802.399059,26315865.6573048
2024-09-02,57322.52,742759316.9059358,31261759.40518042
2024-09-03,59113.65,662701426.4609846,27866937.66663015
2024-09-04,57430.23,671596747.6215348,27898460.763741877
2024-09-05,57966.79,689387389.9426349,28611563.22602556
2024-09-06,56165.32,644910784.1398844,25917996.827483136
2024-09-07,53951.72,702730371.68346,27552792.156600785
2024-09-08,54158.39,742759316.9059358,29124604.180054624
2024-09-09,54857.17,644910784.1398844,26363933.229368545
2024-09-10,57055.68,609329499.4976839,25238263.505764067
2024-09-11,57636.19,495458846.64224994,19599003.467874914
2024-09-12,57345.38,700222814.5578787,28445745.72975443
2024-09-13,58136.5,566627672.3067043,23035281.81937533
2024-09-14,60565.91,640335336.9970075,26924773.978994336
2024-09-15,60004.02,695616085.5147347,28778640.08225594
2024-09-16,59136.83,575841130.3929921,23610937.617898855
2024-09-17,58194.98,691009356.4715909,29847118.119728208
2024-09-18,60304.22,635728607.9538636,26402877.29540046
2024-09-19,61683.91,562020943.2635604,24968850.56564683
2024-09-20,62938.2,667975711.255871,29297347.49947946
2024-09-21,63213.19,621908420.8244318,27029898.398331784
2024-09-22,63377.01,626515149.8675756,27131378.855479404
2024-09-23,63626.42,672582440.299015,29543659.11037773
2024-09-24,63330.79,667975711.255871,31290121.05365632
2024-09-25,64279.04,657005311.2676694,29194578.328504972
2024-09-26,63138.8,571298868.1801282,27504637.734074116
2024-09-27,65179.96,602061114.928289,29299201.002719067
2024-09-28,65781.65,566904261.5018196,27651721.876248162
2024-09-29,65888.5,681164035.1378452,32394943.423457727
2024-09-30,65620.59,602061114.928289,27958492.500597544
2024-10-01,63323.53,689953248.4944626,31840978.55680005
2024-10-02,60838.74,681164035.1378452,31329411.523052048
2024-10-03,60639.47,694347855.1727712,30552648.02459745
2024-10-04,60754.15,742688528.6341666,34187225.99461169
2024-10-05,62079.73,663585608.4246106,30081843.746234596
2024-10-06,62065.06,667980215.1029191,30594592.733785067
2024-10-07,62814.93,681164035.1378452,32782462.893268794
2024-10-08,62238.11,733899315.2775493,33702482.37648855
2024-10-09,62124.37,574966972.3426994,25530107.240756985
2024-10-10,60574.02,709250575.4670075,30822864.724527977
2024-10-11,60269.24,640613423.0024583,29763151.703211993
2024-10-12,62457.07,654340853.4953684,30990848.915371027
2024-10-13,63189.26,631461802.673852,28664910.99483269
2024-10-14,62842.66,636037612.8381552,29906256.018050965
2024-10-15,66048.56,713826385.6313109,33971085.75065951
2024-10-16,67049.57,645189233.1667618,33194077.141254988
2024-10-17,67599.32,718402195.7956142,38062121.87630825
2024-10-18,67401.64,622310182.3452455,30684181.20402789
2024-10-19,68426.2,791615158.4244666,38837709.34458331
2024-10-20,68365.74,791615158.4244666,38382016.457399584
2024-10-21,69012.04,782463538.0958601,37717977.99061954
2024-10-22,67363.26,638125714.2515116,30775801.63184207
2024-10-23,67368.2,718143298.2753785,33044108.439061753
2024-10-24,66655.68,699119634.7449049,34240642.70925134
2024-10-25,68162.43,727655130.0406153,34823376.2580687
2024-10-26,66639.48,694363718.8622864,31704049.381140314
2024-10-27,67018.78,765702457.1015625,36204165.491280206
2024-10-28,67938.81,798993868.2798914,36537186.23732615
2024-10-29,69913.46,746678793.571089,36386425.459195286
2024-10-30,72706.28,803749784.1625097,38851883.66008345
2024-10-31,72329.87,751434709.4537071,40964324.2741171
2024-11-01,70219.02,727655130.0406153,33910747.10887455
2024-11-02,69490.73,670584139.4491944,32026078.597759437
2024-11-03,69301.81,627780896.505629,29094437.76393023
2024-11-04,68744.21,720519107.2542773,32758541.06532931
2024-11-05,67809.49,702351988.6923242,30868848.264778823
2024-11-06,69382.83,773092476.7620546,36479752.335798346
2024-11-07,75642.59,788251152.776997,37249666.19414604
2024-11-08,75926.31,717510664.7072663,34871500.82626299
2024-11-09,76559.38,702351988.6923242,34682488.73240887
2024-11-10,76728.8,747828016.7371509,38393587.929907665
2024-11-11,80477.81,687193312.6773819,36644575.45286638
2024-11-12,88719.74,737722232.7271894,43018236.75243755
2024-11-13,87972.98,697299096.6873435,40470156.6648386
2024-11-14,90537.78,641717284.6325549,37903153.606656246
2024-11-15,87292.03,757933800.7471123,46031461.68156306
2024-11-16,91063.24,793304044.7819778,46321229.22102725
2024-11-17,90562.03,757933800.7471123,43237003.20203371
2024-11-18,89829.32,789177471.4803329,45939880.53391854
2024-11-19,90540.98,889845955.1158988,53066002.6667557
2024-11-20,92369.46,747470602.2973549,44849182.089420706
2024-11-21,94354.43,732216100.2096539,45832910.82179196
2024-11-22,98501.47,727131266.1804202,45870965.214776054
2024-11-23,99011.58,701707096.0342517,44288731.70387781
2024-11-24,97776.94,681367759.9173166,41610724.666828625
2024-11-25,98042.92,859336950.9404964,52818949.67019584
2024-11-26,93003.21,706791930.0634853,42134965.081264235
2024-11-27,91968.35,676282925.8880831,40740155.28153788
2024-11-28,95956.99,722046432.1511863,43708706.498148665
2024-11-29,95651.51,615264917.5372787,38539203.27962367
2024-11-30,97503.54,833912780.7943279,51219912.1666137
2024-12-01,96450.08,803403776.6189257,50454109.55479435
2024-12-02,97273.62,649582756.2207783,40042377.24841241
2024-12-03,95857.16,811042070.6273791,48404742.07075664
2024-12-04,95941.45,759383340.0141702,46080118.04099268
2024-12-05,98768.81,800710324.5047373,50444083.64163084
2024-12-06,97079.54,702558736.3396405,43413843.2028743
2024-12-07,99888.14,733553974.7075658,46815725.79079835
2024-12-08,99914.34,754217466.9528493,47090807.27574497
2024-12-09,101179.58,862700801.2405878,54361566.26139102
2024-12-10,97465.55,795544451.4434165,48841001.09533548
2024-12-11,96653.46,733553974.7075658,46348479.76256849
2024-12-12,101191.95,764549213.0754911,48612048.372051
2024-12-13,100040.86,878198420.4245505,54813691.99291753
2024-12-14,101467.53,821373816.7500207,51636670.970229216
2024-12-15,101404.33,707724609.4009614,45484688.17443159
2024-12-16,104342.21,796354777.917631,49902125.28962492
2024-12-17,106059.49,733677850.1420219,46675781.88376012
2024-12-18,106156.01,776835370.7386113,48207435.457878195
2024-12-19,100157.34,782230060.8131851,49035041.54318009
2024-12-20,97470.38,814598201.2606272,48792080.69288845
2024-12-21,97768.78,782230060.8131851,46576983.07753663
2024-12-22,97226.54,836176961.5589218,48657903.29092301
2024-12-23,95094.78,749861920.3657429,42142590.40323516
2024-12-24,94715.72,712099089.8437271,40475096.03004776
2024-12-25,98613.53,814598201.2606272,48438682.85151064
2024-12-26,99300.12,706704399.7691535,40408202.34206625
2024-12-27,95685.77,852361031.782643,48511207.9152624
2024-12-28,94152.68,771440680.6640378,43529291.78230904
2024-12-29,95144.81,853049703.3260739,47490818.545648575
2024-12-30,93536.42,867710155.9849901,47081028.01040803
2024-12-31,92652.68,703991258.6293316,38391995.23616546
2025-01-01,93406.74,764021520.9930731,41677508.02058292
2025-01-02,94409.13,911368528.6131656,50856759.022372745
2025-01-03,96853.63,774936114.1501169,43774428.96439177
2025-01-04,98122.01,813137190.1997707,46859345.575336605
2025-01-05,98242.07,851338266.2494245,49028390.2707316
2025-01-06,98319.2,725820444.9434196,42889059.58256392
2025-01-07,102253.31,731277741.5219413,43399566.37768761
2025-01-08,96916.58,682162072.3152436,38731743.14653424
2025-01-09,95049.45,829509079.9353366,45131715.5046244
2025-01-10,92493.26,774936114.1501169,43118492.83665689
2025-01-11,94702.66,753106927.8360293,41261535.49680089
2025-01-12,94569.61,939753829.6056751,51325373.58876659
2025-01-13,94478.37,702796044.3776932,38030872.878672
2025-01-14,94497.68,845551490.8919123,48024069.39001907
2025-01-15,96527.14,763192579.4414012,43360626.4550287
2025-01-16,100511.85,702796044.3776932,40561226.41225965
2025-01-17,99976.92,823589114.5051093,49088495.97809198
2025-01-18,104103.44,713777232.5710948,42811968.75008991
2025-01-19,104408.89,823589114.5051093,49783518.321237095
2025-01-20,101217.01,834570302.6985108,52231151.07326733
2025-01-21,102042.06,730249014.861197,44179305.061924905
2025-01-22,106158.27,823589114.5051093,49976591.427646
2025-01-23,103637.06,746720797.1512991,45141421.668283015
2025-01-24,103950.37,768683173.5381019,46593684.6521943
2025-01-25,104855.0,702796044.3776932,43120149.290072314
2025-01-26,104722.36,752211391.2479999,45984551.185417086
2025-01-27,102592.63,841602268.6110247,49678699.31219695
2025-01-28,102102.01,795344639.2008113,48495894.35196659
2025-01-29,101322.82,832962291.0549035,50806098.81323439
2025-01-30,103704.56,779222788.4062003,48159480.94685502
2025-01-31,104743.97,671743783.1087936,41215377.12005181
2025-02-01,102406.47,988806848.7361435,59813383.882176995
2025-02-02,100627.27,918945495.2928294,53478549.88510187
2025-02-03,97675.85,822214390.5251629,46785079.346051134
2025-02-04,101414.76,703987484.6980155,41194953.77868615
2025-02-05,97877.42,773848838.1413299,44475327.26978206
2025-02-06,96607.66,779222788.4062003,44757606.39731677
2025-02-07,96564.45,929693395.8225701,56217352.926798366
2025-02-08,96540.7,859832042.3792553,48611951.116211586
2025-02-09,96486.54,795293751.4100475,43517930.313924514
2025-02-10,96487.05,788864727.616627,43320703.27320515
2025-02-11,97461.49,703735440.4637535,38861640.370031185
2025-02-12,95752.0,754813012.7554775,40527088.43881252
2025-02-13,97877.16,896695158.0102665,48803029.99107258
2025-02-14,96628.78,862643443.1491172,46640110.77105758
2025-02-15,97494.79,908045729.6306497,49782602.46558018
2025-02-16,97593.62,856968157.3389257,46930841.28289941
2025-02-17,96176.21,777514155.996244,41783251.277969725
2025-02-18,95771.14,794540013.4268184,42231628.83348872
2025-02-19,95544.0,715086012.0841366,38342134.3854138
2025-02-20,96642.79,737787155.324903,40189160.098628856
2025-02-21,98331.0,732111869.5147113,40005010.99108212
2025-02-22,96111.11,788864727.616627,42595344.10286018
2025-02-23,96580.65,728533880.978175,39879359.88534411
2025-02-24,96274.79,714530229.8374169,40054809.07939585
2025-02-25,91538.39,807968798.3546175,42857483.777941674
2025-02-26,88664.31,862932662.1882651,44000914.86033099
2025-02-27,84115.7,824457957.5047117,40758550.697296485
2025-02-28,84645.86,857436275.8049003,40709492.42352019
2025-03-01,84379.79,791479639.2045234,38951051.77210351
2025-03-02,86025.07,692544684.3039575,35174001.36934307
2025-03-03,94255.51,824457957.5047117,43308113.80620068
2025-03-04,86081.79,802472411.9712528,39178869.15203415
2025-03-05,87226.39,736515775.3708757,38822717.06369649
2025-03-06,90608.57,934385685.1720064,49258687.207736224
2025-03-07,89920.13,780486866.4377937,39648582.37221587
2025-03-08,86745.52,753004934.5209701,37395283.79197848
2025-03-09,86163.24,878012411.8108668,42556646.31233789
2025-03-10,80669.31,858547242.188255,39454820.13211145
2025-03-11,78557.72,769347528.7141508,35525727.06552882
2025-03-12,82859.32,852972260.0961236,40530980.77892335
2025-03-13,83703.69,886422152.6489124,42545126.21943221
2025-03-14,81075.63,791647457.0826768,37405446.53126042
2025-03-15,83982.58,735897636.1613616,35272290.97760472
2025-03-16,84339.61,808372403.3590714,41508726.75968703
2025-03-17,82581.85,780497492.8984137,37039423.93963551
2025-03-18,84040.57,791647457.0826768,37114004.517978825
2025-03-19,82718.44,847397278.0039921,40407764.34030447
2025-03-20,86867.58,791647457.0826768,38405639.297976285
2025-03-21,84174.28,808372403.3590714,38614236.487858675
2025-03-22,84042.1,836247313.819729,40336852.4258118
2025-03-23,83813.07,876571559.8921037,41846260.4654538
2025-03-24,86057.08,870857131.0489082,42587257.93296199
2025-03-25,87509.31,842582548.8719956,42414375.954737216
2025-03-26,87475.15,859547298.1781431,42937270.49430426
2025-03-27,86907.02,836927632.4366131,40835198.15509742
2025-03-28,87187.77,870857131.0489082,42144592.72836342
2025-03-29,84362.88,797343217.3889353,37087849.85340748
2025-03-30,82612.14,774723551.6474054,35801263.66273607
2025-03-31,82338.19,836927632.4366131,39119908.76634413
2025-04-01,82531.15,763413718.7766403,36330992.43618515
2025-04-02,85185.53,972645626.8857933,47226883.76620056
2025-04-03,82487.27,859547298.1781431,40851454.910893194
2025-04-04,83102.81,1017884958.3688537,47375745.47185206
2025-04-05,83842.01,948981343.907835,43634314.67975655
2025-04-06,83500.22,875826848.0097468,37385270.598243356
2025-04-07,78372.2,875826848.0097468,36726339.728355154
2025-04-08,79188.56,924148329.2792498,38266546.404310316
2025-04-09,76266.57,791264255.7881161,33000042.95873312
2025-04-10,82575.64,869786662.851059,37420617.70238005
2025-04-11,79587.79,893947403.4858105,39052696.81422857
2025-04-12,83423.93,869786662.851059,38212138.6791121
2025-04-13,85283.27,1038911847.2943201,47355383.40737958
2025-04-14,83709.73,899987588.6444983,39919630.5512658
2025-04-15,84553.18,869786662.851059,39338862.03654765
2025-04-16,83631.52,893947403.4858105,39308538.08485719
2025-04-17,84033.59,924148329.2792498,40902380.75468962
2025-04-18,84915.2,821465181.5815556,36371220.00117252
2025-04-19,84466.72,847396221.1293446,37461821.80553237
2025-04-20,85090.63,753499802.4397362,32997150.701480925
2025-04-21,85172.64,771877846.401681,34869989.28334006
2025-04-22,87522.75,949532271.367147,43977633.27289226
2025-04-23,93472.65,698365670.5539016,34345867.712945186
2025-04-24,93708.71,863768066.2114046,41813843.909226455
2025-04-25,93970.77,882146110.1733494,43579177.177242085
2025-04-26,94724.46,814759948.9795519,39716472.20651905
2025-04-27,94660.46,827011978.2875152,40230728.76315034
2025-04-28,93782.18,863768066.2114046,42213546.56184839
2025-04-29,94998.2,894398139.4813126,43904118.875818565
2025-04-30,94274.98,808633934.3255703,39639336.21697385
2025-05-01,94206.41,827011978.2875152,40939035.12337938
2025-05-02,96507.26,974036329.9830736,49317846.31045347
2025-05-03,96927.01,999957994.4593519,50395338.062251836
2025-05-04,95895.74,823060870.7158544,43157958.3121203
2025-05-05,94312.45,1036227714.9300332,52286092.94880676
2025-05-06,94727.8,817139569.4876828,41318522.62404085
2025-05-07,96818.39,894116485.453914,46395931.94800696
2025-05-08,97042.54,941486895.2792871,50308941.74009139
2025-05-09,103223.26,828982171.944026,47753844.10631721
2025-05-10,102982.07,888195184.2257423,48896451.99410062
2025-05-11,104766.27,882273882.9975705,49492536.75833079
2025-05-12,104130.99,858588678.0848842,50187139.68053346
2025-05-13,102827.18,769769159.6623099,42585530.2522898
2025-05-14,104154.71,852667376.8567126,48033095.5708874
2025-05-15,103552.22,864509979.3130558,48115854.702472426
2025-05-16,103757.39,805296967.0313396,46100892.54743447
2025-05-17,103499.95,853317480.0820746,46842170.668077596
2025-05-18,103158.51,979723251.2998109,53324564.265465595
2025-05-19,106424.76,852722089.09428,46633142.760079965
2025-05-20,105622.1,895055809.829457,50269349.19490288
2025-05-21,106805.83,870865112.2664988,49846442.67697942
2025-05-22,109668.26,907151158.610936,52851545.1129847
2025-05-23,111722.19,937389530.5646338,54588322.40563351
2025-05-24,107303.71,852722089.09428,48275499.67356639
2025-05-25,107809.79,913198833.0016756,55807931.7439643
2025-05-26,109029.24,925294181.7831548,52915104.91574241
2025-05-27,109481.32,852722089.09428,49485358.525541104
2025-05-28,108987.67,991818600.0812899,56299149.74145468
2025-05-29,107808.38,961580228.1275918,53953669.204095624
2025-05-30,105588.16,937389530.5646338,51603272.39586039
2025-05-31,104027.67,1016284104.8877773,52781971.99353161
2025-06-01,104655.37,839539043.1681639,43808675.73054219
2025-06-02,105701.48,839539043.1681639,44023056.63066118
2025-06-03,105906.96,908974603.1294405,48097470.03912732
2025-06-04,105434.47,795352777.73826,41910547.6862086
2025-06-05,104743.97,845851366.801007,44003996.223430805
2025-06-06,101565.91,845851366.801007,43897190.94928961
2025-06-07,104381.86,902662279.4965969,47398989.35463319
2025-06-08,105633.02,965785515.8250304,50908063.18071988
2025-06-09,105770.98,883725308.5980667,47302374.792630896
2025-06-10,110300.41,1066782693.9505239,58400130.58904057
2025-06-11,110279.28,890037632.2309102,48716612.982634395
2025-06-12,108688.52,934223897.6608136,50245393.68482558
2025-06-13,105755.21,915286926.7622839,48859546.300097495
2025-06-14,106121.85,949216466.5546213,50643856.22323849
2025-06-15,105466.67,854616743.0404905,45795101.48493961
2025-06-16,105558.7,917456209.4405266,49380099.58294062
2025-06-17,106798.31,741505703.5204258,39628952.11119688
2025-06-18,104606.29,879752529.6005048,47261638.10736218
2025-06-19,104910.93,798061223.2804582,42106155.08953161
2025-06-20,104680.34,948875942.6405447,50034488.67835489
2025-06-21,103302.68,886036476.2405084,46573282.15737069
2025-06-22,102141.77,672382290.480386,34173347.374878295
2025-06-23,100997.71,672382290.480386,34611323.91322129
2025-06-24,105380.3,735221756.880422,39244053.8123115
2025-06-25,106118.74,898604369.5205159,48334581.60969528
2025-06-26,107386.04,986579622.4805663,53545026.820175804
2025-06-27,106978.63,722653863.6004148,38960959.605642885
2025-06-28,107110.33,911172262.800523,49716381.355829924
2025-06-29,107334.13,995260121.1336331,57849729.577137694
2025-06-30,108385.58,843035679.3574839,49333586.62119861
2025-07-01,107130.31,779081248.5096745,45807660.2879142
2025-07-02,105705.84,889547992.701345,52803407.75673417
2025-07-03,108846.62,877919914.3653797,52184667.003364585
2025-07-04,109636.88,924432227.709241,54347747.508406095
2025-07-05,108026.4,912804149.3732755,53453223.3439726
2025-07-06,108243.13,930246266.8772235,54687593.79042116
2025-07-07,109223.78,877919914.3653797,52453309.478894114
2025-07-08,108300.56,825593561.8535358,49375267.19171441
2025-07-09,108936.26,953502423.549154,56605834.9159897
2025-07-10,111305.27,994200697.7250328,60482809.52680318
2025-07-11,115993.81,872105875.197397,55661378.165088564
2025-07-12,117562.14,918141001.6128464,56609152.581327505
2025-07-13,117446.02,859946006.057642,53264048.43253949
2025-07-14,119095.39,910161831.228891,56958970.224478096
2025-07-15,119870.73,1029424416.010608,62994556.22886511
2025-07-16,117762.36,822284137.1792051,49061620.40880899
2025-07-17,118748.5,853669027.9112357,51923875.82709622
2025-07-18,119276.85,903884853.0824848,55577251.70091847
2025-07-19,118019.66,891330896.7896729,55140355.74943248
2025-07-20,117923.05,935269743.8145157,55345444.39756341
2025-07-21,117316.3,941546721.960922,55845562.11065112
2025-07-22,117446.79,941546721.960922,56703249.71929671
2025-07-23,120001.46,878776940.4968604,52375243.840705484
2025-07-24,118780.28,922715787.5217032,55738019.27735036
2025-07-25,118353.17,1004316503.4249833,61024159.251095384
2025-07-26,117648.33,970032969.1338755,57613130.504926935
2025-07-27,117947.26,869131963.3112651,52743508.35291669
2025-07-28,119461.83,919884194.7454995,57401899.31434401
2025-07-29,118037.15,710531240.0792824,44261671.20515351
2025-07-30,117925.55,869131963.3112651,52500144.0726225
2025-07-31,117828.87,976980455.1090133,57319369.463227905
2025-08-01,115754.1,957948368.3211753,56353797.87732009
2025-08-02,113262.81,919884194.7454995,52630766.709140696
2025-08-03,112521.7,983324484.0382924,58460508.735578604
2025-08-04,114226.86,1084828946.9067616,63216750.855126135
2025-08-05,115068.27,875475992.2405444,49657668.28134079
2025-08-06,114138.05,913540165.8162203,52223364.3962656
2025-08-07,115024.46,1021388657.6139685,59669628.45612645
2025-08-08,117510.56,870485436.2761792,50684514.53970229
2025-08-09,116676.54,746374213.3917352,43614181.876055986
2025-08-10,116485.38,868625162.1369333,51005043.20194832
2025-08-11,119295.42,945836287.6602162,55915983.724809095
2025-08-12,118715.93,881493683.0574806,53843540.11236853
2025-08-13,120169.3,1003744631.8026783,60045859.57365181
2025-08-14,123359.45,1042350194.56432,61609577.20507048
2025-08-15,118387.9,862190901.6766596,51476198.521993086
2025-08-16,117419.5,978007589.9615842,56291249.48949163
2025-08-17,117484.12,978007589.9615842,57118058.45187763
2025-08-18,117455.5,990876110.8821313,57700190.9822444
2025-08-19,116251.12,862190901.6766596,49935656.50295718
2025-08-20,112816.34,907230724.8985746,51965866.520033605
2025-08-21,114263.31,958704808.5807632,55379284.1129266
2025-08-22,112432.68,939585701.641628,53263914.816695295
2025-08-23,116866.95,980001769.6141683,55282142.914973006
2025-08-24,115372.47,1057370330.3731811,61885477.45943765
2025-08-25,113468.36,909080588.9184059,51120833.63289729
2025-08-26,110138.68,967107009.4876657,56297907.75003928
2025-08-27,111803.49,967107009.4876657,54198229.94353496
2025-08-28,111252.32,1025133430.0569257,57745298.994550705
2025-08-29,112572.88,1063817710.4364324,58475677.66527168
2025-08-30,108370.55,1018686049.9936746,54713066.34255501
2025-08-31,108790.79,851054168.3491462,46665914.96970029
2025-09-01,108234.82,1038028190.1834283,58509888.881842114
2025-09-02,109250.51,1050922950.3099302,61013436.12510861
2025-09-03,111202.95,883291068.6654017,49232179.806125626
2025-09-04,111737.55,902633208.8551546,50416444.85079042
2025-09-05,110732.71,957592801.7399701,54223984.82193413
2025-09-06,110657.04,946761026.3534616,51557818.35938023
2025-09-07,110231.14,1041437128.988808,53775093.15064921
2025-09-08,111175.46,1082012601.5468137,59163170.858251974
2025-09-09,112078.8,1129350652.8644862,59621353.915624365
2025-09-10,111523.15,1149638389.1434891,61107717.83874749
2025-09-11,113969.34,1014386813.9501374,55434703.508697584
2025-09-12,115517.68,811509451.1601102,45996051.3087754
2025-09-13,116105.02,953523605.1131293,56615798.65069372
2025-09-14,115965.47,1034674550.2291405,58590040.977576114
2025-09-15,115384.69,1102300337.8258162,60079253.51947369
2025-09-16,115402.4,1082012601.5468137,59237319.60654769
2025-09-17,116797.5,865610081.2374508,58799712.10291436
2025-09-18,116453.08,1087599379.1411881,60565164.56275341
2025-09-19,117128.97,1188749380.7897809,65203654.13159877
2025-09-20,115691.4,1082611043.2192645,56549857.186625816
2025-09-21,115751.15,1146294045.7615743,59677110.55222099
2025-09-22,115317.03,1061383375.7051616,54197851.96025491
2025-09-23,112752.31,1018928040.676955,51049596.047497146
2025-09-24,112010.28,1082611043.2192645,55101523.83746149
2025-09-25,113316.86,997700373.1628518,50173577.36223641
2025-09-26,109036.72,934017370.6205422,49131500.76535409
2025-09-27,109698.86,1096762821.5620003,57571424.46552212
2025-09-28,109688.85,1167521713.2756777,57694137.5158762
2025-09-29,112177.12,990624483.9914839,52005476.55065172
2025-09-30,114404.31,1139218156.5902066,59806339.233965605
2025-10-01,114034.76,1076906913.283782,58814143.62506912
2025-10-02,118617.71,1019764936.475331,52703238.64085598
2025-10-03,120627.96,884796047.8241848,45203497.90500219
2025-10-04,122282.99,1004768393.2918702,54672826.381599
2025-10-05,122433.34,1117242467.1678262,61639031.92476243
2025-10-06,123519.47,922287405.7828363,48326772.4491213
2025-10-07,124776.68,1034761479.6587919,54530174.102237426
2025-10-08,121425.01,1109744195.5760958,58604481.531066805
2025-10-09,123341.25,899792591.007645,46140046.75896492
2025-10-10,121684.39,989771850.1084098,50087834.21199739
2025-10-11,113139.0,1102245923.9843652,53304513.956858695
2025-10-12,110787.57,1087249380.8009045,52631008.27803633
2025-10-13,115105.0,1139737281.943017,55772581.81280702
2025-10-14,115216.47,1267207899.0024335,62702029.02424291
2025-10-15,113092.61,1079751109.2091742,56483930.76401499
2025-10-16,110784.88,1124278123.987008,53836990.62783982
2025-10-17,108192.62,1159633832.2093213,55014779.838728644
2025-10-18,106466.05,1203393599.4625034,55526576.457383774
2025-10-19,107209.72,1013767941.3653816,47138834.98135011
2025-10-20,108688.24,1086700886.7873514,57476921.76238207
2025-10-21,110576.7,1093994181.3295484,53878170.125397824
2025-10-22,108448.06,1115874064.956139,54748141.490670696
2025-10-23,107614.03,1035647824.9919723,48853931.9317649
2025-10-24,110082.72,1305499723.053261,67896489.5775563
2025-10-25,111020.53,1166927126.751518,58063431.451331414
2025-10-26,111637.64,1072114297.7029574,52688113.772418
2025-10-27,114531.59,1072114297.7029574,55381422.5990335
2025-10-28,114121.46,1181513715.835912,59559818.98605979
2025-10-29,112923.91,929747081.6588961,46366755.927553706
2025-10-30,110068.52,1240553837.6668227,59014847.657342404
2025-10-31,108303.21,1085484607.9584696,49097139.10761869
2025-11-01,109552.54,1069977684.9876347,48497027.14215949
2025-11-02,110047.16,1201786530.2397344,57248581.06084638
2025-11-03,110601.99,1100991530.929305,50213843.6104412
2025-11-04,106533.38,1015703454.5897113,44261372.2975437
2025-11-05,101523.49,1069977684.9876347,48614915.985910416
2025-11-06,103883.58,1085484607.9584696,47273620.26287099
2025-11-07,101282.56,1100991530.929305,46148651.64133788
2025-11-08,103328.81,930415378.2501172,38668844.67289409
2025-11-09,102280.42,1093238069.4438875,45526140.89176192
2025-11-10,104712.19,1085484607.9584696,48089956.88308448
2025-11-11,105962.29,1186279607.2688992,52980490.17789942
2025-11-12,103017.87,1086613750.3494294,46339949.39854222
2025-11-13,101659.07,1086613750.3494294,48630916.473970026
2025-11-14,99675.15,1086613750.3494294,46392333.27877709
2025-11-15,94399.23,1086613750.3494294,44397206.72613286
2025-11-16,95534.16,1203542966.8475492,51839181.95550078
2025-11-17,94187.75,938612125.0886546,37623941.963384494
2025-11-18,92093.24,1006737198.683799,39760940.62876144
2025-11-19,92979.11,1037015009.1705301,41686318.65990569
2025-11-20,91453.07,991598293.4404337,37391178.738754086
2025-11-21,86467.17,1142987345.8740876,41307351.470361225
2025-11-22,85096.82,1082431724.900626,38587770.65295698
2025-11-23,84677.63,1074862272.2789433,39803642.23436507
2025-11-24,86786.92,1082431724.900626,40374787.099114954
2025-11-25,88276.26,870487051.4935104,32874235.57422186
2025-11-26,87330.85,1241390229.9559624,48827581.66636605
2025-11-27,90517.55,1061465507.6302311,45073841.77706884
2025-11-28,91305.47,1113270480.6428328,43668909.077361286
2025-11-29,90915.26,1016787038.987121,40823502.876211286
2025-11-30,90830.82,1239441135.1156871,50114996.21209714
2025-12-01,90376.43,987099826.1699785,37889948.704963274
2025-12-02,86316.42,942569006.9442655,37209087.675037675
2025-12-03,91320.47,979678022.9656931,40366905.180626564
2025-12-04,93468.15,979678022.9656931,38650213.12878416
2025-12-05,92141.99,883194581.309981,35290934.7860603
2025-12-06,89343.14,1209753922.2985451,47551994.39825927
2025-12-07,89230.51,1187488512.6856885,46180600.132956564
2025-12-08,90455.3,1098426874.2342618,42346198.7392924
2025-12-09,90643.57,957412613.3528363,38202403.79200807
2025-12-10,92703.59,1150379496.6642606,46194650.58886004
2025-12-11,91985.09,1179902024.3226545,45569903.27880048
2025-12-12,92497.93,1068190154.3848839,45186891.408350185
2025-12-13,90269.59,1053456497.083023,41126223.45601717
2025-12-14,90280.87,942954067.3190697,36576336.1609944
2025-12-15,88166.45,987155039.2246507,38200148.6397923
2025-12-16,86422.9,1082923811.686744,42372123.497608654
2025-12-17,87835.39,1016622353.8283721,39521708.66966769
2025-12-18,86132.82,1060823325.7339536,39870185.26024819
2025-12-19,85458.35,1068190154.3848839,41624840.89061918
2025-12-20,88098.82,1082923811.686744,40764665.21079847
2025-12-21,88337.41,1016622353.8283721,38282066.66061573
2025-12-22,88615.72,1023989182.4793022,40642087.56592057
2025-12-23,88485.37,1068190154.3848839,40027962.17182731
2025-12-24,87424.67,1171325755.4979067,45269766.079836465
2025-12-25,87607.78,1016973817.768314,40816647.87350074
2025-12-26,87223.66,1149714808.6043208,45337497.94168463
2025-12-27,87300.34,1002315474.1678696,37966099.35216447
2025-12-28,87790.37,1142344841.882498,44392018.14136716
2025-12-29,87835.12,1134974875.1606758,44333071.48601913
2025-12-30,87123.05,877026039.8968855,32980772.1386752
2025-12-31,88423.54,980205574.0024016,39763257.030322805
2026-01-01,87493.87,1112864974.9952078,45043745.663201086
2026-01-02,88735.0,1061275207.9424502,43248637.866295256
2026-01-03,89944.05,1142344841.882498,46119804.59737659
2026-01-04,90590.94,1068645174.6642727,42701072.629889734
2026-01-05,91467.97,972835607.2805791,39260031.2528147
2026-01-06,93882.39,958095673.8369341,39870766.30093992
2026-01-07,93738.8,1083385108.1079175,43059881.472027756
2026-01-08,91272.61,965289669.1289088,38242426.304593824
2026-01-09,91030.38,1033929118.9983668,43360680.846190974
2026-01-10,90495.68,1179552938.5756013,47192741.628271244
2026-01-11,90378.79,888305299.4211321,34774842.27136028
2026-01-12,90818.26,1033929118.9983668,41898399.34618774
2026-01-13,91193.7,982960782.146335,39887018.4843792
2026-01-14,95333.81,902867681.3788556,38606951.33265132
2026-01-15,96931.94,1012085546.0617816,43945622.19613658
2026-01-16,95559.97,946554827.2520258,39642363.47762159
2026-01-17,95527.94,1084897455.850399,47584024.47027049
2026-01-18,95097.89,1019366737.0406432,44190394.54358933
2026-01-19,93665.1,1092178646.8292608,47264334.37584556
2026-01-20,92553.06,968398400.1886113,38654976.78246953
2026-01-21,88324.94,997523164.104058,49726716.484967105
2026-01-22,89374.74,1163912656.954194,46464034.7438881
2026-01-23,89461.76,985930374.4704596,42235350.854145795
2026-01-24,89506.0,690151262.1293219,28729263.387003347
2026-01-25,89082.07,760574860.3057833,33814304.70026576
2026-01-26,86570.94,873252617.3881215,38079554.19167753
2026-01-27,88245.67,859167897.7528292,35583755.74561265
2026-01-28,89117.06,774659579.9410756,33247869.895025924
2026-01-29,89159.85,901422056.6587061,37218185.03085007
2026-01-30,84563.4,922549136.1116446,34377746.2435277
2026-01-31,84120.31,971845654.8351676,39614296.16231698
2026-02-01,78585.89,838040818.299891,31663403.11907942
2026-02-02,76879.64,830998458.4822448,29869870.07014526
2026-02-03,78679.78,929591495.9292907,32668904.952233184
2026-02-04,75631.64,1000015094.105752,35594652.764567286
2026-02-05,73004.18,894379696.8410602,28340233.43093726
2026-02-06,62812.06,1021142173.5586905,31304063.408903655
2026-02-07,70520.32,1116396723.6283798,37922804.35860754
2026-02-08,69282.65,1063649660.9826868,39307842.46530021
2026-02-09,70284.84,1019852322.0010467,37701555.88624861
2026-02-10,70131.23,900973830.4794525,31805766.029373445
2026-02-11,68794.25,982311745.7310699,33745569.9783912
2026-02-12,66979.72,1107446999.964327,39717969.33809671
2026-02-13,66205.98,944771169.4610924,33812197.60598131
2026-02-14,68851.99,1038622610.1360354,38825294.198482804
2026-02-15,69754.68,1232582254.1975844,44747462.56810828
2026-02-16,68784.72,1094933474.5410013,41514137.47269212
2026-02-17,68840.26,1032365847.4243727,35705019.17228733
2026-02-18,67459.99,957284694.8844184,33192878.56735473
2026-02-19,66427.8,1020622252.4872998,35453245.47632441
2026-02-20,66956.88,983397435.8766681,29583415.862321332
2026-02-21,67994.8,854191933.352726,25941681.428243037
2026-02-22,67966.35,1177205689.6625803,38334798.13538485
2026-02-23,67614.9,1062356354.0857433,31768274.212035805
2026-02-24,64619.94,1184383773.1361327,34308088.5723721
2026-02-25,64043.32,1119781021.874162,33163205.0955439
2026-02-26,67984.76,1004931686.2973247,31242254.39746657
2026-02-27,67470.73,1012109769.7708769,32978961.78356569
2026-02-28,65866.66,1026465936.7179816,31741956.231636845
2026-03-01,67006.09,1069534437.5592955,32892105.20807477
2026-03-02,65762.29,976219352.4031156,28805700.41345509
2026-03-03,68775.78,961863185.4560106,29470007.97002152
2026-03-04,68264.82,933150851.5618018,30908354.53628888
2026-03-05,72758.05,1192841923.7049837,43517075.97550223
2026-03-06,70886.76,1052672432.0364789,35189110.133946575
2026-03-07,68128.59,951731239.9233917,29409810.833845343
2026-03-08,67279.51,966151410.2252611,29952835.179625377
2026-03-09,65940.8,994991750.8290006,30248754.74657433
2026-03-10,68452.78,994991750.8290006,30958077.256941024
2026-03-11,69922.38,1002201835.9799352,31500855.46140721
2026-03-12,70197.35,930100984.4705875,28394948.61118444
2026-03-13,70493.61,872420303.2631093,28672340.40423705
2026-03-14,70966.24,922890899.3196526,31104411.579486884
2026-03-15,71218.64,901260643.8668482,28551032.51716158
2026-03-16,72819.88,901260643.8668482,31213760.461403914
2026-03-17,74859.5,915680814.1687176,30667607.216510493
2026-03-18,73927.68,1002201835.9799352,32271586.44477335
2026-03-19,71263.46,966151410.2252611,30093044.244407844
2026-03-20,69911.35,958881917.8174205,31876728.371480852
2026-03-21,70507.53,917823292.9611512,31080134.511768695
2026-03-22,68890.19,1077444735.2152646,35362303.26767577
2026-03-23,67849.71,1064142948.360755,35403134.78180417
2026-03-24,70885.18,831361678.4068401,29425134.82461507
2026-03-25,70517.65,1017586694.3699718,34532744.55173951
2026-03-26,71301.05,1097397415.4970288,36135408.58812936
2026-03-27,68779.41,1010935800.9427172,32572797.449150614
2026-03-28,66329.87,1157255456.3423212,37549561.72943241
2026-03-29,66320.1,957728653.5246795,31332097.968298074
2026-03-30,65956.94,904521506.1066417,31652198.95194288
2026-03-31,66694.46,904521506.1066417,29208989.5260379
2026-04-01,68216.53,1077444735.2152646,36946073.87653185
2026-04-02,68099.79,964379546.9519341,32944128.014213223
2026-04-03,66891.36,898750099.8899364,28565511.275230702
2026-04-04,66931.75,828969681.6295495,26981692.957717586
2026-04-05,67286.12,1098384828.1591525,36446472.64345209
2026-04-06,68996.55,884234327.0715194,27896636.584679753
2026-04-07,68856.54,953315133.8739818,30230835.12217497
2026-04-08,71949.58,1022395940.676444,36394654.17361098
2026-04-09,71129.61,994763617.9554594,34088594.566414475
2026-04-10,71771.25,863510085.0307804,30288293.046783395
2026-04-11,72976.07,849693923.6702881,30023283.722729884
2026-04-12,73065.17,1070752505.4381678,36106957.76146776
2026-04-13,70768.13,1022395940.676444,35058588.5729043
2026-04-14,74501.01,1132925231.560384,43519231.83055178
2026-04-15,74195.34,863510085.0307804,30137463.294372242
2026-04-16,74814.99,1050028263.3974293,37530771.07909433
2026-04-17,75169.74,968172577.6598405,35162805.095583595
2026-04-18,77143.43,1031290054.5634866,37175673.682350546
2026-04-19,75734.7,1064992343.9283061,39687112.333298646
2026-04-20,73857.03,876259523.4853154,30691964.37339555
2026-04-21,75873.82,909961812.8501353,34607957.17180722
2026-04-22,76353.08,882999981.3582796,32710248.88055914
2026-04-23,78206.49,815595402.6286399,30181396.125552695
2026-04-24,78266.65,1004328223.0716305,36956995.36926147
2026-04-25,77458.76,943664102.2149547,35540028.23006317
2026-04-26,77636.09,1004328223.0716305,37907580.20176736
2026-04-27,78649.47,930183186.4690272,37153466.59126739
2026-04-28,77373.46,936923644.3419911,35894449.053407766
2026-04-29,76347.25,856038149.8664234,31123986.725846674
2026-04-30,75781.88,943664102.2149547,38381140.996294245
2026-05-01,76286.46,1064992343.9283061,41497268.04635047
2026-05-02,78195.88,897607937.210035,33978259.8014594
2026-05-03,78670.21,1000953347.145923,37957825.09103924
2026-05-04,78543.1,981197688.9785694,37802927.14645988
2026-05-05,79827.87,987782908.3676875,41226137.29796431
2026-05-06,80928.41,928515933.8656261,37170254.10973385
2026-05-07,81436.54,935101153.2547442,36549027.8608138
2026-05-08,80015.99,968027250.2003335,40423314.1434815
2026-05-09,80197.58,1126072515.5391636,44584005.24631609
2026-05-10,80672.03,987782908.3676875,39621267.16479055
2026-05-11,82146.2,1086561199.204456,45135542.948139064
2026-05-12,81738.19,882419398.1418005,36600096.52934795
2026-05-13,80491.45,915345495.0873903,38562664.84282158
2026-05-14,79285.66,994368127.7568054,39577345.88310893
2026-05-15,81067.56,963695673.6867331,37584497.72878831
2026-05-16,79063.02,1025406923.151223,39142248.12923508
2026-05-17,78140.84,950708405.5706699,40697281.89198457
2026-05-18,77409.45,950708405.5706699,36727998.61930419
2026-05-19,76947.45,964289954.2216796,36712345.59041001
2026-05-20,76752.77,1032197697.4767272,40285580.87419021
2026-05-21,77463.34,862428339.3391081,32977144.973637983
2026-05-22,77538.22,1059360794.7787467,38731739.16575614
2026-05-23,75460.93,1113686989.3827848,40896180.634492286
2026-05-24,76673.89,889591436.6411269,33551122.24949937
2026-05-25,76985.38,1120477763.7082896,41619889.269138455
2026-05-26,77284.84,943917631.2451651,34580370.49577967
2026-05-27,75823.27,950708405.5706699,34203807.850598074
2026-05-28,74348.35,1100105440.7317753,39320840.567629226
2026-05-29,73539.08,959580184.8628848,32937653.994468622
2026-05-30,73372.1,980866173.425555,34800660.64053763
2026-05-31,73754.51,994681189.9526752,40416020.03192868
2026-06-01,73570.59,932513615.5806334,32156339.769274358
2026-06-02,71325.64,759825908.9916271,24522467.930324204
2026-06-03,66676.55,746010892.4645066,24432298.93709044
2026-06-04,64012.8,980866173.425555,31994424.504998155
2026-06-05,63812.6,932513615.5806334,26347747.612574305
2026-06-06,61039.24,842716008.1543498,23769580.873137023
2026-06-07,60861.29,808178466.8365489,23214514.58494519
2026-06-08,63274.63,877253549.4721516,26166733.692821153
2026-06-09,63090.31,856531024.6814705,27149338.9211155
2026-06-10,61642.38,870346041.2085911,24484223.559984963
2026-06-11,61450.38,932513615.5806334,27490584.13183997
2026-06-12,63547.89,1015403714.743356,31436770.76781264
2026-06-13,63539.65,856531024.6814705,25757659.401464887
2026-06-14,64427.29,908119306.0165769,30279244.594365463
2026-06-15,65713.21,931566968.2181835,32087056.179462083
2026-06-16,66285.33,1006092325.6756383,37804194.329022676
2026-06-17,65611.77,819778932.0320016,28337336.97282871
2026-06-18,64428.91,1024723665.040002,39027824.014946744
2026-06-19,62900.98,937777414.6729716,33453833.895754717
2026-06-20,63486.22,962619200.4921229,31830352.606492512
2026-06-21,64250.43,832199824.9415773,28231237.7138422
2026-06-22,63234.7,968829646.9469111,33983075.16364371
2026-06-23,63952.2,1074407236.6783051,37380880.69218837
2026-06-24,62653.71,962619200.4921229,30898733.96285523
2026-06-25,60984.24,1055775897.3139414,35737200.07342634
2026-06-26,59709.65,962619200.4921229,31793868.264358897
2026-06-27,60023.84,1111771053.6412394,33755336.59745445
2026-06-28,59941.43,858457140.405019,28065491.578357432
2026-06-29,59496.75,831838314.3459485,25522718.155180145
2026-06-30,60136.19,991551270.7003708,32232725.90283712
2026-07-01,58534.28,951623031.6117651,27517549.948183976
2026-07-02,59963.86,871766553.4345543,28684439.449678544
2026-07-03,61484.36,1004860683.7299057,30994529.89855728
2026-07-04,62545.03,1024824803.2742088,31958505.356244735
2026-07-05,63086.45,851802433.8902514,28045767.693441838
2026-07-06,63572.03,771945955.7130404,23545058.25300224
2026-07-07,64000.31,925004205.552695,33810153.914468095
2026-07-08,63287.15,891730672.9788568,28233489.36954278
2026-07-09,62249.52,831838314.3459485,25466423.823367156
2026-07-10,63187.84,865111846.9197867,26596939.859383278
2026-07-11,64124.85,914680379.41803,32463101.492726527
2026-07-12,63782.83,910321900.5977656,30154867.50322592
2026-07-13,63744.39,929286940.1935524,32537380.48095552
2026-07-14,62242.32,979860379.1156503,33685178.291484736
2026-07-15,64960.09,878713501.2714542,29659602.47794904
2026-07-16,64714.54,764923263.6967337,24983209.692606576
2026-07-17,63790.67,802853342.8883076,27410697.114453245
2026-07-18,63899.18,1049398857.6335355,44367075.9966361
2026-07-19,64797.87,1043077177.7682731,35924593.96592124
2026-07-20,64682.15,922965260.3282901,32579946.41959805
2026-07-21,65209.88,872391821.4061922,29987302.615410216
2026-07-22,66511.66,726993184.5051601,25171109.330574844
2026-07-23,66074.13,834461742.2146184,28366911.134696368
2026-07-24,65051.17,973538699.2503883,36335889.21904726
2026-07-25,64095.49,872298466.1852326,29034668.784975085
2026-07-26,64311.97,916150329.1982554,30448318.097199228
2026-07-27,65335.46,865950311.159995,34806779.22227191
2026-07-28,63710.94,796925286.3573867,26608818.300387148
2026-07-29,63873.46,897325322.4339077,30874144.40498185
2026-07-30,63897.36,960075344.9817333,33453364.501118597
2026-07-31,64720.99,985175354.0008637,34788365.97404295
2026-08-01,62811.4,1029100369.7843416,34078404.99428179
2026-08-02,62760.11,903600324.6886903,30282190.96696429
2026-08-03,63487.43,941250338.2173856,31916007.70883719
2026-08-04,63461.22,884775317.9243425,31581779.324148443
2026-08-05,64054.44,891050320.1791251,32032679.669593435
2026-08-06,64600.08,803200288.612169,26908574.150808807
2026-08-07,64255.09,991450356.2556461,35851919.024441294
2026-08-08,64878.76,898566437.3158499,31683851.991916828
2026-08-09,64905.62,906199293.8397912,30011840.094056047
2026-08-10,64854.72,880851061.8442723,30345135.79134038
2026-08-11,63916.51,817480481.8554755,27161267.303332012
2026-08-12,63552.46,893525177.8420315,31226931.160819154
2026-08-13,63400.51,925210467.8364298,30813236.80437796
2026-08-14,63406.36,944221641.8330688,31531940.289323136
2026-08-15,62971.56,918873409.83755,31900917.21956156
2026-08-16,63024.43,1020266337.8196247,33462037.565031838
2026-08-17,62826.11,1001255163.8229856,32861436.28106974
2026-08-18,64503.67,944221641.8330688,31799137.209413435
2026-08-19,64684.36,779458133.8621979,28103937.417647216
2026-08-20,69283.53,804806365.8577168,31250915.320521314
2026-08-21,73024.53,868176945.8465129,36057636.17685566
2026-08-22,78323.95,937884583.8341893,37584155.46012249
2026-08-23,77077.12,850614057.0232295,36808693.989889726
2026-08-24,77701.23,888054324.8996867,38799895.464067735
2026-08-25,78975.82,888054324.8996867,36029947.78975706
2026-08-26,78521.7,950593361.8644534,40005307.60847206
2026-08-27,79030.02,913069939.6855934,39563643.51466621
2026-08-28,80273.17,825515287.9349201,37859625.807505
2026-08-29,77835.28,913069939.6855934,38617159.95615532
2026-08-30,78232.0,1019386302.5256965,41616845.61983288
2026-08-31,77690.03,950593361.8644534,41873915.14132834
2026-09-01,78549.65,888054324.8996867,38812028.82668903
2026-09-02,77410.57,856784806.4173034,36220769.16653495
2026-09-03,77304.32,1000624591.4362668,45888668.7755952
2026-09-04,81272.88,894308228.5961634,39753685.11973082
2026-09-05,79676.63,927538773.2739177,39117131.97882999
2026-09-06,79832.88,1045376165.0118244,48413563.66319026
2026-09-07,80341.3,880650223.8584459,35267306.52948581
2026-09-08,79093.87,842636545.130743,33443132.523066733
2026-09-09,78444.05,1020033712.5266892,44921766.60613301
2026-09-10,78273.45,848972158.2520267,35764129.10695293
2026-09-11,76540.35,1020033712.5266892,44040425.4641957
2026-09-12,77209.87,994691260.0415542,41440926.25326019
2026-09-13,77273.07,956677581.3138515,41850977.384348914
2026-09-14,76829.51,950341968.1925676,42671120.30986431
2026-09-15,78169.72,1032704938.7692567,44260858.666613646
2026-09-16,75609.19,861643384.4945945,36313673.746359296
2026-09-17,76141.53,905992676.3435813,38730942.1503553
2026-09-18,76395.02,963013194.4351349,41873220.541757636
2026-09-19,80872.23,825725010.0135053,35509689.012637205
2026-09-20,81256.73,1016306047.1278474,42610620.97116012
2026-09-21,81136.2,983309097.5457743,42096485.18335576
2026-09-22,86607.63,917315198.3816285,43523516.78382096
2026-09-23,86184.81,851321299.2174826,35769277.75349589
2026-09-24,84384.61,923914588.2980429,39709877.46111546
2026-09-25,84380.26,884318248.7995554,40311936.510160185
2026-09-26,84087.22,1016306047.1278474,44325792.81542678
2026-09-27,84423.31,963510927.7965306,40876415.46446575
2026-09-28,84443.93,1088899336.2084079,48564894.469910845
2026-09-29,83471.07,1049302996.7099203,44466150.51088154
2026-09-30,83629.12,930513978.2144575,40909021.705262505
2026-10-01,83570.96,897517028.6323848,40812051.510804504
