date,close,volume
2018-05-04,0.8899,18946724.6944755
2018-05-05,0.9028,15282000.0777909
2018-05-06,0.86483,13997141.5638168
2018-05-07,0.8249,14192279.7292327
2018-05-08,0.80667,10571844.1306248
2018-05-09,0.79481,11014807.2399319
2018-05-10,0.74558,7949198.409258
2018-05-11,0.6761,21611338.0498561
2018-05-12,0.68522,12223888.8379142
2018-05-13,0.72999,12503150.5196937
2018-05-14,0.72694,15661876.5437869
2018-05-15,0.689,9315740.4729229
2018-05-16,0.70585,7602189.9923878
2018-05-17,0.65849,6897498.1823117
2018-05-18,0.67766,6745876.6916484
2018-05-19,0.67339,4624460.5306185
2018-05-20,0.6994,5558451.0162887
2018-05-21,0.67612,5420030.2894863
2018-05-22,0.63782,4982003.424795
2018-05-23,0.59198,12176385.086686
2018-05-24,0.62814,8700112.8757114
2018-05-25,0.60459,12208461.5322743
2018-05-26,0.60852,15835491.8882858
2018-05-27,0.60416,14343498.0709639
2018-05-28,0.54689,17222339.8894059
2018-05-29,0.59998,17917595.5436051
2018-05-30,0.60149,18886579.3618361
2018-05-31,0.6114,20482812.8093579
2018-06-01,0.62151,21071397.5305232
2018-06-02,0.64269,23702560.1167091
2018-06-03,0.6901,24486265.639337
2018-06-04,0.65507,32100617.0883567
2018-06-05,0.67464,28070582.1314106
2018-06-06,0.6741,22997564.6483558
2018-06-07,0.67756,23809284.7139929
2018-06-08,0.6721,21502857.3219476
2018-06-09,0.6574,20988079.8735296
2018-06-10,0.58201,28984633.4576875
2018-06-11,0.59989,13711198.2992459
2018-06-12,0.5556,16778215.9525018
2018-06-13,0.52862,19678707.3890784
2018-06-14,0.55769,19168374.218116
2018-06-15,0.53258,14014574.412175
2018-06-16,0.53275,13928650.364901
2018-06-17,0.52617,17731742.407787
2018-06-18,0.5387,17838659.679919
2018-06-19,0.54834,15666561.302406
2018-06-20,0.53916,18569764.370552
2018-06-21,0.53457,16084409.984671
2018-06-22,0.48216,21054452.0977786
2018-06-23,0.49005,13211906.742514
2018-06-24,0.47331,19228982.693618
2018-06-25,0.48125,15210518.564136
2018-06-26,0.453,8310814.136168
2018-06-27,0.4701,13726173.831504
2018-06-28,0.44575,16443331.069985
2018-06-29,0.45321,16486127.909613
2018-06-30,0.46796,17496283.246416
2018-07-01,0.46222,14527131.724696
2018-07-02,0.4899,18861835.883111
2018-07-03,0.4844,22062745.014106
2018-07-04,0.49097,13200046.150371
2018-07-05,0.4769,14877622.127311
2018-07-06,0.47698,12625528.914747
2018-07-07,0.48494,13447638.637185
2018-07-08,0.47915,15227900.93218
2018-07-09,0.473,12722388.76024
2018-07-10,0.44337,13915044.9298
2018-07-11,0.44872,12781404.225893
2018-07-12,0.43675,13249846.551343
2018-07-13,0.43754,14593937.357387
2018-07-14,0.43864,11872724.616941
2018-07-15,0.44681,15040196.535797
2018-07-16,0.48173,19088386.241065
2018-07-17,0.50728,23548100.522162
2018-07-18,0.48868,24610955.767417
2018-07-19,0.47687,17630279.611388
2018-07-20,0.44439,18539211.491687
2018-07-21,0.45506,12866104.784527
2018-07-22,0.44859,14665477.900179
2018-07-23,0.44499,13697250.548571
2018-07-24,0.45885,19790934.546181
2018-07-25,0.4598,19640124.678339
2018-07-26,0.44968,17513597.40406
2018-07-27,0.4555,15945776.398794
2018-07-28,0.45641,12621424.420115
2018-07-29,0.45315,14129680.202986
2018-07-30,0.44534,14421158.754733
2018-07-31,0.4353,13868351.212342
2018-08-01,0.44642,17676468.234578
2018-08-02,0.42975,14590469.469659
2018-08-03,0.44033,19595686.13835
2018-08-04,0.42985,15286746.080336
2018-08-05,0.4345,15070456.191158
2018-08-06,0.4129,17175993.751881
2018-08-07,0.37863,16510797.071863
2018-08-08,0.33171,24880674.06677
2018-08-09,0.3441,17804650.76097
2018-08-10,0.31897,13024070.345518
2018-08-11,0.29784,14620533.307937
2018-08-12,0.29547,10652732.364649
2018-08-13,0.2743,12811612.465216
2018-08-14,0.2725,14596261.070984
2018-08-15,0.28039,20916400.042758
2018-08-16,0.29142,13404983.211325
2018-08-17,0.3672,27589694.265223
2018-08-18,0.32829,26958940.37206
2018-08-19,0.34201,21565062.240047
2018-08-20,0.31499,17505459.17843
2018-08-21,0.33339,14398361.069011
2018-08-22,0.3185,21938243.858308
2018-08-23,0.3263,14416872.005221
2018-08-24,0.32646,13888483.054743
2018-08-25,0.32702,11877020.751021
2018-08-26,0.32276,10820831.328355
2018-08-27,0.33901,16729938.740017
2018-08-28,0.35128,22005126.050742
2018-08-29,0.34494,19087594.050018
2018-08-30,0.33518,14597560.167611
2018-08-31,0.3353,12146264.69397
2018-09-01,0.34699,17041317.67028
2018-09-02,0.34253,14133280.02829
2018-09-03,0.33493,11646480.835051
2018-09-04,0.33116,14216452.798915
2018-09-05,0.27889,20531186.784348
2018-09-06,0.30179,20773885.741105
2018-09-07,0.2869,14113813.706953
2018-09-08,0.27679,11708609.982267
2018-09-09,0.2766,11184746.9466
2018-09-10,0.27,12644195.511874
2018-09-11,0.26314,13240950.106642
2018-09-12,0.2699,12188060.331284
2018-09-13,0.27933,16495197.601999
2018-09-14,0.27571,12953940.133873
2018-09-15,0.28031,9518765.101534
2018-09-16,0.28122,9086763.534845
2018-09-17,0.2706,13290945.922097
2018-09-18,0.31897,50292944.440348
2018-09-19,0.32679,33882388.902964
2018-09-20,0.44819,109122045.132079
2018-09-21,0.56405,395455074.7764831
2018-09-22,0.57368,216942129.574625
2018-09-23,0.5719,101737621.937344
2018-09-24,0.49358,117393707.835089
2018-09-25,0.5256,180801292.095164
2018-09-26,0.513,221539769.839412
2018-09-27,0.54305,103926811.591671
2018-09-28,0.54025,90519036.614725
2018-09-29,0.56876,121708052.316986
2018-09-30,0.58257,147310824.201957
2018-10-01,0.5776,153441259.048015
2018-10-02,0.51692,90278192.037143
2018-10-03,0.5293,89419690.108365
2018-10-04,0.5294,65086638.527038
2018-10-05,0.5211,52684486.180606
2018-10-06,0.48964,70038792.158779
2018-10-07,0.48269,47221735.879455
2018-10-08,0.49335,58662978.513049
2018-10-09,0.48199,42189815.073147
2018-10-10,0.46605,40924381.510947
2018-10-11,0.38315,88997910.786555
2018-10-12,0.42071,76885040.552342
2018-10-13,0.4227,30906424.399965
2018-10-14,0.40994,34881006.749228
2018-10-15,0.46168,132802904.811259
2018-10-16,0.48352,59718125.928556
2018-10-17,0.48437,53342652.049563
2018-10-18,0.4675,46871048.162802
2018-10-19,0.46077,25322985.794798
2018-10-20,0.46788,29410276.418814
2018-10-21,0.46458,22991998.329168
2018-10-22,0.46192,19174006.375674
2018-10-23,0.47006,26921368.908957
2018-10-24,0.46402,17124032.950699
2018-10-25,0.46351,16056625.64538
2018-10-26,0.46657,17679448.154151
2018-10-27,0.46012,16602118.645579
2018-10-28,0.46472,16701624.47066
2018-10-29,0.44506,21992327.249052
2018-10-30,0.44749,12642203.421292
2018-10-31,0.45418,15682781.881603
2018-11-01,0.46141,12870451.820889
2018-11-02,0.463,16544229.859453
2018-11-03,0.45713,12982479.368907
2018-11-04,0.46999,23552335.658476
2018-11-05,0.5022,37157243.650754
2018-11-06,0.55523,88002414.58841
2018-11-07,0.5409,44669952.839755
2018-11-08,0.49694,47140761.340871
2018-11-09,0.5044,31436298.02457
2018-11-10,0.50956,16924543.912421
2018-11-11,0.51019,14359756.772527
2018-11-12,0.5245,26656295.264836
2018-11-13,0.51736,34723582.971704
2018-11-14,0.4846,74598758.621796
2018-11-15,0.48931,82146492.142359
2018-11-16,0.47765,54906996.348711
2018-11-17,0.49813,46418055.300284
2018-11-18,0.51611,68787303.159538
2018-11-19,0.4825,120441930.494856
2018-11-20,0.44285,150503910.824941
2018-11-21,0.45367,84499550.416396
2018-11-22,0.42831,40666439.237085
2018-11-23,0.41447,66739393.24073
2018-11-24,0.37982,64453203.549571
2018-11-25,0.382,115190759.745284
2018-11-26,0.36354,99598875.407841
2018-11-27,0.365,53689154.843102
2018-11-28,0.39203,60683360.709519
2018-11-29,0.38149,40905765.742894
2018-11-30,0.36466,30275595.929295
2018-12-01,0.37205,21666243.082642
2018-12-02,0.36963,16049727.054353
2018-12-03,0.34827,20563351.655543
2018-12-04,0.35231,21146929.51640939
2018-12-05,0.3395,19480367.077544
2018-12-06,0.30919,27575889.963269
2018-12-07,0.30114,38612235.211272
2018-12-08,0.30247,27867470.990108
2018-12-09,0.30914,19615781.379523
2018-12-10,0.29956,17855538.982623
2018-12-11,0.29904,15657313.108933
2018-12-12,0.30463,14652586.087512
2018-12-13,0.29934,12946520.968695
2018-12-14,0.28816,13894996.7686
2018-12-15,0.28422,10918212.326527
2018-12-16,0.28669,12725450.065093
2018-12-17,0.32721,40390343.943368
2018-12-18,0.34979,55469101.627342
2018-12-19,0.34468,87014869.305606
2018-12-20,0.37228,69774455.418295
2018-12-21,0.35428,51393412.287701
2018-12-22,0.35644,24066090.375105
2018-12-23,0.3669,30424677.06743
2018-12-24,0.40092,127757382.972354
2018-12-25,0.37598,71154490.38717
2018-12-26,0.37253,43003343.747994
2018-12-27,0.33368,39617938.885856
2018-12-28,0.36997,47303924.001404
2018-12-29,0.35593,38674353.099337
2018-12-30,0.36489,23862549.572035
2018-12-31,0.34849,24879457.068601
2019-01-01,0.3608,14481148.630993
2019-01-02,0.36882,27033811.668072
2019-01-03,0.3524,21962305.235877
2019-01-04,0.35308,18261381.090014
2019-01-05,0.34851,18885957.009937
2019-01-06,0.36042,22444101.911474
2019-01-07,0.36022,25665344.459982
2019-01-08,0.36073,24413973.844119
2019-01-09,0.3648,24400079.838975
2019-01-10,0.32464,63015215.63774
2019-01-11,0.3258,24412830.449489
2019-01-12,0.32557,12579459.68976
2019-01-13,0.31132,17845500.581001
2019-01-14,0.32871,21107405.234631
2019-01-15,0.3215,17587679.755488
2019-01-16,0.3257,15670242.945673
2019-01-17,0.32489,15050768.289156
2019-01-18,0.32036,10280587.416064
2019-01-19,0.3267,14172186.906988
2019-01-20,0.3168,12957741.167481
2019-01-21,0.31767,9416171.524385
2019-01-22,0.31762,16317684.232892
2019-01-23,0.31415,11800940.36567
2019-01-24,0.31593,8561556.633777
2019-01-25,0.31384,7528099.419364
2019-01-26,0.31258,8782194.110508
2019-01-27,0.30646,12492573.537131
2019-01-28,0.29223,25369158.233396
2019-01-29,0.28693,13311591.583111
2019-01-30,0.32109,42202164.516304
2019-01-31,0.30911,54812345.826359
2019-02-01,0.30624,26700174.283483
2019-02-02,0.3103,13640816.098831
2019-02-03,0.30219,16968204.217589
2019-02-04,0.29939,13325536.773214
2019-02-05,0.29972,15853498.129435
2019-02-06,0.2894,17718861.635088
2019-02-07,0.29145,9626719.690917
2019-02-08,0.31205,28641390.670907
2019-02-09,0.31215,20290088.699507
2019-02-10,0.30988,19934978.57051
2019-02-11,0.30255,12728464.017408
2019-02-12,0.30514,15358313.916763
2019-02-13,0.30382,16721771.674074
2019-02-14,0.30081,11729954.917422
2019-02-15,0.30194,10832503.231432
2019-02-16,0.30077,9391385.050381
2019-02-17,0.30318,15070219.153568
2019-02-18,0.32194,54465043.945125
2019-02-19,0.32238,65840466.219509
2019-02-20,0.3315,33620034.424232
2019-02-21,0.3207,24112948.138159
2019-02-22,0.32105,15075900.287105
2019-02-23,0.33201,21374994.016811
2019-02-24,0.29757,53774945.904826
2019-02-25,0.32731,63766205.883951
2019-02-26,0.31658,50296752.489879
2019-02-27,0.31067,26836386.606227
2019-02-28,0.3139,25649682.966488
2019-03-01,0.31564,26450566.429875
2019-03-02,0.31382,15647042.146256
2019-03-03,0.31114,10959710.198373
2019-03-04,0.30207,16547698.384388
2019-03-05,0.31471,20428224.510567
2019-03-06,0.31629,21761325.644857
2019-03-07,0.31311,16092143.111092
2019-03-08,0.30775,16277504.813893
2019-03-09,0.31389,18838307.476235
2019-03-10,0.31289,13461275.941035
2019-03-11,0.30992,16045274.789686
2019-03-12,0.31031,10562743.784609
2019-03-13,0.31332,24765674.350718
2019-03-14,0.31131,16915000.623763
2019-03-15,0.31473,12556120.534813
2019-03-16,0.31868,18942070.278137
2019-03-17,0.3154,10588464.503035
2019-03-18,0.31452,14758458.44135
2019-03-19,0.31594,11923966.970912
2019-03-20,0.31779,19305865.146562
2019-03-21,0.30965,21207636.162497
2019-03-22,0.31041,12708277.251718
2019-03-23,0.31182,11050754.527932
2019-03-24,0.30787,10758082.15291
2019-03-25,0.3031,14470205.127853
2019-03-26,0.30302,13503616.090554
2019-03-27,0.31012,16995861.109668
2019-03-28,0.30604,10226441.236927
2019-03-29,0.30774,16151708.193281
2019-03-30,0.31107,20896399.78371
2019-03-31,0.30889,9842096.875464
2019-04-01,0.31248,13587510.978309
2019-04-02,0.3505,84753414.780293
2019-04-03,0.34022,113046169.785911
2019-04-04,0.32996,47714820.701926
2019-04-05,0.3613,100621892.665417
2019-04-06,0.35264,45233281.721602
2019-04-07,0.3612,39597409.587672
2019-04-08,0.35568,45648808.499445
2019-04-09,0.34732,23969116.478163
2019-04-10,0.35345,26594313.52442
2019-04-11,0.32705,46956927.984737
2019-04-12,0.32325,23275540.851039
2019-04-13,0.32458,21933335.561958
2019-04-14,0.32762,11897726.92004
2019-04-15,0.31905,19512733.390887
2019-04-16,0.32379,13974983.002732
2019-04-17,0.33436,34394029.835788
2019-04-18,0.33533,30166552.68147
2019-04-19,0.32999,18667104.947315
2019-04-20,0.32668,16621332.270968
2019-04-21,0.31963,18142346.664763
2019-04-22,0.32252,21587169.332023
2019-04-23,0.31807,17746937.169932
2019-04-24,0.29963,35150213.668001
2019-04-25,0.29161,26604585.6946
2019-04-26,0.3035,21424107.746478
2019-04-27,0.29928,9887345.470263
2019-04-28,0.29946,8317449.559428
2019-04-29,0.29323,11919113.759627
2019-04-30,0.3087,24312231.569515
2019-05-01,0.30304,14743040.140745
2019-05-02,0.30205,10088286.686509
2019-05-03,0.30784,21177888.508798
2019-05-04,0.30305,20447567.124627
2019-05-05,0.30044,9074790.740683
2019-05-06,0.30283,15374911.616461
2019-05-07,0.29819,17309502.393341
2019-05-08,0.29958,10250241.416229
2019-05-09,0.29488,12951571.853822
2019-05-10,0.29881,14747914.735959
2019-05-11,0.31724,60813200.234386
2019-05-12,0.31016,44648222.805019
2019-05-13,0.32409,43588295.044902
2019-05-14,0.409,233868919.28196
2019-05-15,0.45734,122406943.50577
2019-05-16,0.41876,197563548.977879
2019-05-17,0.38862,133157321.494624
2019-05-18,0.37183,55731993.667722
2019-05-19,0.41631,97668099.308911
2019-05-20,0.39636,73954519.416451
2019-05-21,0.39524,53950488.331162
2019-05-22,0.37183,63767561.915252
2019-05-23,0.37956,45712569.705124
2019-05-24,0.38286,49275420.861692
2019-05-25,0.3852,28713578.95009
2019-05-26,0.40372,37756572.668045
2019-05-27,0.43331,83039407.857653
2019-05-28,0.44877,107876505.101444
2019-05-29,0.44307,90894593.911838
2019-05-30,0.41789,155017970.610996
2019-05-31,0.43851,81751522.207287
2019-06-01,0.42894,49238915.752335
2019-06-02,0.44396,44973534.627066
2019-06-03,0.41731,104328481.547735
2019-06-04,0.39878,89143978.175128
2019-06-05,0.4001,51543647.839286
2019-06-06,0.41937,76729329.755562
2019-06-07,0.41886,51138467.590377
2019-06-08,0.40699,31886670.374378
2019-06-09,0.38527,45513473.557376
2019-06-10,0.3999,43927195.378534
2019-06-11,0.39192,29435000.464769
2019-06-12,0.40074,31939889.169886
2019-06-13,0.39876,30894024.249337
2019-06-14,0.40201,28025633.511838
2019-06-15,0.4095,58839424.425706
2019-06-16,0.42703,75742406.866687
2019-06-17,0.44705,135725597.827274
2019-06-18,0.42694,108018660.610697
2019-06-19,0.43406,41253569.31395
2019-06-20,0.42995,39061819.447044
2019-06-21,0.4425,50628737.739106
2019-06-22,0.47729,163666705.904097
2019-06-23,0.47015,77700320.641673
2019-06-24,0.47385,53803330.00071
2019-06-25,0.46809,73261711.579278
2019-06-26,0.46805,136848810.767903
2019-06-27,0.41049,128329754.855078
2019-06-28,0.4261,57991632.68898
2019-06-29,0.4262,53627022.7133
2019-06-30,0.3962,48657002.565749
2019-07-01,0.40691,54871430.134599
2019-07-02,0.39794,41865559.992381
2019-07-03,0.40456,31538551.193993
2019-07-04,0.38723,28153103.434298
2019-07-05,0.37881,27193614.584189
2019-07-06,0.39031,37452447.105791
2019-07-07,0.39651,25937872.455345
2019-07-08,0.40073,27221148.629725
2019-07-09,0.39362,33777741.162805
2019-07-10,0.36154,51886276.26124
2019-07-11,0.32875,55859987.090923
2019-07-12,0.34336,42835211.791323
2019-07-13,0.33206,28675157.342511
2019-07-14,0.30366,41832098.148217
2019-07-15,0.31287,49982145.320195
2019-07-16,0.29543,49219244.806496
2019-07-17,0.31032,49013568.844656
2019-07-18,0.32035,41034748.083463
2019-07-19,0.3188,21723291.876651
2019-07-20,0.33279,27729535.558726
2019-07-21,0.33075,20985358.45287
2019-07-22,0.32111,20794379.393206
2019-07-23,0.30891,19990194.79107
2019-07-24,0.31548,21031280.793116
2019-07-25,0.31335,17408784.039051
2019-07-26,0.32303,17390073.671651
2019-07-27,0.30965,20077776.256926
2019-07-28,0.31218,13205456.193123
2019-07-29,0.31004,12160589.272159
2019-07-30,0.31823,16493828.113377
2019-07-31,0.31959,15611152.427486
2019-08-01,0.31575,14465865.355593
2019-08-02,0.31178,13509244.258297
2019-08-03,0.31596,12570636.582297
2019-08-04,0.31813,16836080.921787
2019-08-05,0.32242,27896049.916956
2019-08-06,0.3116,23246485.475767
2019-08-07,0.31109,18897622.556945
2019-08-08,0.30825,17625369.377225
2019-08-09,0.29649,17288289.043303
2019-08-10,0.29918,17414209.869873
2019-08-11,0.30316,10872100.385102
2019-08-12,0.3006,7958806.063259
2019-08-13,0.298,9634244.26958
2019-08-14,0.26353,38446280.884495
2019-08-15,0.26378,19154006.828
2019-08-16,0.26047,17250832.844091
2019-08-17,0.26546,14887433.655548
2019-08-18,0.2832,24368646.473543
2019-08-19,0.28202,19652851.260381
2019-08-20,0.27432,13562253.570196
2019-08-21,0.26589,16072611.975086
2019-08-22,0.27039,15653020.227751
2019-08-23,0.27664,12336542.784971
2019-08-24,0.27137,11569289.116246
2019-08-25,0.26954,12245907.452584
2019-08-26,0.27051,16038543.389693
2019-08-27,0.26954,9160037.92978
2019-08-28,0.25629,14351204.182105
2019-08-29,0.25698,18910937.662684
2019-08-30,0.25539,11878607.930453
2019-08-31,0.25747,9309855.463157
2019-09-01,0.25593,8396989.383994
2019-09-02,0.2606,15660047.933325
2019-09-03,0.26242,14738850.844038
2019-09-04,0.25843,12827285.98578
2019-09-05,0.25617,11089322.561886
2019-09-06,0.2511,16136824.769319
2019-09-07,0.25993,13824418.378517
2019-09-08,0.26205,17002657.729988
2019-09-09,0.25855,15205988.480434
2019-09-10,0.25859,15995536.301485
2019-09-11,0.25519,14279228.06347
2019-09-12,0.25406,14843159.904309
2019-09-13,0.2552,12086872.250654
2019-09-14,0.26124,18393277.175896
2019-09-15,0.26022,13494004.949412
2019-09-16,0.26098,11582013.032137
2019-09-17,0.28561,61450339.084478
2019-09-18,0.31344,93346877.964625
2019-09-19,0.30062,82282462.004308
2019-09-20,0.2936,46476133.728335
2019-09-21,0.28961,33163246.274949
2019-09-22,0.27653,32630853.067018
2019-09-23,0.26786,42540797.18759
2019-09-24,0.23282,74890289.350329
2019-09-25,0.2457,40828894.012041
2019-09-26,0.2422,30233595.403305
2019-09-27,0.24208,21396438.049458
2019-09-28,0.24163,10912438.143011
2019-09-29,0.24024,10450612.04699
2019-09-30,0.2566,39681370.165334
2019-10-01,0.24788,31749270.26543
2019-10-02,0.25247,24270217.95518
2019-10-03,0.24674,17609786.126323
2019-10-04,0.25243,22794419.623895
2019-10-05,0.25325,20818475.3038
2019-10-06,0.25552,16049454.661113
2019-10-07,0.27592,57283043.346304
2019-10-08,0.2774,33759866.366353
2019-10-09,0.28082,29652647.358558
2019-10-10,0.27021,22049865.097712
2019-10-11,0.26743,19245009.01261
2019-10-12,0.27226,15793462.494851
2019-10-13,0.27726,19658319.603199
2019-10-14,0.29727,43914160.127687
2019-10-15,0.28859,43050670.162818
2019-10-16,0.28331,31117606.760202
2019-10-17,0.30167,43648518.977833
2019-10-18,0.29404,38944008.261668
2019-10-19,0.29145,30340201.859798
2019-10-20,0.29386,32197424.448582
2019-10-21,0.29187,20925101.97125
2019-10-22,0.29046,30355779.115747
2019-10-23,0.27306,51332366.498768
2019-10-24,0.27596,27095997.912027
2019-10-25,0.29829,58012555.974919
2019-10-26,0.29351,80688942.423661
2019-10-27,0.29818,53575550.193199
2019-10-28,0.29447,40059342.616639
2019-10-29,0.30192,43828554.092707
2019-10-30,0.29471,35044956.865821
2019-10-31,0.29452,29601327.487168
2019-11-01,0.29146,24809316.4701
2019-11-02,0.29456,21323849.059357
2019-11-03,0.29024,20112216.213021
2019-11-04,0.29863,25105863.267256
2019-11-05,0.30061,32311660.743242
2019-11-06,0.31009,32657633.897357
2019-11-07,0.29061,69353199.829256
2019-11-08,0.27547,46386875.333001
2019-11-09,0.2799,17509161.476087
2019-11-10,0.27894,20319030.725051
2019-11-11,0.27423,19091462.7089
2019-11-12,0.27222,21181919.667568
2019-11-13,0.27202,14359109.116035
2019-11-14,0.26795,19366232.437807
2019-11-15,0.26069,29381854.306466
2019-11-16,0.26218,13670861.705531
2019-11-17,0.26311,13707451.702774
2019-11-18,0.25179,25302252.644981
2019-11-19,0.25398,21882500.803854
2019-11-20,0.25014,19902291.151566
2019-11-21,0.24345,27594274.952877
2019-11-22,0.23,41301641.154196
2019-11-23,0.23407,20015819.079247
2019-11-24,0.21989,21702594.781492
2019-11-25,0.21731,48844307.828819
2019-11-26,0.2206,19092485.275499
2019-11-27,0.224,26524670.216238
2019-11-28,0.22313,13310126.059553
2019-11-29,0.22998,13672137.931229
2019-11-30,0.2255,11052152.993926
2019-12-01,0.22477,13691786.756988
2019-12-02,0.21914,14526198.883314
2019-12-03,0.21951,7614717.260383
2019-12-04,0.2139,24000030.156536
2019-12-05,0.22118,20382570.686384
2019-12-06,0.22546,16179037.214377
2019-12-07,0.22699,10596180.403409
2019-12-08,0.22909,12372294.132834
2019-12-09,0.22445,12075583.633184
2019-12-10,0.22256,9920308.103338
2019-12-11,0.22093,5820575.255672
2019-12-12,0.21837,10844545.417528
2019-12-13,0.22054,11344997.48012
2019-12-14,0.21605,6831705.156862
2019-12-15,0.21735,5695553.743575
2019-12-16,0.2055,18111443.951951
2019-12-17,0.1831,49983422.817549
2019-12-18,0.19573,39019551.703506
2019-12-19,0.1878,16898416.262179
2019-12-20,0.19521,27304791.682781
2019-12-21,0.19143,11107941.807704
2019-12-22,0.19649,10331460.609655
2019-12-23,0.18953,18435268.919213
2019-12-24,0.19077,12636776.752597
2019-12-25,0.18852,7478003.201801
2019-12-26,0.18923,8857810.272597
2019-12-27,0.19003,6588601.727331
2019-12-28,0.1932,7086061.707362
2019-12-29,0.19653,9561940.204942
2019-12-30,0.19326,8159012.311359
2019-12-31,0.19295,7799069.731933
2020-01-01,0.19305,5771433.604383
2020-01-02,0.1875,9073315.019168
2020-01-03,0.19338,13425667.294313
2020-01-04,0.19305,6591839.235992
2020-01-05,0.19453,10607350.475197
2020-01-06,0.2231,49710472.358389
2020-01-07,0.21335,44351703.875862
2020-01-08,0.2075,31472465.535346
2020-01-09,0.20373,15431045.589763
2020-01-10,0.21284,29977092.952851
2020-01-11,0.21121,25532572.239015
2020-01-12,0.21539,15123300.637255
2020-01-13,0.21134,10795581.67681
2020-01-14,0.23464,68826737.174193
2020-01-15,0.23367,55956373.09643
2020-01-16,0.229,31838224.540542
2020-01-17,0.23921,50576051.723939
2020-01-18,0.24357,50099945.919774
2020-01-19,0.23558,43172566.93071
2020-01-20,0.23314,26640859.519468
2020-01-21,0.23726,26486822.906382
2020-01-22,0.23733,20010091.379251
2020-01-23,0.22586,24097989.545807
2020-01-24,0.22222,26926281.582988
2020-01-25,0.21946,12470105.17451
2020-01-26,0.23131,17962846.058326
2020-01-27,0.23077,23755953.851886
2020-01-28,0.23906,37078070.268662
2020-01-29,0.23539,27305581.984165
2020-01-30,0.24376,38659074.563365
2020-01-31,0.23946,29315461.81043
2020-02-01,0.24141,18983141.141455
2020-02-02,0.25093,55336019.745377
2020-02-03,0.25453,42349822.143385
2020-02-04,0.26737,71201308.848661
2020-02-05,0.27774,85518327.622684
2020-02-06,0.28325,77128867.819627
2020-02-07,0.27953,44807968.236822
2020-02-08,0.27735,45400358.533089
2020-02-09,0.28257,42852878.727218
2020-02-10,0.27338,39179667.171409
2020-02-11,0.281,41421937.644401
2020-02-12,0.30427,105875104.900374
2020-02-13,0.32709,221009646.854612
2020-02-14,0.33594,114034581.268989
2020-02-15,0.30729,128137062.317949
2020-02-16,0.29224,113239956.892601
2020-02-17,0.28736,99269030.96835
2020-02-18,0.29827,86321655.126464
2020-02-19,0.27466,64036617.683121
2020-02-20,0.2709,73579378.377882
2020-02-21,0.27418,48263687.837263
2020-02-22,0.27468,29292468.963573
2020-02-23,0.28298,37646258.077608
2020-02-24,0.2704,50198305.728272
2020-02-25,0.25209,54520365.69997
2020-02-26,0.22915,86964308.842675
2020-02-27,0.2385,59103715.419501
2020-02-28,0.23663,44944524.957791
2020-02-29,0.22892,24722678.529473
2020-03-01,0.22696,28835622.110862
2020-03-02,0.23958,32516162.665898
2020-03-03,0.23428,30665218.41354
2020-03-04,0.23453,21670173.524398
2020-03-05,0.23909,31325344.325326
2020-03-06,0.24477,28216830.669972
2020-03-07,0.23622,23018458.797905
2020-03-08,0.20385,58950052.644317
2020-03-09,0.20952,59338524.526144
2020-03-10,0.21185,38376165.662722
2020-03-11,0.20813,36943051.521371
2020-03-12,0.13549,126862479.008309
2020-03-13,0.15872,176952697.598356
2020-03-14,0.14588,48507307.93506
2020-03-15,0.15308,44671418.303825
2020-03-16,0.14102,74672811.705282
2020-03-17,0.14694,46647608.112147
2020-03-18,0.1476,33736394.872818
2020-03-19,0.1646,56107159.305619
2020-03-20,0.15695,83327848.650776
2020-03-21,0.15797,42248980.407437
2020-03-22,0.14776,34064640.067766
2020-03-23,0.15854,43440715.282625
2020-03-24,0.16225,40232050.461006
2020-03-25,0.16168,32280625.729188
2020-03-26,0.17593,34206852.499773
2020-03-27,0.17269,55791468.335753
2020-03-28,0.17543,52931319.272324
2020-03-29,0.16278,31770063.65595
2020-03-30,0.17112,31139110.222378
2020-03-31,0.17353,27630973.270037
2020-04-01,0.17494,31705061.12557
2020-04-02,0.17828,39831050.609157
2020-04-03,0.17957,30611897.823596
2020-04-04,0.18114,21073737.203889
2020-04-05,0.17925,15006077.305189
2020-04-06,0.19803,42647674.02742
2020-04-07,0.19285,53940498.196549
2020-04-08,0.20192,30755096.870222
2020-04-09,0.19829,20760538.162821
2020-04-10,0.18758,30441890.608963
2020-04-11,0.1885,18977182.628246
2020-04-12,0.18939,24900274.476309
2020-04-13,0.18763,29319579.405971
2020-04-14,0.18613,17488252.493986
2020-04-15,0.1805,22474988.498451
2020-04-16,0.19053,41065594.104639
2020-04-17,0.18863,17382005.139332
2020-04-18,0.19544,21916048.618325
2020-04-19,0.18901,17264504.169321
2020-04-20,0.18151,32618188.185516
2020-04-21,0.18341,20526910.210593
2020-04-22,0.18804,17524430.811153
2020-04-23,0.1926,34473402.308242
2020-04-24,0.19325,22146163.860907
2020-04-25,0.19418,15346321.201071
2020-04-26,0.19618,18195800.864697
2020-04-27,0.19747,20557795.797883
2020-04-28,0.21416,50693359.878989
2020-04-29,0.22648,64552311.119371
2020-04-30,0.21135,69473163.648632
2020-05-01,0.21786,34920373.571459
2020-05-02,0.22369,26515783.345987
2020-05-03,0.21936,24624153.913559
2020-05-04,0.21776,35767192.497783
2020-05-05,0.21688,23263009.84562
2020-05-06,0.21158,28673363.827597
2020-05-07,0.21862,38007015.383897
2020-05-08,0.21865,29250576.989275
2020-05-09,0.21642,35087403.059432
2020-05-10,0.19702,60926889.82589
2020-05-11,0.19254,36506741.96018
2020-05-12,0.19711,23710733.439909
2020-05-13,0.20177,19051354.369793
2020-05-14,0.20386,25092468.52641
2020-05-15,0.19818,28517135.976807
2020-05-16,0.19969,18846378.001292
2020-05-17,0.20131,17382542.865857
2020-05-18,0.20543,26571284.084875
2020-05-19,0.20496,20308677.738706
2020-05-20,0.20179,21674783.129598
2020-05-21,0.19434,23543670.920691
2020-05-22,0.20034,26830045.187892
2020-05-23,0.19883,17664632.020712
2020-05-24,0.19256,17579270.341137
2020-05-25,0.19622,18809282.038849
2020-05-26,0.19372,17758963.940541
2020-05-27,0.19791,19606099.882905
2020-05-28,0.20052,21835213.636664
2020-05-29,0.19759,19620435.164664
2020-05-30,0.20701,31456500.105055
2020-05-31,0.20245,37293044.94795
2020-06-01,0.211,32564541.552482
2020-06-02,0.20301,42200256.167473
2020-06-03,0.2041,20811724.763499
2020-06-04,0.20427,25824214.132588
2020-06-05,0.20274,20105805.907832
2020-06-06,0.20361,16114585.187014
2020-06-07,0.20329,18875028.463495
2020-06-08,0.20403,12767362.010578
2020-06-09,0.20127,16520867.171308
2020-06-10,0.20266,15280061.414238
2020-06-11,0.18817,25844804.816227
2020-06-12,0.19307,14533799.771144
2020-06-13,0.19234,12170228.260262
2020-06-14,0.19022,11158945.785282
2020-06-15,0.19238,24415172.117359
2020-06-16,0.19238,14666578.928633
2020-06-17,0.19315,27856615.183625
2020-06-18,0.18975,15843553.693894
2020-06-19,0.18722,19119359.597477
2020-06-20,0.18792,12232229.508848
2020-06-21,0.18602,12484413.486531
2020-06-22,0.18928,22925902.512118
2020-06-23,0.18889,15203951.752928
2020-06-24,0.18348,18502915.659501
2020-06-25,0.18156,15201347.41991
2020-06-26,0.18249,24516731.370918
2020-06-27,0.17509,17772779.348697
2020-06-28,0.17693,14183202.989403
2020-06-29,0.17726,19131133.776332
2020-06-30,0.17533,11241515.751834
2020-07-01,0.17647,17042899.871378
2020-07-02,0.17477,19165320.483997
2020-07-03,0.1762,16520877.857541
2020-07-04,0.17808,17979199.30731
2020-07-05,0.17695,19241614.017257
2020-07-06,0.18875,33204449.903344
2020-07-07,0.18508,22136652.803759
2020-07-08,0.20551,67681685.844916
2020-07-09,0.20263,74431591.147896
2020-07-10,0.19909,42071935.192573
2020-07-11,0.2011,34447407.904762
2020-07-12,0.20128,24769203.868089
2020-07-13,0.19867,42306094.039462
2020-07-14,0.19909,24969935.006765
2020-07-15,0.19721,19325266.670079
2020-07-16,0.19444,29776964.664402
2020-07-17,0.1944,23222588.347467
2020-07-18,0.1999,24883703.336682
2020-07-19,0.19956,23382843.508856
2020-07-20,0.19465,22476358.41557
2020-07-21,0.19949,23094933.038207
2020-07-22,0.20348,25445742.450528
2020-07-23,0.20851,47793197.433814
2020-07-24,0.20392,33175901.359486
2020-07-25,0.21463,50101789.935724
2020-07-26,0.21532,60582099.786355
2020-07-27,0.22437,78837943.66513
2020-07-28,0.23029,78508822.193674
2020-07-29,0.24327,101932060.973486
2020-07-30,0.24408,82500395.916323
2020-07-31,0.25939,73781607.937082
2020-08-01,0.29089,192372370.249556
2020-08-02,0.28803,319783013.590693
2020-08-03,0.31016,202645747.188177
2020-08-04,0.30138,159903257.900735
2020-08-05,0.30228,113786682.709406
2020-08-06,0.30311,95740810.477769
2020-08-07,0.29437,104613031.153893
2020-08-08,0.29527,53160920.89494
2020-08-09,0.2879,56426495.734923
2020-08-10,0.29469,105174273.353254
2020-08-11,0.2831,132691665.278141
2020-08-12,0.28233,84822358.723429
2020-08-13,0.2942,96909703.2663
2020-08-14,0.29995,124939231.557538
2020-08-15,0.29884,96907524.068825
2020-08-16,0.30455,81578876.755705
2020-08-17,0.31539,187018369.290665
2020-08-18,0.30251,125998018.680262
2020-08-19,0.28975,113932105.785389
2020-08-20,0.29218,63110464.112807
2020-08-21,0.27933,84779306.01874
2020-08-22,0.28592,56060954.001977
2020-08-23,0.2848,41797800.643935
2020-08-24,0.2884,47142715.931314
2020-08-25,0.27625,65341936.081103
2020-08-26,0.27653,42419994.100277
2020-08-27,0.26469,72352751.671078
2020-08-28,0.27174,43178213.037698
2020-08-29,0.2738,33040428.367236
2020-08-30,0.28302,43985400.051606
2020-08-31,0.28115,46334854.982068
2020-09-01,0.29521,85019226.045613
2020-09-02,0.27595,104193607.454721
2020-09-03,0.24409,98000534.91627
2020-09-04,0.25385,87432536.780235
2020-09-05,0.23738,83561833.045509
2020-09-06,0.23986,58474242.64096
2020-09-07,0.24198,51478872.451686
2020-09-08,0.23657,43907960.315417
2020-09-09,0.23901,28868110.3727
2020-09-10,0.24302,36881925.995935
2020-09-11,0.24252,24851112.714879
2020-09-12,0.24752,21958265.412655
2020-09-13,0.24218,32977928.093221
2020-09-14,0.24564,31519192.260207
2020-09-15,0.24331,30328603.084105
2020-09-16,0.24686,37716252.838501
2020-09-17,0.25214,49350788.132887
2020-09-18,0.25065,31139489.423272
2020-09-19,0.25112,23685321.042841
2020-09-20,0.24652,24906611.324016
2020-09-21,0.23102,55501544.15145
2020-09-22,0.23302,26224389.789565
2020-09-23,0.22164,34012112.732716
2020-09-24,0.23276,39352163.147503
2020-09-25,0.24154,34780905.367382
2020-09-26,0.24153,27432232.220307
2020-09-27,0.24334,22146900.091589
2020-09-28,0.24107,29741294.957383
2020-09-29,0.24285,26469745.144946
2020-09-30,0.24171,24347238.787406
2020-10-01,0.23819,30495397.259874
2020-10-02,0.23386,34176222.851323
2020-10-03,0.23273,13997096.9467
2020-10-04,0.24794,37951261.265445
2020-10-05,0.2503,57235368.600163
2020-10-06,0.24545,94929219.472188
2020-10-07,0.2487,43649107.300601
2020-10-08,0.25141,49015452.564364
2020-10-09,0.25293,48500548.309277
2020-10-10,0.25402,42523830.303293
2020-10-11,0.25544,33068068.215823
2020-10-12,0.25603,57452750.353896
2020-10-13,0.2565,59570256.079706
2020-10-14,0.24906,50509873.509913
2020-10-15,0.24596,38896100.048339
2020-10-16,0.24011,36128367.830974
2020-10-17,0.24057,18367534.830073
2020-10-18,0.24221,14427329.696737
2020-10-19,0.24558,35439791.433392
2020-10-20,0.24322,34925003.950024
2020-10-21,0.25088,53312284.345912
2020-10-22,0.25709,67897774.180178
2020-10-23,0.25471,37255585.126815
2020-10-24,0.2562,18346177.888177
2020-10-25,0.25313,17779246.308911
2020-10-26,0.2481,38536423.228923
2020-10-27,0.25273,31443533.490029
2020-10-28,0.2454,38044417.438282
2020-10-29,0.24239,31205978.45702
2020-10-30,0.23905,31703289.82017
2020-10-31,0.23968,20324011.512796
2020-11-01,0.23999,15489254.777157
2020-11-02,0.23523,30969679.633886
2020-11-03,0.2396,50432667.449816
2020-11-04,0.23758,41444809.320879
2020-11-05,0.24561,53398705.87834
2020-11-06,0.25863,73660073.770537
2020-11-07,0.2491,67744770.59906
2020-11-08,0.25374,30293017.54379
2020-11-09,0.25059,40400329.700759
2020-11-10,0.2538,64042649.826889
2020-11-11,0.25581,39896988.270745
2020-11-12,0.2549,35653157.512493
2020-11-13,0.2659,50106120.77904
2020-11-14,0.26824,85844084.31263
2020-11-15,0.26954,61029873.409176
2020-11-16,0.28813,89951174.769696
2020-11-17,0.30247,158066984.773729
2020-11-18,0.29335,143882251.992721
2020-11-19,0.30358,107051451.94677
2020-11-20,0.32991,151151000.068398
2020-11-21,0.46283,665185391.442565
2020-11-22,0.44611,840784017.987635
2020-11-23,0.61579,962347929.293642
2020-11-24,0.694,1926961549.006279
2020-11-25,0.63022,1118433083.087708
2020-11-26,0.53654,1245423133.082161
2020-11-27,0.5623,673153678.076203
2020-11-28,0.62579,765827539.010403
2020-11-29,0.60543,524064378.113816
2020-11-30,0.66417,753345635.265384
2020-12-01,0.61088,686847842.126497
2020-12-02,0.62972,365585853.26122
2020-12-03,0.63046,246271840.092999
2020-12-04,0.55367,389782264.85841
2020-12-05,0.58517,250932396.48905
2020-12-06,0.62107,387889035.538819
2020-12-07,0.60818,235094193.699529
2020-12-08,0.5589,293197052.256611
2020-12-09,0.58265,510964260.483071
2020-12-10,0.57267,319869975.206341
2020-12-11,0.54945,529070040.377017
2020-12-12,0.50658,515199855.292531
2020-12-13,0.51365,307920815.128821
2020-12-14,0.4974,188157111.950966
2020-12-15,0.46793,247959761.427087
2020-12-16,0.56941,618850157.504063
2020-12-17,0.5769,1061411734.895644
2020-12-18,0.58337,562936094.726901
2020-12-19,0.57666,358870636.706041
2020-12-20,0.55586,310455066.216071
2020-12-21,0.51445,317815563.941486
2020-12-22,0.44642,702363072.807373
2020-12-23,0.2605,1486807317.120062
2020-12-24,0.33863,1078318896.969619
2020-12-25,0.31768,1115617187.970133
2020-12-26,0.29481,514901209.79865
2020-12-27,0.28407,422815733.678889
2020-12-28,0.24845,427264401.087717
2020-12-29,0.22142,912641375.416483
2020-12-30,0.21138,545797740.259575
2020-12-31,0.21959,302605100.002844
2021-01-01,0.23746,351730366.621461
2021-01-02,0.22064,256890338.077948
2021-01-03,0.2254,263559996.334464
2021-01-04,0.23565,355687350.480361
2021-01-05,0.22573,271653748.912711
2021-01-06,0.24854,429156673.649992
2021-01-07,0.32389,1218860817.912378
2021-01-08,0.32032,642118744.307826
2021-01-09,0.32419,378279817.306759
2021-01-10,0.31491,567099789.194815
2021-01-11,0.28743,553944535.047912
2021-01-12,0.29254,323719332.688381
2021-01-13,0.30582,227883371.965583
2021-01-14,0.29642,262513956.21671
2021-01-15,0.27991,240600936.030388
2021-01-16,0.27924,213356467.698998
2021-01-17,0.27746,150338386.635075
2021-01-18,0.28528,151122037.34263
2021-01-19,0.29396,385029745.38853
2021-01-20,0.29539,247845672.785467
2021-01-21,0.26802,261379757.938529
2021-01-22,0.27217,212058886.99997
2021-01-23,0.27167,122131855.331534
2021-01-24,0.27339,96574389.387948
2021-01-25,0.26757,133188951.448691
2021-01-26,0.26834,101956457.832435
2021-01-27,0.25039,119454680.469665
2021-01-28,0.26407,128796097.246275
2021-01-29,0.2829,482447395.073534
2021-01-30,0.44372,2280599179.36687
2021-01-31,0.49507,2080703862.129768
2021-02-01,0.37106,4589983778.525757
2021-02-02,0.37254,784141246.925064
2021-02-03,0.39721,539893636.834907
2021-02-04,0.44545,960323654.471758
2021-02-05,0.45219,688979088.776413
2021-02-06,0.44307,386022330.254404
2021-02-07,0.41849,486363286.059079
2021-02-08,0.45099,505332982.467878
2021-02-09,0.47636,594781548.27888
2021-02-10,0.50429,1012450835.781283
2021-02-11,0.52806,498922643.591832
2021-02-12,0.609,956721161.371605
2021-02-13,0.63309,966760308.901824
2021-02-14,0.59211,608849180.303591
2021-02-15,0.54976,682566427.159418
2021-02-16,0.51995,617505050.665783
2021-02-17,0.53467,483480822.986445
2021-02-18,0.53204,410813120.460258
2021-02-19,0.56465,621007938.394041
2021-02-20,0.51167,679894672.341166
2021-02-21,0.54468,542004027.418675
2021-02-22,0.56646,2066191522.766014
2021-02-23,0.47579,1207887539.425895
2021-02-24,0.4686,471927159.816689
2021-02-25,0.43601,329847166.287576
2021-02-26,0.42788,390947843.286356
2021-02-27,0.43589,270371729.780691
2021-02-28,0.41565,279171271.502784
2021-03-01,0.44537,259430312.516534
2021-03-02,0.4357,282458415.457801
2021-03-03,0.44846,288542355.519115
2021-03-04,0.48096,576276593.911221
2021-03-05,0.45457,344230596.124093
2021-03-06,0.46285,168337881.577025
2021-03-07,0.46558,151093370.735674
2021-03-08,0.47412,321518987.206181
2021-03-09,0.4849,237676409.039218
2021-03-10,0.46155,279457487.973426
2021-03-11,0.45187,242133628.161213
2021-03-12,0.43934,296752184.509377
2021-03-13,0.45787,246625018.869059
2021-03-14,0.43905,186867219.541913
2021-03-15,0.43574,232012451.405
2021-03-16,0.46024,683407174.157422
2021-03-17,0.4698,263902659.484528
2021-03-18,0.46893,263757843.889031
2021-03-19,0.46651,158130280.805004
2021-03-20,0.52613,589598402.883497
2021-03-21,0.51651,452720932.865974
2021-03-22,0.5441,922895186.811096
2021-03-23,0.5498,620265578.732113
2021-03-24,0.48021,467418386.243383
2021-03-25,0.51058,451595543.224611
2021-03-26,0.56357,403613462.350171
2021-03-27,0.54752,252238439.283737
2021-03-28,0.54552,187521498.074165
2021-03-29,0.56538,299295436.39772
2021-03-30,0.5621,328603814.092404
2021-03-31,0.56982,368338400.037883
2021-04-01,0.57087,403620335.990511
2021-04-02,0.60701,469092621.706064
2021-04-03,0.57831,610941357.367848
2021-04-04,0.635,398033638.91737
2021-04-05,0.91584,2594712865.019058
2021-04-06,1.09663,3956999209.7454834
2021-04-07,0.91542,2057878537.577001
2021-04-08,1.05599,1202251447.193933
2021-04-09,1.01721,990383345.956822
2021-04-10,1.3728,3353669231.6680913
2021-04-11,1.35118,2759553621.651804
2021-04-12,1.46843,1551301546.996534
2021-04-13,1.79611,4232701999.743603
2021-04-14,1.83468,3790184503.519214
2021-04-15,1.75781,1972494342.045326
2021-04-16,1.54805,2928098753.87874
2021-04-17,1.53896,1795844763.135436
2021-04-18,1.40797,2726554646.230822
2021-04-19,1.30945,2226346359.837807
2021-04-20,1.38501,1998260575.197018
2021-04-21,1.29097,1787718096.866206
2021-04-22,1.15489,2272197864.679995
2021-04-23,1.17073,2842229471.527245
2021-04-24,1.04833,1223943584.741048
2021-04-25,1.0351,1083686710.5408976
2021-04-26,1.3629,2295854108.115131
2021-04-27,1.4017,2118259481.893091
2021-04-28,1.3576,1485523114.708695
2021-04-29,1.3978,1140421598.270039
2021-04-30,1.5988,2214906822.015991
2021-05-01,1.651,1113456410.580291
2021-05-02,1.5605,951116358.690543
2021-05-03,1.5546,1056220070.625321
2021-05-04,1.3877,1969497041.495127
2021-05-05,1.6133,1919965081.164776
2021-05-06,1.6028,2502923635.432614
2021-05-07,1.5793,1424596624.880693
2021-05-08,1.5611,813345139.867209
2021-05-09,1.5345,1101438306.388421
2021-05-10,1.3906,1710822393.281455
2021-05-11,1.4786,1034939727.843303
2021-05-12,1.2691,1466457937.998855
2021-05-13,1.364,1704562073.983852
2021-05-14,1.4,1068218575.674334
2021-05-15,1.4904,2182427860.642728
2021-05-16,1.4496,2246034545.927513
2021-05-17,1.4946,2285970917.955227
2021-05-18,1.5889,2869966240.904703
2021-05-19,1.0568,4014465848.075416
2021-05-20,1.1795,2249207333.90962
2021-05-21,1.0062,1910760508.201792
2021-05-22,0.9052,1344592320.99863
2021-05-23,0.7898,1525740498.704614
2021-05-24,0.993,1380671268.94531
2021-05-25,0.9746,1594338433.676522
2021-05-26,1.0316,1170818020.838289
2021-05-27,0.9747,986757435.570752
2021-05-28,0.8985,1098606646.151902
2021-05-29,0.8318,845941030.510912
2021-05-30,0.9058,730804950.58208
2021-05-31,1.0409,1196677931.148537
2021-06-01,1.0108,1161830746.20794
2021-06-02,1.0241,686061395.104792
2021-06-03,1.045,727545023.97135
2021-06-04,0.9683,785851513.117171
2021-06-05,0.923,590664198.31932
2021-06-06,0.947,369842230.845661
2021-06-07,0.8618,623660636.681841
2021-06-08,0.8731,838984629.187942
2021-06-09,0.9218,695183593.047394
2021-06-10,0.8686,524032840.289698
2021-06-11,0.8471,330610541.780051
2021-06-12,0.8326,309940575.854708
2021-06-13,0.8832,292933567.324073
2021-06-14,0.8906,391647479.28625
2021-06-15,0.8663,323448196.777283
2021-06-16,0.832,321967166.653003
2021-06-17,0.8419,266502679.947359
2021-06-18,0.7972,315203423.849539
2021-06-19,0.7582,250165846.017548
2021-06-20,0.7741,434933509.582573
2021-06-21,0.6067,726811232.210993
2021-06-22,0.5468,924711210.060986
2021-06-23,0.6383,718902393.384626
2021-06-24,0.6731,414531256.9778
2021-06-25,0.6111,507757434.410945
2021-06-26,0.6162,331034642.860335
2021-06-27,0.6484,291546469.959756
2021-06-28,0.6444,295080578.941469
2021-06-29,0.7063,499125657.535112
2021-06-30,0.7063,430338352.853713
2021-07-01,0.6591,308347617.586596
2021-07-02,0.6556,250197212.451509
2021-07-03,0.6732,220039385.468026
2021-07-04,0.696,231043551.519703
2021-07-05,0.6526,272157623.911145
2021-07-06,0.6648,237002304.260219
2021-07-07,0.6522,189337257.938107
2021-07-08,0.6215,270371824.233761
2021-07-09,0.6369,222783584.324884
2021-07-10,0.6246,175168807.399414
2021-07-11,0.6364,126735758.289656
2021-07-12,0.6288,227368047.087189
2021-07-13,0.6192,197239801.148567
2021-07-14,0.6197,214004345.439567
2021-07-15,0.5979,205379901.265931
2021-07-16,0.5893,169475844.833166
2021-07-17,0.5821,153250260.950617
2021-07-18,0.5866,142185627.413456
2021-07-19,0.557,167395788.725372
2021-07-20,0.5284,209159245.716989
2021-07-21,0.5719,274778745.312626
2021-07-22,0.592,237900523.662438
2021-07-23,0.6091,213508431.984355
2021-07-24,0.6085,194417445.849221
2021-07-25,0.6069,155812116.926149
2021-07-26,0.6234,521065033.907782
2021-07-27,0.6451,270446381.791156
2021-07-28,0.7327,832092412.281381
2021-07-29,0.7488,368115400.852823
2021-07-30,0.7521,447185226.73487
2021-07-31,0.746,282409913.796145
2021-08-01,0.7242,354676880.56225
2021-08-02,0.738,305390858.785136
2021-08-03,0.7136,285457695.687979
2021-08-04,0.731,237584357.639538
2021-08-05,0.7327,239492318.471074
2021-08-06,0.7474,225134914.547848
2021-08-07,0.8162,463343332.664844
2021-08-08,0.7788,447885548.576865
2021-08-09,0.817,382110622.319562
2021-08-10,0.8511,417292098.623833
2021-08-11,1.0105,1082107505.919323
2021-08-12,0.966,974967199.76355
2021-08-13,1.0901,696016979.970035
2021-08-14,1.2791,1665378192.292437
2021-08-15,1.2839,1485993854.110072
2021-08-16,1.1855,1134779963.994439
2021-08-17,1.0978,1044647325.972026
2021-08-18,1.1431,973083353.962184
2021-08-19,1.2347,833027094.558431
2021-08-20,1.2629,740518731.261929
2021-08-21,1.2158,489884887.6497
2021-08-22,1.226,439116952.711535
2021-08-23,1.2457,830621615.344627
2021-08-24,1.1353,762644112.689952
2021-08-25,1.1735,610817777.128184
2021-08-26,1.0712,633927173.724687
2021-08-27,1.1918,630214549.741496
2021-08-28,1.1459,364699164.615611
2021-08-29,1.1408,357866960.9484
2021-08-30,1.1002,411809728.9024
2021-08-31,1.1856,826987896.932631
2021-09-01,1.2362,563037891.0848
2021-09-02,1.2533,632172811.386001
2021-09-03,1.2907,674112638.880399
2021-09-04,1.2548,451197569.7524
2021-09-05,1.3076,427279713.9735
2021-09-06,1.3894,967534789.847962
2021-09-07,1.1292,1530457369.035018
2021-09-08,1.0998,865948220.4902
2021-09-09,1.0868,668447113.2499
2021-09-10,1.0552,1007065760.5272
2021-09-11,1.0787,364352999.4019
2021-09-12,1.1181,355164242.8765
2021-09-13,1.0643,542699043.4266
2021-09-14,1.0963,296824863.0249
2021-09-15,1.1207,318565154.1035
2021-09-16,1.0902,334126208.1512
2021-09-17,1.0661,320042162.7333
2021-09-18,1.0751,210969782.0848
2021-09-19,1.0483,224922100.167
2021-09-20,0.9216,792700101.401447
2021-09-21,0.8743,577784882.95354
2021-09-22,1.0033,574463634.2947
2021-09-23,1.0016,406888652.8701
2021-09-24,0.944,566743451.816
2021-09-25,0.94,326093439.8415
2021-09-26,0.9436,356582690.4028
2021-09-27,0.9218,334311153.3625
2021-09-28,0.8928,289321906.2127
2021-09-29,0.9268,430499983.899
2021-09-30,0.9533,314656116.1335
2021-10-01,1.0422,652127951.2652
2021-10-02,1.0359,413036443.6857
2021-10-03,1.0552,433656250.1538
2021-10-04,1.0425,431530625.3531
2021-10-05,1.0839,456101439.3792
2021-10-06,1.0765,543208784.6736
2021-10-07,1.0678,440046088.3941
2021-10-08,1.0636,359658964.0998
2021-10-09,1.1604,774368159.19448
2021-10-10,1.1352,763401930.315
2021-10-11,1.1364,493219103.8297
2021-10-12,1.1018,498806214.9117
2021-10-13,1.1275,444999640.5
2021-10-14,1.1336,400855761.5899
2021-10-15,1.1413,648102623.4315
2021-10-16,1.1343,390396344.3135
2021-10-17,1.0944,422600928.3237
2021-10-18,1.0827,349574306.1556
2021-10-19,1.0911,255777828.0828
2021-10-20,1.1455,388488239.2722
2021-10-21,1.0886,498949022.2723
2021-10-22,1.0885,366473886.8915
2021-10-23,1.0934,206632213.8513
2021-10-24,1.0821,253010407.2552
2021-10-25,1.0951,238965157.4406
2021-10-26,1.1075,491588833.5156
2021-10-27,0.995,948155132.437
2021-10-28,1.0579,714218398.5176
2021-10-29,1.0825,383066388.4638
2021-10-30,1.0846,403826768.1772
2021-10-31,1.1128,727992493.5445
2021-11-01,1.0915,417467396.2556
2021-11-02,1.1349,444398509.345
2021-11-03,1.2101,995581269.6626
2021-11-04,1.2004,666720493.3713
2021-11-05,1.1581,372181223.325
2021-11-06,1.151,297442023.9152
2021-11-07,1.2198,444359161.8766
2021-11-08,1.2815,766012117.34615
2021-11-09,1.2571,584938595.7314
2021-11-10,1.1902,1175404692.7939
2021-11-11,1.2142,577096707.3746
2021-11-12,1.1883,531437316.5595
2021-11-13,1.1892,284873053.1299
2021-11-14,1.1879,227345320.609
2021-11-15,1.172,319547494.8597
2021-11-16,1.0877,662858882.2038
2021-11-17,1.0953,416331389.1518
2021-11-18,1.0406,762250060.677
2021-11-19,1.0892,370490515.5623
2021-11-20,1.0965,273011333.8425
2021-11-21,1.0569,245324674.6924
2021-11-22,1.0354,320708762.399
2021-11-23,1.0661,357152586.7084
2021-11-24,1.0326,356216660.773
2021-11-25,1.0438,325685350.5721
2021-11-26,0.9394,635807297.3388
2021-11-27,0.9452,214040812.9727
2021-11-28,0.9687,310943922.6142
2021-11-29,0.9898,297699683.6272
2021-11-30,0.9983,339684740.1831
2021-12-01,0.9899,250962192.9921
2021-12-02,0.9716,207549885.5161
2021-12-03,0.9211,282383779.9832
2021-12-04,0.8449,1041408385.914634
2021-12-05,0.8045,420563233.4764
2021-12-06,0.8255,398532303.1907
2021-12-07,0.8154,264723351.7763
2021-12-08,0.8622,349152928.9331
2021-12-09,0.8583,605671793.4532
2021-12-10,0.7992,416778024.2323
2021-12-11,0.8392,234938185.3594
2021-12-12,0.8393,186434002.2961
2021-12-13,0.7818,303448083.6711
2021-12-14,0.8103,280765038.7079
2021-12-15,0.8262,286906700.2117
2021-12-16,0.8051,169655788.8523
2021-12-17,0.7966,208935917.9435
2021-12-18,0.8262,139512176.9931
2021-12-19,0.835,136403589.8845
2021-12-20,0.8798,482473462.1703
2021-12-21,0.9467,423894867.7381
2021-12-22,0.9537,382128111.3491
2021-12-23,0.9941,472937211.2679
2021-12-24,0.9115,537703509.631
2021-12-25,0.9252,230230296.371
2021-12-26,0.92,149939963.3385
2021-12-27,0.9269,220092028.7925
2021-12-28,0.8515,283419211.7008
2021-12-29,0.8171,257232945.2212
2021-12-30,0.8386,219272099.3347
2021-12-31,0.8297,200227347.4595
2022-01-01,0.8507,115507460.3752
2022-01-02,0.8586,110265575.8458
2022-01-03,0.8324,149876148.1059
2022-01-04,0.8228,177691936.9922
2022-01-05,0.7726,294783762.2987
2022-01-06,0.7791,234402002.0906
2022-01-07,0.7634,281919749.2178
2022-01-08,0.7452,190213053.8015
2022-01-09,0.753,113888420.5369
2022-01-10,0.7399,228730493.4738
2022-01-11,0.7703,190447525.4492
2022-01-12,0.7987,231115520.7739
2022-01-13,0.768,178544935.2266
2022-01-14,0.7732,170797410.1373
2022-01-15,0.7791,107785186.2676
2022-01-16,0.7784,97287674.5834
2022-01-17,0.7617,138537212.0576
2022-01-18,0.7509,141172279.38
2022-01-19,0.7381,140704196.393
2022-01-20,0.7199,153121537.0821
2022-01-21,0.6368,410698993.8904
2022-01-22,0.5966,460971551.623324
2022-01-23,0.6283,202062551.6478
2022-01-24,0.6118,300019737.6239
2022-01-25,0.618,192980719.1092
2022-01-26,0.6193,293046543.4372
2022-01-27,0.6088,176630359.0127
2022-01-28,0.6111,133208703.7599
2022-01-29,0.6174,95192596.384
2022-01-30,0.6013,89634415.7316
2022-01-31,0.6174,127444698.1901
2022-02-01,0.6284,108325641.3791
2022-02-02,0.6006,114856317.4968
2022-02-03,0.6102,100903909.1622
2022-02-04,0.6555,164697317.0547
2022-02-05,0.6656,207432932.9309
2022-02-06,0.6825,105499040.7399
2022-02-07,0.8314,491875684.7933
2022-02-08,0.8763,896908628.4032
2022-02-09,0.8697,549165655.7157
2022-02-10,0.8253,427414739.417
2022-02-11,0.7591,388566707.0626
2022-02-12,0.8223,383669503.4621
2022-02-13,0.8057,288439676.8539
2022-02-14,0.8012,241701354.4564
2022-02-15,0.8515,231323680.2361
2022-02-16,0.8366,210175363.6046
2022-02-17,0.769,300624314.1474
2022-02-18,0.784,326120877.6789
2022-02-19,0.8215,400613754.2186
2022-02-20,0.7769,391269443.4318
2022-02-21,0.7018,474629850.5165
2022-02-22,0.7209,417027236.6289
2022-02-23,0.6967,315158238.6433
2022-02-24,0.6963,649336702.1989
2022-02-25,0.7699,397739663.4322
2022-02-26,0.7508,398290215.7972
2022-02-27,0.7215,324122751.3269
2022-02-28,0.7809,331004684.9104
2022-03-01,0.7839,305309246.7925
2022-03-02,0.7687,290891663.0599
2022-03-03,0.7515,257664904.5485
2022-03-04,0.7127,279450790.8482
2022-03-05,0.754,265951379.1469
2022-03-06,0.7251,225032012.6074
2022-03-07,0.7197,363052083.9685
2022-03-08,0.7207,212291889.8845
2022-03-09,0.7658,298577935.7299
2022-03-10,0.7361,294933673.0231
2022-03-11,0.8029,402055677.0288
2022-03-12,0.7857,474559889.9224
2022-03-13,0.7602,244669480.0742
2022-03-14,0.7748,249607534.8329
2022-03-15,0.7657,185554830.1951
2022-03-16,0.7919,270905161.1004
2022-03-17,0.7935,209115111.7325
2022-03-18,0.7965,175564924.199
2022-03-19,0.8194,202388188.4208
2022-03-20,0.8057,149611235.7475
2022-03-21,0.8373,259592940.3888
2022-03-22,0.8366,257893273.7383
2022-03-23,0.8376,195140355.5946
2022-03-24,0.8428,236615079.7898
2022-03-25,0.8239,178986690.6411
2022-03-26,0.8327,101517227.9421
2022-03-27,0.858,167118139.6212
2022-03-28,0.8641,422637754.2167
2022-03-29,0.8577,230020279.9314
2022-03-30,0.8613,173039224.5048
2022-03-31,0.8148,305824263.8892
2022-04-01,0.8277,208774877.5653
2022-04-02,0.824,175623270.3137
2022-04-03,0.8432,133117452.9172
2022-04-04,0.826,179165135.2421
2022-04-05,0.8164,144156926.2418
2022-04-06,0.7595,274381875.7023
2022-04-07,0.7871,152188903.5217
2022-04-08,0.7549,162771256.5049
2022-04-09,0.7622,77625116.2299
2022-04-10,0.7543,93662860.1336
2022-04-11,0.6948,253488704.6894
2022-04-12,0.7152,185940902.0363
2022-04-13,0.7232,156097770.2643
2022-04-14,0.7262,173590844.0636
2022-04-15,0.7858,340018971.2768
2022-04-16,0.7808,161483053.8088
2022-04-17,0.7519,145499726.0462
2022-04-18,0.7699,192473959.5038
2022-04-19,0.7749,153428708.3625
2022-04-20,0.7517,167656195.8777
2022-04-21,0.7328,180731787.3906
2022-04-22,0.7179,160328204.818
2022-04-23,0.7057,116203898.7368
2022-04-24,0.6981,102084222.507
2022-04-25,0.6931,267285979.6594
2022-04-26,0.642,237444379.8966
2022-04-27,0.6522,180637616.853
2022-04-28,0.6428,156497699.4127
2022-04-29,0.6116,200206773.4092
2022-04-30,0.5845,214938073.8545
2022-05-01,0.607,166027183.2312
2022-05-02,0.6143,204458052.8653
2022-05-03,0.6047,174187576.7346
2022-05-04,0.6459,214781739.892
2022-05-05,0.5981,275475127.5275
2022-05-06,0.6022,218917267.8923
2022-05-07,0.5808,144029120.1394
2022-05-08,0.5662,191966430.3333
2022-05-09,0.4873,440258885.078922
2022-05-10,0.513,459950527.42
2022-05-11,0.4172,731722915.314705
2022-05-12,0.3856,594186113.526365
2022-05-13,0.4228,301967793.821
2022-05-14,0.4262,185744367.7124
2022-05-15,0.4481,114744354.5196
2022-05-16,0.4231,183880284.5874
2022-05-17,0.438,162168648.8597
2022-05-18,0.4056,155713298.6108
2022-05-19,0.4205,116869173.7599
2022-05-20,0.4101,150932151.7571
2022-05-21,0.4145,59372483.5825
2022-05-22,0.4218,60032697.6084
2022-05-23,0.4052,126188136.5609
2022-05-24,0.4086,125344682.6655
2022-05-25,0.406,167969372.2193
2022-05-26,0.392,246729969.605
2022-05-27,0.3819,214888250.2271
2022-05-28,0.3863,89731706.8105
2022-05-29,0.3891,73294559.5039
2022-05-30,0.4187,149384767.0321
2022-05-31,0.4217,176780178.8201
2022-06-01,0.398,178928611.5763
2022-06-02,0.4055,139400566.4511
2022-06-03,0.3904,112542326.3665
2022-06-04,0.3925,52239259.2791
2022-06-05,0.3953,52902644.5682
2022-06-06,0.4026,102110040.337
2022-06-07,0.4076,166280541.3817
2022-06-08,0.4006,123154505.0433
2022-06-09,0.4002,101687547.2932
2022-06-10,0.3815,157089536.93
2022-06-11,0.3599,124317447.9689
2022-06-12,0.3433,149735662.364
2022-06-13,0.3118,328637316.325002
2022-06-14,0.3214,243464785.141985
2022-06-15,0.3436,271227096.2417
2022-06-16,0.3132,190349169.8571
2022-06-17,0.321,140271381.5595
2022-06-18,0.3075,170366179.895381
2022-06-19,0.3264,123246578.6674
2022-06-20,0.3227,114351278.5238
2022-06-21,0.3294,124852730.7156
2022-06-22,0.3223,101794452.0225
2022-06-23,0.3358,96235892.6572
2022-06-24,0.3672,223815201.869
2022-06-25,0.3676,79123639.7719
2022-06-26,0.3592,71039962.3962
2022-06-27,0.3537,98508600.8805
2022-06-28,0.3375,109315246.4689
2022-06-29,0.3296,108924493.26
2022-06-30,0.3321,147393644.668
2022-07-01,0.3139,118587656.9598
2022-07-02,0.3156,56221451.4424
2022-07-03,0.3215,61533546.2119
2022-07-04,0.3287,88994114.9657
2022-07-05,0.3252,107262278.4529
2022-07-06,0.3324,95886316.4482
2022-07-07,0.3422,87266153.1303
2022-07-08,0.3402,133000861.9134
2022-07-09,0.3448,45267170.3163
2022-07-10,0.3255,79468929.0035
2022-07-11,0.3152,79546363.024
2022-07-12,0.3116,73193935.2427
2022-07-13,0.3237,111462870.5633
2022-07-14,0.3338,103892845.0904
2022-07-15,0.3342,132631266.8746
2022-07-16,0.3505,93541230.7602
2022-07-17,0.3433,71308820.2037
2022-07-18,0.3653,145950885.0127
2022-07-19,0.3729,135433770.4909
2022-07-20,0.3635,122555674.2913
2022-07-21,0.3669,99082317.9136
2022-07-22,0.3578,84039196.2595
2022-07-23,0.3592,50073528.3648
2022-07-24,0.3586,55971080.8209
2022-07-25,0.3362,86676259.4828
2022-07-26,0.3372,82443390.9487
2022-07-27,0.3594,92730683.9319
2022-07-28,0.3739,122379884.6885
2022-07-29,0.3679,102455414.6748
2022-07-30,0.3879,151212668.9887
2022-07-31,0.3792,90300223.1005
2022-08-01,0.3791,81602011.2659
2022-08-02,0.3714,97712462.1301
2022-08-03,0.3695,78676859.4057
2022-08-04,0.371,63183203.3837
2022-08-05,0.3764,66561027.3224
2022-08-06,0.3715,33182898.9453
2022-08-07,0.3722,35204727.0933
2022-08-08,0.3787,83979590.9722
2022-08-09,0.3672,62324528.9408
2022-08-10,0.3814,81068105.4407
2022-08-11,0.3802,80900073.1205
2022-08-12,0.3796,63609314.0849
2022-08-13,0.378,46708311.9624
2022-08-14,0.3757,70663793.9313
2022-08-15,0.3751,86406258.6863
2022-08-16,0.377,73556611.6893
2022-08-17,0.3795,126759099.1176
2022-08-18,0.3704,77574097.0843
2022-08-19,0.3344,151469808.2924
2022-08-20,0.3368,69893445.4186
2022-08-21,0.3449,63540311.138
2022-08-22,0.344,87411174.7706
2022-08-23,0.3472,76705168.209
2022-08-24,0.3456,65685897.5246
2022-08-25,0.3491,69764352.314
2022-08-26,0.3393,153665419.4402
2022-08-27,0.3346,58855369.8605
2022-08-28,0.3224,49504782.3436
2022-08-29,0.3337,87361744.4692
2022-08-30,0.3267,70259688.5838
2022-08-31,0.3277,64322459.0518
2022-09-01,0.3331,59848811.8949
2022-09-02,0.3314,59352103.3702
2022-09-03,0.3297,34043843.1217
2022-09-04,0.3317,31682221.1852
2022-09-05,0.3329,58525355.8091
2022-09-06,0.3212,111776654.5137
2022-09-07,0.3369,86968475.705
2022-09-08,0.3396,78333843.9986
2022-09-09,0.3568,117071573.7653
2022-09-10,0.3573,66220220.8186
2022-09-11,0.3552,51919619.5378
2022-09-12,0.3598,86092131.7274
2022-09-13,0.3326,125815020.3102
2022-09-14,0.3415,103931939.6545
2022-09-15,0.3261,135422916.2015
2022-09-16,0.3552,124260288.7189
2022-09-17,0.3762,162050300.786
2022-09-18,0.3576,258614760.4064
2022-09-19,0.3848,265844871.8951
2022-09-20,0.414,442009185.2686
2022-09-21,0.3936,372966189.3786
2022-09-22,0.4862,590174749.6729
2022-09-23,0.5069,917768864.5043
2022-09-24,0.4878,352715614.3205
2022-09-25,0.4917,366984733.4815
2022-09-26,0.4683,296847521.539
2022-09-27,0.4457,292038620.5516
2022-09-28,0.4489,257517246.6334
2022-09-29,0.4877,365979762.7879
2022-09-30,0.4799,330105163.3981
2022-10-01,0.4754,158398722.6391
2022-10-02,0.4485,152945188.2056
2022-10-03,0.4621,177658038.6668
2022-10-04,0.4795,248921030.5571
2022-10-05,0.4887,283275013.6859
2022-10-06,0.4934,204870809.1033
2022-10-07,0.5177,262944156.6285
2022-10-08,0.517,177286870.9384
2022-10-09,0.5325,193058849.2665
2022-10-10,0.4939,269405146.745
2022-10-11,0.4861,218448308.5653
2022-10-12,0.4881,119808283.8365
2022-10-13,0.4791,280980866.2166
2022-10-14,0.4883,227388021.966
2022-10-15,0.4818,75131086.2498
2022-10-16,0.4766,105829602.9126
2022-10-17,0.4804,126134721.5191
2022-10-18,0.4658,136197440.4461
2022-10-19,0.4504,151199222.0778
2022-10-20,0.4465,178394403.3926
2022-10-21,0.4614,161784866.1782
2022-10-22,0.4653,78201141.1354
2022-10-23,0.4688,93094955.4316
2022-10-24,0.4529,123072922.4954
2022-10-25,0.4605,160081457.7349
2022-10-26,0.4689,143488385.6324
2022-10-27,0.4615,181953642.3573
2022-10-28,0.4744,120199098.1085
2022-10-29,0.4701,134590023.725
2022-10-30,0.4582,84820357.7325
2022-10-31,0.4641,133261256.4253
2022-11-01,0.4636,125642112.0862
2022-11-02,0.4497,139704185.4005
2022-11-03,0.4548,100942726.2391
2022-11-04,0.5064,274689740.9017
2022-11-05,0.493,99431885.5075
2022-11-06,0.4709,79239163.6907
2022-11-07,0.4648,153239698.2961
2022-11-08,0.4059,413070512.7862
2022-11-09,0.3331,334989216.0276
2022-11-10,0.3942,301512853.2121
2022-11-11,0.3843,182755584.2806
2022-11-12,0.3636,93930662.5747
2022-11-13,0.3408,116988962.6143
2022-11-14,0.3776,241833210.0589
2022-11-15,0.3888,207028793.2972
2022-11-16,0.3752,136953796.3009
2022-11-17,0.3819,156120059.8431
2022-11-18,0.3829,111602519.5482
2022-11-19,0.3841,55292721.1727
2022-11-20,0.3608,116439995.0709
2022-11-21,0.3645,210059781.7228
2022-11-22,0.3757,169687796.3158
2022-11-23,0.3815,133209854.523
2022-11-24,0.4018,177033036.2218
2022-11-25,0.4078,173684378.2258
2022-11-26,0.396,74555148.8397
2022-11-27,0.3962,80197421.6651
2022-11-28,0.3888,166423172.4506
2022-11-29,0.3981,139342590.9568
2022-11-30,0.4078,132883248.9774
2022-12-01,0.3969,100381351.1923
2022-12-02,0.3961,100555120.3107
2022-12-03,0.3873,59974445.9224
2022-12-04,0.3895,52399718.8424
2022-12-05,0.3893,132061033.3122
2022-12-06,0.3914,116660558.7144
2022-12-07,0.3835,117648523.9099
2022-12-08,0.3941,107330684.7435
2022-12-09,0.3889,101327794.2597
2022-12-10,0.3865,38539886.5527
2022-12-11,0.3809,37091781.1508
2022-12-12,0.3874,131257104.2853
2022-12-13,0.3952,170665867.177
2022-12-14,0.3853,128096972.2984
2022-12-15,0.378,86076180.483
2022-12-16,0.3511,136784621.9295
2022-12-17,0.3545,73591621.3634
2022-12-18,0.3499,40560825.171
2022-12-19,0.3389,124752930.4634
2022-12-20,0.3482,107517453.0116
2022-12-21,0.3449,98626729.8573
2022-12-22,0.3492,88031727.671
2022-12-23,0.3543,77773302.9236
2022-12-24,0.3517,22136772.3408
2022-12-25,0.3457,34843179.2643
2022-12-26,0.3658,121074083.1859
2022-12-27,0.3675,141396481.0425
2022-12-28,0.3558,121246074.983
2022-12-29,0.3421,120106923.5335
2022-12-30,0.3451,91624064.7707
2022-12-31,0.3389,47233960.1927
2023-01-01,0.3387,34471638.5714
2023-01-02,0.3482,217803999.7446
2023-01-03,0.3436,119511328.6711
2023-01-04,0.3472,129585304.7284
2023-01-05,0.338,90735849.1365
2023-01-06,0.3443,93853937.033
2023-01-07,0.3442,35685499.4695
2023-01-08,0.3452,63235820.0018
2023-01-09,0.349,185161444.2836
2023-01-10,0.3507,118256165.1944
2023-01-11,0.3728,228637315.3745
2023-01-12,0.3748,188241999.7211
2023-01-13,0.3858,152479844.0566
2023-01-14,0.3953,230545836.1881
2023-01-15,0.3845,113574492.6617
2023-01-16,0.3855,211557382.1895
2023-01-17,0.3868,146669509.5433
2023-01-18,0.3782,236217050.68
2023-01-19,0.3928,161047075.7657
2023-01-20,0.4129,145683006.8193
2023-01-21,0.4034,141823531.5831
2023-01-22,0.4004,101062837.4732
2023-01-23,0.4234,304618525.3061
2023-01-24,0.4078,172683239.9344
2023-01-25,0.417,153118088.976
2023-01-26,0.4092,119450988.2924
2023-01-27,0.4128,111625093.023
2023-01-28,0.4078,61120997.8106
2023-01-29,0.4134,68802706.7642
2023-01-30,0.3934,174875593.0656
2023-01-31,0.4057,138238341.7796
2023-02-01,0.4131,153259801.5671
2023-02-02,0.4098,133341656.2179
2023-02-03,0.4117,112603154.4869
2023-02-04,0.4106,73370958.019
2023-02-05,0.3984,95563098.0889
2023-02-06,0.392,125897156.2863
2023-02-07,0.4036,141141108.6065
2023-02-08,0.3975,105265066.8744
2023-02-09,0.3819,206981490.6035
2023-02-10,0.3817,107300522.3004
2023-02-11,0.3833,47064308.7616
2023-02-12,0.3747,51727784.2532
2023-02-13,0.3703,141477064.7839
2023-02-14,0.3819,138499878.2798
2023-02-15,0.4011,143859246.6086
2023-02-16,0.3841,179200203.6661
2023-02-17,0.395,139644124.6396
2023-02-18,0.3943,57400872.4426
2023-02-19,0.3863,93146713.9362
2023-02-20,0.3984,220336014.7363
2023-02-21,0.3919,176374645.4901
2023-02-22,0.3953,151813602.9011
2023-02-23,0.3882,136524364.7895
2023-02-24,0.3783,136442442.7247
2023-02-25,0.3778,67647646.4228
2023-02-26,0.3779,49371646.179
2023-02-27,0.3785,158457633.8979
2023-02-28,0.3762,140007695.9865
2023-03-01,0.3835,120585971.9244
2023-03-02,0.3772,106574977.8196
2023-03-03,0.3774,179848857.5324
2023-03-04,0.3735,61584809.5591
2023-03-05,0.3668,60724189.1932
2023-03-06,0.3695,156725004.0317
2023-03-07,0.3801,210785141.3808
2023-03-08,0.3889,265136639.3485
2023-03-09,0.3706,252341948.9759
2023-03-10,0.37,198898835.5473
2023-03-11,0.3638,125158363.7402
2023-03-12,0.3714,140064897.6627
2023-03-13,0.3724,204984639.527
2023-03-14,0.3724,203995643.0725
2023-03-15,0.3589,140863011.9457
2023-03-16,0.3647,93875787.5029
2023-03-17,0.3798,151029086.0637
2023-03-18,0.3739,136790748.2516
2023-03-19,0.3857,185211360.2455
2023-03-20,0.3734,168478007.0693
2023-03-21,0.4696,739147786.6806
2023-03-22,0.4213,626614742.0198
2023-03-23,0.4438,368094025.9115
2023-03-24,0.4259,217558570.5452
2023-03-25,0.4429,284432424.3263
2023-03-26,0.4479,164516868.433
2023-03-27,0.479,468907973.9647
2023-03-28,0.5144,561768921.786
2023-03-29,0.5425,710720110.8781
2023-03-30,0.5319,444533562.2479
2023-03-31,0.5374,285494944.4927
2023-04-01,0.5095,265787844.0202
2023-04-02,0.518,202442762.8255
2023-04-03,0.4959,264930891.5245
2023-04-04,0.5026,179555332.6901
2023-04-05,0.5055,210165518.3216
2023-04-06,0.5028,158484620.7896
2023-04-07,0.5126,161500221.0903
2023-04-08,0.5048,69517878.4432
2023-04-09,0.5054,58532234.578
2023-04-10,0.5176,134434521.2121
2023-04-11,0.5167,186152904.5242
2023-04-12,0.5049,171358646.2642
2023-04-13,0.5125,139036177.3945
2023-04-14,0.5227,243064939.2771
2023-04-15,0.5192,79413896.0197
2023-04-16,0.5209,81721324.831
2023-04-17,0.5109,153553932.094
2023-04-18,0.5324,186085470.3304
2023-04-19,0.4911,311042377.4707
2023-04-20,0.4752,219794190.8847
2023-04-21,0.4491,196405832.4614
2023-04-22,0.4719,111879421.8415
2023-04-23,0.4647,103079830.5741
2023-04-24,0.4611,189723462.6629
2023-04-25,0.4695,173172942.7944
2023-04-26,0.4618,256463436.6499
2023-04-27,0.4667,159816336.8441
2023-04-28,0.4796,181922278.9124
2023-04-29,0.478,84163263.9234
2023-04-30,0.4705,68124656.7054
2023-05-01,0.4649,156703971.8915
2023-05-02,0.4645,152988821.87
2023-05-03,0.4632,156013152.9334
2023-05-04,0.4608,100405157.9432
2023-05-05,0.4671,135599010.5934
2023-05-06,0.4582,77457021.9829
2023-05-07,0.449,54412904.3018
2023-05-08,0.4283,208516112.0143
2023-05-09,0.4289,140698488.1352
2023-05-10,0.4303,142959031.4146
2023-05-11,0.4207,121888401.6044
2023-05-12,0.4305,174665763.124
2023-05-13,0.424,43502508.7222
2023-05-14,0.4253,41556708.1618
2023-05-15,0.4273,112456043.0808
2023-05-16,0.4425,152521020.859
2023-05-17,0.4484,229071343.7915
2023-05-18,0.4596,192595312.6275
2023-05-19,0.4675,152613054.2521
2023-05-20,0.4685,62057504.8193
2023-05-21,0.4575,70385641.0823
2023-05-22,0.4618,133114497.6357
2023-05-23,0.4651,125016933.0484
2023-05-24,0.453,151915102.1176
2023-05-25,0.4538,85627895.2544
2023-05-26,0.4684,132032922.1573
2023-05-27,0.4714,84283690.6692
2023-05-28,0.482,79310781.4841
2023-05-29,0.4946,158994730.9089
2023-05-30,0.5205,337412103.77
2023-05-31,0.5166,226321932.8499
2023-06-01,0.5065,162638528.1577
2023-06-02,0.5244,151414189.6036
2023-06-03,0.5188,89930000.8953
2023-06-04,0.5359,133246493.0951
2023-06-05,0.509,319477652.4925
2023-06-06,0.53,234690913.8299
2023-06-07,0.5183,244889718.1241
2023-06-08,0.5236,137027019.7161
2023-06-09,0.538,187158472.4652
2023-06-10,0.5067,304346642.2294
2023-06-11,0.5208,113523633.2413
2023-06-12,0.5251,184693488.5544
2023-06-13,0.5192,411364100.7733
2023-06-14,0.4801,270686306.3722
2023-06-15,0.4801,161264378.6239
2023-06-16,0.4759,177084797.8848
2023-06-17,0.4794,90724364.3014
2023-06-18,0.4868,109694269.2514
2023-06-19,0.4936,158029204.5714
2023-06-20,0.4929,183652110.869
2023-06-21,0.4999,202941709.1074
2023-06-22,0.4938,223220058.1374
2023-06-23,0.4961,170930777.4484
2023-06-24,0.4865,94403166.4608
2023-06-25,0.4903,93843422.8092
2023-06-26,0.479,147000463.6721
2023-06-27,0.4838,140122274.2891
2023-06-28,0.4647,153329584.7929
2023-06-29,0.4747,99147276.3141
2023-06-30,0.4729,185778507.6227
2023-07-01,0.4732,109210900.2688
2023-07-02,0.4845,163094434.9659
2023-07-03,0.489,172807675.4956
2023-07-04,0.4872,146031583.7395
2023-07-05,0.4777,140622559.5325
2023-07-06,0.4622,143805418.8002
2023-07-07,0.4687,107533605.7697
2023-07-08,0.4704,54396568.3464
2023-07-09,0.468,37629361.6338
2023-07-10,0.478,157526649.3444
2023-07-11,0.4753,107129231.8382
2023-07-12,0.471,104191095.7675
2023-07-13,0.8153,1758482749.7509
2023-07-14,0.7179,1152019101.9945
2023-07-15,0.7145,504452504.4832
2023-07-16,0.7468,709571949.0654
2023-07-17,0.7374,450106863.4749
2023-07-18,0.7779,450543299.0257
2023-07-19,0.8199,735553987.5944
2023-07-20,0.7942,521605123.0001
2023-07-21,0.7713,320767845.9807
2023-07-22,0.7331,246545025.6818
2023-07-23,0.7384,216785787.3217
2023-07-24,0.7021,363034637.1972
2023-07-25,0.7089,274098541.9027
2023-07-26,0.7161,261953542.4317
2023-07-27,0.7139,223798115.8014
2023-07-28,0.712,143020949.8474
2023-07-29,0.7121,75047405.3508
2023-07-30,0.7046,190600448.5184
2023-07-31,0.6976,266346676.5876
2023-08-01,0.7069,253808721.4183
2023-08-02,0.685,177961279.0593
2023-08-03,0.663,236749567.6446
2023-08-04,0.6356,228894407.1158
2023-08-05,0.6288,181546677.3618
2023-08-06,0.624,127064254.1824
2023-08-07,0.6236,275111720.6978
2023-08-08,0.6418,237638533.3265
2023-08-09,0.6433,285460658.8725
2023-08-10,0.6331,186480960.7635
2023-08-11,0.6318,142904471.5788
2023-08-12,0.6276,54910098.7887
2023-08-13,0.6256,86527939.4537
2023-08-14,0.6343,163740850.5512
2023-08-15,0.6104,238684860.1785
2023-08-16,0.5889,346941847.5022
2023-08-17,0.5064,457574867.9969
2023-08-18,0.5062,364518617.2381
2023-08-19,0.5199,153282783.436
2023-08-20,0.5384,243112521.7842
2023-08-21,0.5245,276083692.1019
2023-08-22,0.521,217743145.7154
2023-08-23,0.5301,150276948.65
2023-08-24,0.5187,131630382.9377
2023-08-25,0.5258,168716071.9142
2023-08-26,0.5231,57772395.7492
2023-08-27,0.5236,69622811.3558
2023-08-28,0.5232,138002651.4955
2023-08-29,0.5398,243625243.1025
2023-08-30,0.5284,148049982.3458
2023-08-31,0.511,185642613.429
2023-09-01,0.498,196180468.7422
2023-09-02,0.4988,86413967.259
2023-09-03,0.5047,74878959.3547
2023-09-04,0.5087,148200901.2522
2023-09-05,0.5056,131087885.2647
2023-09-06,0.5033,127756291.7953
2023-09-07,0.505,105141976.2839
2023-09-08,0.505,112392001.6491
2023-09-09,0.5038,34798028.5372
2023-09-10,0.4969,72189553.5313
2023-09-11,0.4744,231551329.5379
2023-09-12,0.4804,170451184.1332
2023-09-13,0.4832,131944337.0568
2023-09-14,0.4892,112816288.3825
2023-09-15,0.5005,151756322.9436
2023-09-16,0.4998,66494200.1416
2023-09-17,0.4925,70781411.8491
2023-09-18,0.503,148765121.6648
2023-09-19,0.514,150372427.5183
2023-09-20,0.5212,149026404.1864
2023-09-21,0.5071,141242377.4972
2023-09-22,0.5122,119497921.1554
2023-09-23,0.5076,51932821.0136
2023-09-24,0.5021,57298613.7007
2023-09-25,0.5056,151571274.4503
2023-09-26,0.5019,136072298.7207
2023-09-27,0.4993,119114611.0416
2023-09-28,0.5098,124424022.7492
2023-09-29,0.5215,318719390.9093
2023-09-30,0.5149,74870559.5311
2023-10-01,0.5241,87152009.1862
2023-10-02,0.5123,165774736.408
2023-10-03,0.539,206974439.7289
2023-10-04,0.5326,224478611.1085
2023-10-05,0.5227,122773047.4518
2023-10-06,0.5255,114860940.6825
2023-10-07,0.5216,32985340.1246
2023-10-08,0.5174,43049947.7345
2023-10-09,0.5027,162917539.6957
2023-10-10,0.4965,113450223.3424
2023-10-11,0.4888,117525638.5842
2023-10-12,0.483,124638564.2861
2023-10-13,0.4851,124170633.8704
2023-10-14,0.4865,45567697.421
2023-10-15,0.4874,49526308.3315
2023-10-16,0.4978,200854473.229
2023-10-17,0.4912,131923465.6873
2023-10-18,0.4878,99190110.2404
2023-10-19,0.5197,221204640.8187
2023-10-20,0.5149,213465377.0241
2023-10-21,0.5208,93228244.9386
2023-10-22,0.5226,85805435.8149
2023-10-23,0.5475,278286849.1031
2023-10-24,0.5588,445409828.1721
2023-10-25,0.5552,204340817.5026
2023-10-26,0.5533,220409474.949
2023-10-27,0.543,171491048.3712
2023-10-28,0.5446,60491790.5594
2023-10-29,0.5561,88554355.8106
2023-10-30,0.578,248232480.4328
2023-10-31,0.5996,368660558.7841
2023-11-01,0.6085,281452760.3842
2023-11-02,0.6054,266920463.1922
2023-11-03,0.6121,198763348.2491
2023-11-04,0.6149,87555326.7674
2023-11-05,0.6607,267196689.0691
2023-11-06,0.7148,492269742.4642
2023-11-07,0.685,422309909.7894
2023-11-08,0.6869,236500123.9913
2023-11-09,0.6665,526217501.6202
2023-11-10,0.6595,305377391.8214
2023-11-11,0.6626,253172843.0691
2023-11-12,0.6613,143035347.164
2023-11-13,0.6702,508338082.6985
2023-11-14,0.6296,385092136.0451
2023-11-15,0.6481,215842881.7763
2023-11-16,0.6119,278273459.1294
2023-11-17,0.6133,224298132.849
2023-11-18,0.6106,116218315.9822
2023-11-19,0.6258,147981860.3146
2023-11-20,0.6122,184839298.7315
2023-11-21,0.5788,282178604.4259
2023-11-22,0.6109,206849999.4104
2023-11-23,0.6209,187962573.1608
2023-11-24,0.6212,188217852.8961
2023-11-25,0.6228,75608640.3507
2023-11-26,0.6157,165803435.5441
2023-11-27,0.6039,187249018.3748
2023-11-28,0.6107,173255085.9256
2023-11-29,0.6091,143645522.7884
2023-11-30,0.6063,140561709.3205
2023-12-01,0.6125,151500975.4603
2023-12-02,0.6208,88761091.0418
2023-12-03,0.6229,150119342.5523
2023-12-04,0.6245,306906152.554
2023-12-05,0.621,227916914.9618
2023-12-06,0.64,312787290.2284
2023-12-07,0.6432,290693308.7034
2023-12-08,0.6721,325864380.6329
2023-12-09,0.6584,355677766.9118
2023-12-10,0.6617,165918653.9992
2023-12-11,0.6187,374407040.2717
2023-12-12,0.6192,231170040.1073
2023-12-13,0.6275,234465552.887
2023-12-14,0.6316,213406134.1976
2023-12-15,0.6156,224036403.9219
2023-12-16,0.6203,99749269.6558
2023-12-17,0.6103,108983642.7115
2023-12-18,0.6125,285526632.3142
2023-12-19,0.6047,188305009.5832
2023-12-20,0.6171,233730636.44
2023-12-21,0.6241,181486794.9879
2023-12-22,0.6244,240110049.2457
2023-12-23,0.6195,105499262.1589
2023-12-24,0.6121,188565171.4613
2023-12-25,0.6462,317774651.6537
2023-12-26,0.6219,266404566.6774
2023-12-27,0.634,228589962.9332
2023-12-28,0.6346,299092512.0579
2023-12-29,0.623,217547687.8781
2023-12-30,0.6207,104681939.6298
2023-12-31,0.6156,99819076.467
2024-01-01,0.6294,102732273.8982
2024-01-02,0.6246,233870765.0564
2024-01-03,0.5823,616476961.0012
2024-01-04,0.5868,223518040.6822
2024-01-05,0.5757,218834036.5278
2024-01-06,0.5679,94643295.6385
2024-01-07,0.5515,127831730.9433
2024-01-08,0.5776,294676989.3888
2024-01-09,0.5669,258327968.5304
2024-01-10,0.6008,326124454.5335
2024-01-11,0.6019,310159093.8961
2024-01-12,0.5699,271305995.4437
2024-01-13,0.5747,82918818.7551
2024-01-14,0.5763,109243103.8968
2024-01-15,0.5757,154706565.7047
2024-01-16,0.5757,143801731.4493
2024-01-17,0.5685,130910418.9994
2024-01-18,0.552,160206212.1524
2024-01-19,0.5443,223694759.7986
2024-01-20,0.5534,104041398.8109
2024-01-21,0.5464,63480245.1694
2024-01-22,0.5275,181521750.767
2024-01-23,0.5183,239931999.7921
2024-01-24,0.5181,131991869.4887
2024-01-25,0.5138,128611527.1358
2024-01-26,0.5323,179941832.2146
2024-01-27,0.5303,58062234.2968
2024-01-28,0.5241,70557321.5239
2024-01-29,0.5352,166936283.3948
2024-01-30,0.5107,287974260.4678
2024-01-31,0.5033,245358209.3109
2024-02-01,0.5058,169136077.9874
2024-02-02,0.5105,182866296.7909
2024-02-03,0.5186,139267739.442
2024-02-04,0.5032,79994272.0065
2024-02-05,0.5069,160199486.0272
2024-02-06,0.505,149476117.6586
2024-02-07,0.5138,170065835.6946
2024-02-08,0.5147,164331767.5466
2024-02-09,0.5262,199001954.3944
2024-02-10,0.5239,71203753.3982
2024-02-11,0.5261,115829056.7134
2024-02-12,0.5315,201577676.5218
2024-02-13,0.5247,209569577.3208
2024-02-14,0.5378,213698498.0764
2024-02-15,0.5622,354054978.0784
2024-02-16,0.5643,295713042.1994
2024-02-17,0.5496,140263782.4244
2024-02-18,0.5571,110984253.3261
2024-02-19,0.5626,202602289.0949
2024-02-20,0.5622,324956172.6769
2024-02-21,0.5491,241554955.7311
2024-02-22,0.541,198108906.342
2024-02-23,0.5342,232931615.3245
2024-02-24,0.545,109408023.8935
2024-02-25,0.5425,109195370.4684
2024-02-26,0.5506,239159787.0654
2024-02-27,0.5861,484204806.3153
2024-02-28,0.575,600527436.5215
2024-02-29,0.5867,789799237.6854
2024-03-01,0.6013,323258854.7415
2024-03-02,0.6442,561098506.1994
2024-03-03,0.6271,390250378.2574
2024-03-04,0.6477,680037933.8019
2024-03-05,0.5912,971210812.6012
2024-03-06,0.6121,501543922.8642
2024-03-07,0.627,491723629.8708
2024-03-08,0.62,403359268.7297
2024-03-09,0.6197,248795359.0
2024-03-10,0.608,265437261.5992
2024-03-11,0.723,1397085361.7244
2024-03-12,0.688,809486248.4053
2024-03-13,0.6891,433287999.4329
2024-03-14,0.669,586214978.9612
2024-03-15,0.6342,659887905.8484
2024-03-16,0.6031,396629023.8596
2024-03-17,0.6191,317996138.2103
2024-03-18,0.6453,539213807.37
2024-03-19,0.5845,622800830.9744
2024-03-20,0.6107,474979753.1727
2024-03-21,0.6404,499670072.3817
2024-03-22,0.6115,359961089.1895
2024-03-23,0.6167,173110244.5216
2024-03-24,0.6325,191365610.3891
2024-03-25,0.6406,383334099.9351
2024-03-26,0.6317,309446906.7586
2024-03-27,0.6118,357401973.3555
2024-03-28,0.6244,311430816.4376
2024-03-29,0.6301,336042616.7256
2024-03-30,0.6212,172448766.2015
2024-03-31,0.6292,113924710.714
2024-04-01,0.611,333965195.5589
2024-04-02,0.5854,384513388.8092
2024-04-03,0.5742,287020380.9741
2024-04-04,0.5935,413917599.608
2024-04-05,0.5871,245182996.9432
2024-04-06,0.593,97716359.6098
2024-04-07,0.5944,125604904.4772
2024-04-08,0.6147,312299000.7698
2024-04-09,0.6141,402883593.0298
2024-04-10,0.6172,273874315.888
2024-04-11,0.6086,194033425.0445
2024-04-12,0.5468,509327542.683
2024-04-13,0.4788,589051261.486
2024-04-14,0.5033,397952095.5441
2024-04-15,0.4977,341529467.5271
2024-04-16,0.4965,262546490.6849
2024-04-17,0.4951,243899788.0604
2024-04-18,0.5025,202498358.6896
2024-04-19,0.503,320230549.4456
2024-04-20,0.5288,167172289.5678
2024-04-21,0.5246,110387883.5848
2024-04-22,0.556,261174906.7999
2024-04-23,0.5445,216977134.9904
2024-04-24,0.5275,235729630.8625
2024-04-25,0.5254,187496339.632
2024-04-26,0.5261,185956511.4784
2024-04-27,0.5179,101032224.5098
2024-04-28,0.5103,70458610.2089
2024-04-29,0.5151,176581449.9024
2024-04-30,0.5006,198721791.9993
2024-05-01,0.5175,238496942.2037
2024-05-02,0.518,177688990.7001
2024-05-03,0.5317,190081086.4027
2024-05-04,0.5302,84581329.5159
2024-05-05,0.5296,59417628.2842
2024-05-06,0.5402,308959227.2858
2024-05-07,0.5245,185972116.8921
2024-05-08,0.5171,181169260.551
2024-05-09,0.5209,154978198.3729
2024-05-10,0.5022,181324120.6451
2024-05-11,0.5059,50215891.6399
2024-05-12,0.4993,48846226.618
2024-05-13,0.5053,154227486.4018
2024-05-14,0.5002,154803622.0644
2024-05-15,0.5188,163996243.7466
2024-05-16,0.5157,169549941.3106
2024-05-17,0.5234,149222311.8864
2024-05-18,0.5213,47112655.4979
2024-05-19,0.5096,58212030.835
2024-05-20,0.5377,211108604.7321
2024-05-21,0.537,265966456.3389
2024-05-22,0.5268,161365019.6231
2024-05-23,0.5289,307894786.7569
2024-05-24,0.536,170784784.7435
2024-05-25,0.5416,71152613.0006
2024-05-26,0.5283,58125721.5082
2024-05-27,0.534,130266495.3384
2024-05-28,0.5287,149284045.0986
2024-05-29,0.5238,167216243.8768
2024-05-30,0.5186,188381860.4883
2024-05-31,0.5176,158091721.3251
2024-06-01,0.5187,45883952.1242
2024-06-02,0.5135,67445068.4335
2024-06-03,0.5199,123452735.8403
2024-06-04,0.5257,132153219.6112
2024-06-05,0.5258,130755905.6584
2024-06-06,0.5215,151937470.6363
2024-06-07,0.4991,276798279.7619
2024-06-08,0.4926,75330471.4663
2024-06-09,0.4986,45014537.6229
2024-06-10,0.4969,124411172.2496
2024-06-11,0.4802,207619435.3427
2024-06-12,0.4916,166014961.9476
2024-06-13,0.4769,140783932.6943
2024-06-14,0.4746,184650858.7677
2024-06-15,0.4908,85997201.5014
2024-06-16,0.4891,79404153.9125
2024-06-17,0.5047,293745986.7618
2024-06-18,0.491,286321955.7681
2024-06-19,0.4933,128534687.302
2024-06-20,0.4888,161043259.5381
2024-06-21,0.4889,164176087.5095
2024-06-22,0.4866,38545568.0662
2024-06-23,0.4797,45970390.4546
2024-06-24,0.474,182515167.4053
2024-06-25,0.4757,107619378.893
2024-06-26,0.4698,115124115.2514
2024-06-27,0.4753,114661621.303
2024-06-28,0.4716,125897862.9521
2024-06-29,0.4727,27507212.222
2024-06-30,0.4761,39267204.7587
2024-07-01,0.477,101568143.7008
2024-07-02,0.4853,109165036.6018
2024-07-03,0.4672,151782465.6494
2024-07-04,0.4329,196369448.1519
2024-07-05,0.4251,298566810.2663
2024-07-06,0.4488,73695728.8482
2024-07-07,0.4195,76237441.9827
2024-07-08,0.4316,225009965.0145
2024-07-09,0.4356,125534601.6712
2024-07-10,0.4388,128814977.5047
2024-07-11,0.4491,154866122.1217
2024-07-12,0.4745,219137211.8911
2024-07-13,0.5257,387770132.7423
2024-07-14,0.5205,184831243.3429
2024-07-15,0.5372,232124637.6693
2024-07-16,0.5793,463817237.4793
2024-07-17,0.626,493351543.9464
2024-07-18,0.5697,387629372.5607
2024-07-19,0.5733,301703590.5542
2024-07-20,0.5937,177039681.4122
2024-07-21,0.5984,172384197.7049
2024-07-22,0.608,249627595.1045
2024-07-23,0.5975,211868663.0719
2024-07-24,0.6179,259346378.5534
2024-07-25,0.5996,294688423.4857
2024-07-26,0.6034,161078432.4606
2024-07-27,0.5956,103444913.3214
2024-07-28,0.6012,109970482.6308
2024-07-29,0.6019,142366926.8737
2024-07-30,0.6277,267991960.5994
2024-07-31,0.623,304622609.483
2024-08-01,0.5964,254368949.141
2024-08-02,0.5607,234033498.8203
2024-08-03,0.5558,148824061.0932
2024-08-04,0.5228,128308095.8837
2024-08-05,0.4889,585195701.4247
2024-08-06,0.5062,208637971.4739
2024-08-07,0.6002,570270974.5879
2024-08-08,0.6166,445857076.4381
2024-08-09,0.5805,270130308.9509
2024-08-10,0.5841,126348509.7499
2024-08-11,0.5528,143140570.7283
2024-08-12,0.5684,201610450.8513
2024-08-13,0.577,144615862.2374
2024-08-14,0.5687,145748123.0603
2024-08-15,0.5607,150783279.1196
2024-08-16,0.5638,132185236.4595
2024-08-17,0.5665,38492076.6976
2024-08-18,0.5631,68467510.822
2024-08-19,0.5985,226032960.1027
2024-08-20,0.5937,166939440.7429
2024-08-21,0.5999,163578491.6854
2024-08-22,0.5976,124354601.0201
2024-08-23,0.6109,178744582.077
2024-08-24,0.6127,149700821.9888
2024-08-25,0.6,98701742.4595
2024-08-26,0.5874,140151881.0769
2024-08-27,0.5666,193466113.1768
2024-08-28,0.5693,178712747.2288
2024-08-29,0.5619,119318759.902
2024-08-30,0.5667,144880198.221
2024-08-31,0.5662,38071491.6847
2024-09-01,0.5472,67240139.7845
2024-09-02,0.5677,96910244.9205
2024-09-03,0.5572,101678841.1744
2024-09-04,0.5579,150462306.7639
2024-09-05,0.5444,117601582.2975
2024-09-06,0.5211,202224802.5433
2024-09-07,0.5248,43681401.2204
2024-09-08,0.5295,35793549.1403
2024-09-09,0.5395,89651583.9404
2024-09-10,0.5408,72985900.3095
2024-09-11,0.5348,99961274.4973
2024-09-12,0.5626,212290449.4507
2024-09-13,0.5728,153147135.2078
2024-09-14,0.5956,135676017.5805
2024-09-15,0.5706,73909574.975
2024-09-16,0.5866,142162473.1295
2024-09-17,0.5839,101465255.3219
2024-09-18,0.5852,117710333.4437
2024-09-19,0.5868,130488341.6623
2024-09-20,0.5851,127110507.0887
2024-09-21,0.5976,86324780.7721
2024-09-22,0.5871,71336242.2732
2024-09-23,0.5847,94683080.2949
2024-09-24,0.5911,99334500.6533
2024-09-25,0.5831,105934017.5679
2024-09-26,0.5905,133016574.0989
2024-09-27,0.5888,131204198.1735
2024-09-28,0.6138,270625181.981
2024-09-29,0.6412,282395798.5195
2024-09-30,0.6114,251892928.3997
2024-10-01,0.5967,354187629.9135
2024-10-02,0.5383,363439241.3882
2024-10-03,0.5217,295535389.462
2024-10-04,0.534,179594487.2864
2024-10-05,0.5294,56840743.5621
2024-10-06,0.5336,48080871.5717
2024-10-07,0.5286,132839229.9698
2024-10-08,0.531,86941550.2843
2024-10-09,0.5245,89966411.8673
2024-10-10,0.5305,141944030.2263
2024-10-11,0.5388,105654597.4571
2024-10-12,0.5393,45255241.1267
2024-10-13,0.5321,50039757.4125
2024-10-14,0.5483,118828175.9496
2024-10-15,0.5417,154044066.4528
2024-10-16,0.5482,121260012.753
2024-10-17,0.5441,172709637.0481
2024-10-18,0.5465,120070174.4039
2024-10-19,0.544,49148150.6861
2024-10-20,0.5482,63742631.6173
2024-10-21,0.5449,155854758.1834
2024-10-22,0.5339,134413329.191
2024-10-23,0.5258,110819607.6545
2024-10-24,0.532,103669635.7471
2024-10-25,0.5022,180198092.5499
2024-10-26,0.5134,62068050.7443
2024-10-27,0.5168,33824741.5139
2024-10-28,0.5195,82504218.5324
2024-10-29,0.5284,116080622.9275
2024-10-30,0.5229,92996879.94
2024-10-31,0.5095,100337235.6703
2024-11-01,0.5131,143027276.6229
2024-11-02,0.5103,35113233.8082
2024-11-03,0.503,87962652.7113
2024-11-04,0.5035,107079103.2573
2024-11-05,0.514,97415686.7577
2024-11-06,0.5418,241408146.257
2024-11-07,0.5556,193108808.9942
2024-11-08,0.5537,143790365.5543
2024-11-09,0.5593,127417352.0794
2024-11-10,0.5884,420968960.3954
2024-11-11,0.6207,395399037.3729
2024-11-12,0.704,1176494232.7575
2024-11-13,0.6898,832627297.3654
2024-11-14,0.7736,1007947938.2256
2024-11-15,0.8922,1204261039.4699
2024-11-16,1.1209,2568822464.7048
2024-11-17,1.0543,1332901319.8997
2024-11-18,1.1137,1064978324.571
2024-11-19,1.1003,619965971.0097
2024-11-20,1.1041,673862209.4399
2024-11-21,1.247,1211740794.9622
2024-11-22,1.4726,2243532362.048237
2024-11-23,1.4685,1907103196.374523
2024-11-24,1.4331,1339319912.6698
2024-11-25,1.4142,1323332053.1164
2024-11-26,1.3984,1068658916.8656
2024-11-27,1.4696,858258348.0475
2024-11-28,1.5421,649688261.1702
2024-11-29,1.8006,1761609239.793645
2024-11-30,1.9513,2096903381.533929
2024-12-01,2.2937,2385698260.929747
2024-12-02,2.7245,6398460707.914024
2024-12-03,2.5102,5069619948.336822
2024-12-04,2.3574,2806170530.8602
2024-12-05,2.2446,2553726598.6946
2024-12-06,2.4257,1570287414.952
2024-12-07,2.6099,1345487946.9721
2024-12-08,2.6013,1172409461.2909
2024-12-09,2.2124,2321117255.8532
2024-12-10,2.3709,2974339782.9316
2024-12-11,2.3941,1644764788.996
2024-12-12,2.3384,1271981639.9824
2024-12-13,2.4217,1118328085.7842
2024-12-14,2.4005,846025555.0811
2024-12-15,2.4469,666829508.9957
2024-12-16,2.4841,1484486729.0995
2024-12-17,2.5673,1939849488.1879
2024-12-18,2.3103,1865326386.8297
2024-12-19,2.239,1861735899.8107
2024-12-20,2.2793,2413652844.3876
2024-12-21,2.238,1028141511.9217
2024-12-22,2.2031,691300978.408
2024-12-23,2.2617,853238655.7111
2024-12-24,2.3238,569493372.0705
2024-12-25,2.2973,371772271.3074
2024-12-26,2.1559,584690463.4899
2024-12-27,2.1466,552171658.2544
2024-12-28,2.1843,230698893.1437
2024-12-29,2.0942,277622074.0076
2024-12-30,2.0587,674750374.331
2024-12-31,2.0836,421967928.6518
2025-01-01,2.3328,760832060.3151
2025-01-02,2.4024,865949775.7157
2025-01-03,2.4547,569422075.2811
2025-01-04,2.4201,440309558.1877
2025-01-05,2.3994,370016358.6036
2025-01-06,2.42,468861826.3566
2025-01-07,2.2712,806352782.1044
2025-01-08,2.3731,926470982.8333
2025-01-09,2.2722,679791974.642
2025-01-10,2.3414,570867396.723
2025-01-11,2.5764,860275796.7852
2025-01-12,2.5046,561787996.9803
2025-01-13,2.5232,1264512280.7045
2025-01-14,2.6673,1032281639.4498
2025-01-15,3.1429,3077399206.080279
2025-01-16,3.2451,3552620342.311679
2025-01-17,3.2922,1732354391.4355
2025-01-18,3.2697,1458009309.0717
2025-01-19,2.9587,2059430331.7526
2025-01-20,3.1053,2662458999.8704
2025-01-21,3.1738,1176436619.5296
2025-01-22,3.1803,933005266.3769
2025-01-23,3.1194,951855494.0834
2025-01-24,3.1009,731330547.6169
2025-01-25,3.108,310069024.4943
2025-01-26,3.0223,399929472.8279
2025-01-27,3.0552,1900074942.1515
2025-01-28,3.0572,1152177187.4389
2025-01-29,3.0683,781733902.2928
2025-01-30,3.1276,539405335.0565
2025-01-31,3.0361,498266349.8299
2025-02-01,2.8778,514185531.7884
2025-02-02,2.58,1833042745.5623
2025-02-03,2.7001,4362783819.6807
2025-02-04,2.5274,1611405680.33
2025-02-05,2.381,835666325.0093
2025-02-06,2.325,765674914.4537
2025-02-07,2.3968,1081213105.8638
2025-02-08,2.419,371554857.0273
2025-02-09,2.3928,493229868.4024
2025-02-10,2.4237,498991376.0799
2025-02-11,2.4131,610136390.0508
2025-02-12,2.4734,549253249.7923
2025-02-13,2.5599,527319051.3815
2025-02-14,2.7384,1099747748.5297
2025-02-15,2.7619,512007575.2376
2025-02-16,2.7283,364119985.9186
2025-02-17,2.6599,569177522.7938
2025-02-18,2.5628,582472946.2462
2025-02-19,2.7378,545032758.8183
2025-02-20,2.6877,435621246.1541
2025-02-21,2.5721,674793413.9233
2025-02-22,2.574,238844803.0007
2025-02-23,2.5763,234022514.1027
2025-02-24,2.2783,849040644.8015
2025-02-25,2.3222,1687911041.6206
2025-02-26,2.1982,817894826.1718
2025-02-27,2.1985,505961815.8416
2025-02-28,2.1453,957869589.5801
2025-03-01,2.1916,316213252.1932
2025-03-02,2.9396,2163390347.287
2025-03-03,2.3873,2001737322.1551
2025-03-04,2.4543,1355169063.3158
2025-03-05,2.4998,631175246.6963
2025-03-06,2.6001,755127708.3694
2025-03-07,2.3855,1121586094.7692
2025-03-08,2.3261,279496752.3362
2025-03-09,2.1387,608123226.9348
2025-03-10,2.0216,829514635.4073
2025-03-11,2.1711,797538821.3747
2025-03-12,2.2396,612133003.8231
2025-03-13,2.2527,553752724.5531
2025-03-14,2.3564,457779727.5892
2025-03-15,2.3911,362455350.4134
2025-03-16,2.2938,353905686.8893
2025-03-17,2.3382,313586432.7361
2025-03-18,2.2851,373795463.5277
2025-03-19,2.5469,1145549057.2826
2025-03-20,2.4361,556990257.8759
2025-03-21,2.3809,343554538.9887
2025-03-22,2.3711,164935168.8237
2025-03-23,2.4393,197375933.9193
2025-03-24,2.4501,345465247.8068
2025-03-25,2.4492,262047435.3401
2025-03-26,2.3494,340471844.0816
2025-03-27,2.341,286517138.3176
2025-03-28,2.2073,470524788.2178
2025-03-29,2.1351,399565637.9547
2025-03-30,2.1369,309556823.1236
2025-03-31,2.0899,470475027.3572
2025-04-01,2.1387,440370529.1045
2025-04-02,2.0237,661278600.2195
2025-04-03,2.0648,574582911.2022
2025-04-04,2.1302,522053640.9747
2025-04-05,2.1442,168933379.2612
2025-04-06,1.9218,494395445.2549
2025-04-07,1.8987,1564910506.5203
2025-04-08,1.7963,622942580.4604
2025-04-09,2.0529,983263446.1844
2025-04-10,1.9658,446583819.8456
2025-04-11,2.0225,352455438.3911
2025-04-12,2.1598,341792852.5043
2025-04-13,2.1196,419017456.6249
2025-04-14,2.1275,296792059.4906
2025-04-15,2.0842,280926951.9743
2025-04-16,2.0834,318042232.2303
2025-04-17,2.0673,215185592.53274
2025-04-18,2.0619,150530241.72514
2025-04-19,2.0877,104485797.93701
2025-04-20,2.0787,159807702.05961
2025-04-21,2.0855,279135954.92696
2025-04-22,2.2139,463874787.33304
2025-04-23,2.2184,494085337.30413
2025-04-24,2.2049,403912284.76951
2025-04-25,2.1812,294138569.17227
2025-04-26,2.1912,197714019.96509
2025-04-27,2.252,394172934.52954
2025-04-28,2.2949,432932125.11437
2025-04-29,2.238,248308443.54734
2025-04-30,2.1908,371180616.59514
2025-05-01,2.2123,214862147.68855
2025-05-02,2.2093,187929913.43163
2025-05-03,2.1872,106715010.83749
2025-05-04,2.156,128384945.07249
2025-05-05,2.1306,278055926.60453
2025-05-06,2.155,232503539.08214
2025-05-07,2.1265,195823475.6504
2025-05-08,2.3272,492146244.28859
2025-05-09,2.3439,637201286.41537
2025-05-10,2.4711,417538802.27194
2025-05-11,2.367,387738035.17048
2025-05-12,2.5439,1275311866.31161
2025-05-13,2.5829,582508619.40381
2025-05-14,2.5503,551933214.0695
2025-05-15,2.3856,515143174.14976
2025-05-16,2.3798,329039410.53355
2025-05-17,2.3531,247839876.54358
2025-05-18,2.428,263270059.37711
2025-05-19,2.3803,381979266.64326
2025-05-20,2.3565,321341594.69735
2025-05-21,2.3952,415539143.43446
2025-05-22,2.4311,350758657.64766
2025-05-23,2.2966,471539404.39892
2025-05-24,2.3303,118575581.84926
2025-05-25,2.3417,187626186.24011
2025-05-26,2.3103,175231902.2193
2025-05-27,2.3168,217701881.39648
2025-05-28,2.2742,227259719.06362
2025-05-29,2.2442,226227584.71746
2025-05-30,2.1398,421027264.31235
2025-05-31,2.1738,234327423.61236
2025-06-01,2.1792,135732307.10343
2025-06-02,2.1965,208841688.8584
2025-06-03,2.2446,245370237.05632
2025-06-04,2.2009,185497995.0584
2025-06-05,2.0936,325805169.6314
2025-06-06,2.1598,198545872.82096
2025-06-07,2.1769,88267737.87746
2025-06-08,2.267,260488969.11327
2025-06-09,2.3211,292145217.57631
2025-06-10,2.3074,275076155.03374
2025-06-11,2.2704,273751359.9951
2025-06-12,2.1899,219058539.733
2025-06-13,2.1472,365832602.13346
2025-06-14,2.1394,145441133.2027
2025-06-15,2.1655,100552015.23866
2025-06-16,2.238,409153397.01986
2025-06-17,2.159,321488422.84618
2025-06-18,2.1705,206443945.70966
2025-06-19,2.1648,121396684.86737
2025-06-20,2.1194,208777086.67049
2025-06-21,2.0632,184162670.13492
2025-06-22,2.0172,410005733.15721
2025-06-23,2.1584,358869371.56328
2025-06-24,2.1898,286252275.51631
2025-06-25,2.1859,200687070.2887
2025-06-26,2.1054,258879805.93921
2025-06-27,2.1419,253354119.55423
2025-06-28,2.1854,153000277.86009
2025-06-29,2.2061,101168900.61689
2025-06-30,2.2362,339174016.72813
2025-07-01,2.172,271747201.44651
2025-07-02,2.2336,332390384.71747
2025-07-03,2.2569,337550211.45131
2025-07-04,2.2205,161034633.34504
2025-07-05,2.2178,75534635.00788
2025-07-06,2.2709,208524256.08502
2025-07-07,2.2708,406522543.28426
2025-07-08,2.3108,243274438.91839
2025-07-09,2.4038,430696105.43214
2025-07-10,2.5471,518124516.29744
2025-07-11,2.7322,1686420297.77456
2025-07-12,2.7395,942433146.00476
2025-07-13,2.8361,734315044.62449
2025-07-14,2.9582,1306107613.19463
2025-07-15,2.919,876135273.94815
2025-07-16,3.038,816215592.9658
2025-07-17,3.4814,2128757999.408594
2025-07-18,3.4135,2134357921.939423
2025-07-19,3.4244,703152321.0151
2025-07-20,3.454,980886591.64219
2025-07-21,3.5495,921984407.31231
2025-07-22,3.5504,870975104.85711
2025-07-23,3.1838,1457586129.76382
2025-07-24,3.1453,1153018184.36765
2025-07-25,3.1423,722764506.5418
2025-07-26,3.1662,307355739.6897
2025-07-27,3.2389,417730767.23353
2025-07-28,3.1235,712789221.37273
2025-07-29,3.128,492226662.10514
2025-07-30,3.0966,537359368.14812
2025-07-31,3.0224,420102533.68383
2025-08-01,2.9613,776844279.75715
2025-08-02,2.7695,517122396.59234
2025-08-03,2.948,428642540.28723
2025-08-04,3.0716,497892197.09911
2025-08-05,2.9623,434220001.48929
2025-08-06,2.9908,338336033.16284
2025-08-07,3.3197,664683073.06994
2025-08-08,3.2859,906088512.11288
2025-08-09,3.2259,429960482.32511
2025-08-10,3.187,394427876.11695
2025-08-11,3.1295,720817949.89397
2025-08-12,3.2676,495632945.53978
2025-08-13,3.2744,631098137.98234
2025-08-14,3.0792,957150840.92371
2025-08-15,3.0779,416173245.39755
2025-08-16,3.1055,200967314.48386
2025-08-17,3.0877,207693595.90509
2025-08-18,3.0616,491582713.4588
2025-08-19,2.8608,441814217.90826
2025-08-20,2.9512,443141083.59139
2025-08-21,2.8519,265375827.20168
2025-08-22,3.0744,756680141.67969
2025-08-23,3.0485,312851396.2456
2025-08-24,3.0258,478627892.76714
2025-08-25,2.8584,516651925.35531
2025-08-26,3.0123,473684122.4472
2025-08-27,2.9688,373244514.9522
2025-08-28,2.9665,330930941.91631
2025-08-29,2.8195,484925782.40824
2025-08-30,2.8181,191313300.47443
2025-08-31,2.7757,159218563.44986
2025-09-01,2.7589,496207294.84045
2025-09-02,2.862,378125448.29701
2025-09-03,2.8443,275705151.28905
2025-09-04,2.7946,267173303.80852
2025-09-05,2.8147,342895699.44597
2025-09-06,2.8098,88181784.77706
2025-09-07,2.877,237845923.06924
2025-09-08,2.9697,357100825.89235
2025-09-09,2.9474,348474616.90628
2025-09-10,2.9834,254595352.64087
2025-09-11,3.0398,346200965.61326
2025-09-12,3.1054,399729991.30432
2025-09-13,3.1193,353633295.94383
2025-09-14,3.0279,264813571.07064
2025-09-15,2.9969,365716669.60396
2025-09-16,3.0376,232295040.69566
2025-09-17,3.0841,402038606.26675
2025-09-18,3.0735,375568570.86294
2025-09-19,2.9901,280653897.19982
2025-09-20,2.975,187146184.3628
2025-09-21,2.9701,136202072.65893
2025-09-22,2.8526,649499096.84506
2025-09-23,2.8247,286849193.23602
2025-09-24,2.9257,363496485.78589
2025-09-25,2.7435,553085511.60956
2025-09-26,2.7835,448119979.14279
2025-09-27,2.8047,124610959.09304
2025-09-28,2.8674,185001358.95664
2025-09-29,2.8801,335494346.18332
2025-09-30,2.8468,286480582.91276
2025-10-01,2.9485,396809364.15718
2025-10-02,3.0389,442317543.96961
2025-10-03,3.0401,382280908.83134
2025-10-04,2.9685,207321266.10311
2025-10-05,2.9697,318245690.32152
2025-10-06,2.9883,352104152.38073
2025-10-07,2.852,443920050.41119
2025-10-08,2.8797,247518098.06655
2025-10-09,2.8021,310379763.91407
2025-10-10,2.3704,1416016000.51225
2025-10-11,2.3819,909770588.80687
2025-10-12,2.5282,607237964.21932
2025-10-13,2.6052,558246044.00344
2025-10-14,2.5033,587762059.79276
2025-10-15,2.4109,363905099.1024
2025-10-16,2.328,467212723.60674
2025-10-17,2.2936,533049692.5888
2025-10-18,2.3596,164699862.1112
2025-10-19,2.3908,204746942.77784
2025-10-20,2.4948,325043707.31512
2025-10-21,2.4222,349446603.8966
2025-10-22,2.3647,314639214.69154
2025-10-23,2.3947,202214305.62803
2025-10-24,2.5103,276766703.76931
2025-10-25,2.5959,246949699.35457
2025-10-26,2.6461,220148409.4358
2025-10-27,2.634,301816650.99461
2025-10-28,2.6034,325741633.67731
2025-10-29,2.5502,333619686.1261
2025-10-30,2.4393,377157606.2916
2025-10-31,2.5097,289080627.19977
2025-11-01,2.5053,103930956.29276
2025-11-02,2.5267,129684074.86327
2025-11-03,2.3096,414201479.14369
2025-11-04,2.2053,771446660.12197
2025-11-05,2.3432,468286637.04496
2025-11-06,2.213,393700992.04894
2025-11-07,2.3154,401217238.3277
2025-11-08,2.2863,192268872.34323
2025-11-09,2.3662,198278601.16981
2025-11-10,2.526,494186025.29096
2025-11-11,2.3915,311862415.17771
2025-11-12,2.3879,337101476.81378
2025-11-13,2.3225,648161281.52071
2025-11-14,2.2443,503933839.45625
2025-11-15,2.2372,191008990.86777
2025-11-16,2.2149,279635280.28231
2025-11-17,2.1637,472212439.49585
2025-11-18,2.2172,409807060.60082
2025-11-19,2.1098,499124445.18076
2025-11-20,1.9999,606713707.73017
2025-11-21,1.9509,674481994.06328
2025-11-22,1.9509,178554276.05228
2025-11-23,2.0491,277919540.70653
2025-11-24,2.2276,449036243.07978
2025-11-25,2.2024,341969966.38068
2025-11-26,2.2233,241957772.47178
2025-11-27,2.1999,182415330.68697
2025-11-28,2.1795,311037589.06468
2025-11-29,2.2009,125384177.30394
2025-11-30,2.155,114977582.57313
2025-12-01,2.0297,355365694.67381
2025-12-02,2.1532,278033250.95284
2025-12-03,2.1976,243427331.82546
2025-12-04,2.096,216617251.44724
2025-12-05,2.0344,196417783.93917
2025-12-06,2.0309,88516862.0396
2025-12-07,2.0442,171442641.89825
2025-12-08,2.0724,183591495.3019
2025-12-09,2.1062,240316667.84854
2025-12-10,2.0418,259342035.77229
2025-12-11,2.034,251500084.80395
2025-12-12,2.0074,156851459.70608
2025-12-13,2.0227,89650356.06012
2025-12-14,1.9784,90071177.0555
2025-12-15,1.8981,224006702.35929
2025-12-16,1.9297,193014736.53332
2025-12-17,1.8627,213339007.05976
2025-12-18,1.8076,236200241.80635
2025-12-19,1.9092,268667251.35816
2025-12-20,1.9335,102570019.69904
2025-12-21,1.9223,101764349.86736
2025-12-22,1.9043,170541148.42268
2025-12-23,1.8734,146784418.82902
2025-12-24,1.8628,111432748.24416
2025-12-25,1.8326,86049091.66366
2025-12-26,1.8437,142650101.48219
2025-12-27,1.8735,57872471.63674
2025-12-28,1.8654,49683128.09448
2025-12-29,1.8508,132149106.78247
2025-12-30,1.8776,90287787.52763
2025-12-31,1.8423,108118689.1138
2026-01-01,1.8799,76213964.8482
2026-01-02,2.0069,247734472.67035
2026-01-03,2.0182,150077641.84672
2026-01-04,2.0909,235923401.78094
2026-01-05,2.3478,467707997.15885
2026-01-06,2.3042,629154170.10637
2026-01-07,2.1657,257626886.6184
2026-01-08,2.1232,331908879.48803
2026-01-09,2.0958,248795674.65699
2026-01-10,2.0907,66159954.8428
2026-01-11,2.0745,105268581.16162
2026-01-12,2.054,227894784.65359
2026-01-13,2.1655,238793131.74914
2026-01-14,2.1394,290541648.35856
2026-01-15,2.0789,187945040.68501
2026-01-16,2.0678,125412355.52278
2026-01-17,2.0631,64394685.22584
2026-01-18,1.9914,94798743.69225
2026-01-19,1.986,312427981.03306
2026-01-20,1.89,245625447.78919
2026-01-21,1.9476,284111499.09742
2026-01-22,1.9236,119394059.0727
2026-01-23,1.9196,146213015.14371
2026-01-24,1.9143,52127828.62802
2026-01-25,1.8356,169883447.84291
2026-01-26,1.9041,198359232.49118
2026-01-27,1.9158,122893037.08238
2026-01-28,1.9111,129267981.88222
2026-01-29,1.8076,273416046.53278
2026-01-30,1.7352,403078897.82779
2026-01-31,1.6472,538786646.36154
2026-02-01,1.5908,296003317.28224
2026-02-02,1.6198,348750978.95153
2026-02-03,1.5791,303156002.31118
2026-02-04,1.512,302037891.96737
2026-02-05,1.2146,961884169.58011
2026-02-06,1.4698,961321499.91777
2026-02-07,1.4231,391963977.31875
2026-02-08,1.4308,181400964.06214
2026-02-09,1.437,240567482.71765
2026-02-10,1.3999,160934265.97524
2026-02-11,1.3697,237549816.71376
2026-02-12,1.3635,160718927.05486
2026-02-13,1.4071,173410370.67896
2026-02-14,1.5094,165770321.82151
2026-02-15,1.4753,463522957.61473
2026-02-16,1.4876,215548748.40283
2026-02-17,1.4743,145124075.30722
2026-02-18,1.4219,125128541.3237
2026-02-19,1.4068,152529210.26218
2026-02-20,1.4292,175299418.00269
2026-02-21,1.4304,77755307.09025
2026-02-22,1.3932,85879449.58334
2026-02-23,1.3518,258694950.26527
2026-02-24,1.3482,186757096.36945
2026-02-25,1.4339,348960369.29078
2026-02-26,1.4027,228794325.21921
2026-02-27,1.3562,226953194.07107
2026-02-28,1.3762,304579284.42876
2026-03-01,1.3524,246775158.12428
2026-03-02,1.39,230093238.0767
2026-03-03,1.3607,184727686.85329
2026-03-04,1.4309,337526838.95515
2026-03-05,1.4037,168070295.6447
2026-03-06,1.3633,156762791.6806
2026-03-07,1.3567,65047821.55857
2026-03-08,1.34,107681979.34124
2026-03-09,1.3631,176631609.9395
2026-03-10,1.3863,247030406.6345
2026-03-11,1.3847,154308858.85668
2026-03-12,1.3846,123639723.83376
2026-03-13,1.3989,287964607.26107
2026-03-14,1.4063,81207160.82588
2026-03-15,1.4487,138928399.17402
2026-03-16,1.543,326441886.3163
2026-03-17,1.5182,357473896.14661
2026-03-18,1.4647,206568145.5128
2026-03-19,1.4475,172535664.7207
2026-03-20,1.4452,127186196.00855
2026-03-21,1.4086,82051700.57759
2026-03-22,1.3848,107926968.88544
2026-03-23,1.4323,241026917.0104
2026-03-24,1.416,145747579.47872
2026-03-25,1.4145,137712528.1866
2026-03-26,1.3609,179357164.90353
2026-03-27,1.3257,160042011.49069
2026-03-28,1.3333,71963543.71712
2026-03-29,1.3278,81235909.40779
2026-03-30,1.3242,134708860.12218
2026-03-31,1.3411,134339781.10057
2026-04-01,1.3478,117396721.33357
2026-04-02,1.32,173867551.12521
2026-04-03,1.3184,85394557.07847
2026-04-04,1.3153,39401337.81849
2026-04-05,1.3263,96722902.21271
2026-04-06,1.3212,139933245.70375
2026-04-07,1.3787,174155937.96025
2026-04-08,1.3428,170943407.16364
2026-04-09,1.3438,150403078.58352
2026-04-10,1.3559,107494166.28678
2026-04-11,1.3546,77319141.01944
2026-04-12,1.3247,93501469.37078
2026-04-13,1.3756,141726101.52109
2026-04-14,1.3617,141266984.85634
2026-04-15,1.3922,150547736.54314
2026-04-16,1.453,220870592.21472
2026-04-17,1.4757,228767880.59186
2026-04-18,1.4323,119546444.18719
2026-04-19,1.3942,128547268.86372
2026-04-20,1.4243,141269397.85089
2026-04-21,1.4334,121986052.30914
2026-04-22,1.4294,120841798.14579
2026-04-23,1.4386,131414155.33569
2026-04-24,1.4334,95105991.07739
2026-04-25,1.4238,37626803.97471
2026-04-26,1.4307,42837079.14942
2026-04-27,1.4007,103187233.14259
2026-04-28,1.3805,73657574.96158
2026-04-29,1.3691,102032839.77557
2026-04-30,1.3679,70046335.72061
2026-05-01,1.3858,83190350.48346
2026-05-02,1.3937,45906488.1872
2026-05-03,1.388,40704486.57748
2026-05-04,1.3918,116677475.6981
2026-05-05,1.4126,95247530.43709
2026-05-06,1.4249,139092108.68515
2026-05-07,1.3869,116191193.146
2026-05-08,1.4182,93047737.86844
2026-05-09,1.4205,82290245.74632
2026-05-10,1.4734,228192058.53491
2026-05-11,1.4776,173183036.55107
2026-05-12,1.437,152917084.75215
2026-05-13,1.4273,180862545.61828
2026-05-14,1.4852,301645366.06319
2026-05-15,1.434,180205731.61692
2026-05-16,1.4136,101247992.19282
2026-05-17,1.4016,95800657.06201
2026-05-18,1.39,143205324.09611
2026-05-19,1.3616,135243538.01752
2026-05-20,1.3672,94207115.44787
2026-05-21,1.3739,106947144.55662
2026-05-22,1.3345,124540929.44406
2026-05-23,1.3583,137286609.51775
2026-05-24,1.351,71399332.45425
2026-05-25,1.3503,78197829.61387
2026-05-26,1.3292,90439418.05153
2026-05-27,1.3076,103158012.26367
2026-05-28,1.3156,149427450.21787
2026-05-29,1.33,131831739.44788
2026-05-30,1.3408,109021117.25326
2026-05-31,1.333,58866931.9392
2026-06-01,1.2972,118478720.19612
2026-06-02,1.2117,201575660.83279
2026-06-03,1.2012,151607467.77834
2026-06-04,1.1688,218138958.51062
2026-06-05,1.0978,314025795.80748
2026-06-06,1.0934,153694280.00506
2026-06-07,1.1556,127503708.16034
2026-06-08,1.1683,133094134.81622
2026-06-09,1.1375,123014548.88578
2026-06-10,1.097,129947389.77941
2026-06-11,1.1428,105695778.63498
2026-06-12,1.1325,82667644.26597
2026-06-13,1.1507,51585358.54483
2026-06-14,1.1861,65142433.79448
2026-06-15,1.2382,242644757.28049
2026-06-16,1.2173,115884662.08178
2026-06-17,1.1868,129202512.54919
2026-06-18,1.1465,132334440.1769
2026-06-19,1.1359,82400582.24159
2026-06-20,1.1499,51884643.08675
2026-06-21,1.1248,54253318.58302
2026-06-22,1.1295,94935135.54182
2026-06-23,1.1103,83843475.12925
2026-06-24,1.0736,127554237.35123
2026-06-25,1.0435,142847481.36452
2026-06-26,1.049,150311239.1884
2026-06-27,1.0475,64795610.85185
2026-06-28,1.0485,47725370.94182
2026-06-29,1.059,99798218.50959
2026-06-30,1.0401,69109574.36645
2026-07-01,1.053,92299861.65795
2026-07-02,1.0881,97245655.83007
2026-07-03,1.1348,93842823.06575
2026-07-04,1.1574,104870425.52364
2026-07-05,1.1572,64031224.15318
2026-07-06,1.145,95489689.89542
2026-07-07,1.112,77943721.38227
2026-07-08,1.0908,96333430.69138
2026-07-09,1.0932,49657545.27641
2026-07-10,1.1046,64199377.053
2026-07-11,1.0967,36288359.21752
2026-07-12,1.0858,41996141.24658
2026-07-13,1.0675,76460932.61078
2026-07-14,1.1117,85600074.57823
2026-07-15,1.1133,72989937.94129
2026-07-16,1.0871,69575292.99862
2026-07-17,1.089,60033749.90466
2026-07-18,1.0929,23913121.26684
2026-07-19,1.0978,29423662.24582
2026-07-20,1.1124,71266686.27766
2026-07-21,1.1436,96364277.98484
2026-07-22,1.1421,58299627.78218
2026-07-23,1.1077,58475224.26876
2026-07-24,1.0919,55550176.53585
2026-07-25,1.0977,30181739.17424
2026-07-26,1.1131,26852900.13646
2026-07-27,1.0661,65808277.6589
2026-07-28,1.069,61724839.95165
2026-07-29,1.0737,90489222.28026
2026-07-30,1.0829,55411521.17456
2026-07-31,1.0619,57938767.0738
2026-08-01,1.0604,26421355.64248
2026-08-02,1.0869,36230905.41793
2026-08-03,1.0758,50338397.29263
2026-08-04,1.0739,42769691.81351
2026-08-05,1.0623,56846627.45232
2026-08-06,1.0351,82176574.72285
2026-08-07,1.021,84246123.88329
2026-08-08,1.0397,35572621.98997
2026-08-09,1.0299,30927367.07928
2026-08-10,1.0123,63609395.08722
2026-08-11,1.0229,80574268.52304
2026-08-12,1.0055,57055030.82502
2026-08-13,1.0094,44277833.85674
2026-08-14,0.9996,66024915.15774
2026-08-15,1.0028,20933493.07689
2026-08-16,0.9936,25229171.2796
2026-08-17,1.003,48299541.20788
2026-08-18,1.0019,45153957.98325
2026-08-19,1.106,197535790.13358
2026-08-20,1.2681,467203259.24142
2026-08-21,1.4544,607495221.04308
2026-08-22,1.4619,894036667.63745
2026-08-23,1.5204,380263545.99998
2026-08-24,1.4817,392626091.32354
2026-08-25,1.4343,335758996.24194
2026-08-26,1.4229,238596035.42056
2026-08-27,1.4534,225992209.8232
2026-08-28,1.3838,220045085.75402
2026-08-29,1.3964,69989254.52486
2026-08-30,1.3575,132348286.04095
2026-08-31,1.3798,131011314.36541
2026-09-01,1.3518,150200044.72291
2026-09-02,1.3511,155892066.48282
2026-09-03,1.4512,301760325.00787
2026-09-04,1.3985,229341561.65545
2026-09-05,1.4124,104518242.56093
2026-09-06,1.4235,100308137.27558
2026-09-07,1.3967,163450565.03973
2026-09-08,1.4171,186534081.4322
2026-09-09,1.395,200764927.87042
2026-09-10,1.3346,195001279.20579
2026-09-11,1.3564,237429382.48696
2026-09-12,1.3663,66334227.83589
2026-09-13,1.3412,80458041.69208
2026-09-14,1.4231,333816520.65354
2026-09-15,1.2833,420875433.90852
2026-09-16,1.2995,250415754.37002
2026-09-17,1.2964,157438476.98574
2026-09-18,1.3963,287928025.21112
2026-09-19,1.4104,260565668.2607
2026-09-20,1.4105,175281913.49909
2026-09-21,1.5363,496654233.70288
2026-09-22,1.5727,477823347.13132
2026-09-23,1.501,499673407.45481
2026-09-24,1.5348,296261421.47513
2026-09-25,1.5685,538764479.31241
2026-09-26,1.5274,181135648.39195
2026-09-27,1.5167,173509013.61734
2026-09-28,1.4968,283162448.44635
2026-09-29,1.4906,285945986.80544
2026-09-30,1.49,227000051.15465
2026-10-01,1.4939,169889610.42734
